kategori,urun_fiyati,indirim_orani,sepetteki_urun_sayisi,beden_tablosuna_bakti,onceki_siparis_sayisi,onceki_iade_orani,musteri_yasi,urun_puani,teslimat_suresi_gun,odeme_yontemi,kampanya_gunu,siparis_saati,iade_edildi
Ev,560.0,0.2,2,0,0,,,3.8,2,Kapida odeme,0,2,0
Ayakkabi,710.0,0.2,3,0,1,0.2,54.0,3.3,3,Kapida odeme,0,22,1
Ev,1650.0,0.2,1,0,9,0.09,24.0,,2,Kapida odeme,0,13,1
Ev,2680.0,0.0,2,0,15,0.04,34.0,4.1,4,Kart,0,2,0
Giyim,520.0,0.0,2,1,1,0.12,30.0,4.2,5,Kart,0,9,0
Kozmetik,190.0,0.3,2,0,4,0.1,21.0,4.6,3,Kart,0,8,0
Ev,330.0,0.1,2,0,3,0.15,43.0,4.5,5,Kart,0,7,1
Ev,810.0,0.1,2,0,7,0.32,,4.2,2,Kart,0,18,0
Giyim,560.0,0.0,1,0,3,0.21,36.0,4.0,2,Kapida odeme,0,7,1
Ayakkabi,1040.0,0.0,2,0,3,0.01,28.0,3.5,6,Kart,0,12,1
Ayakkabi,1550.0,0.5,2,0,0,,40.0,3.8,1,Kart,0,23,1
Kozmetik,420.0,0.2,4,0,5,0.16,31.0,,5,Kart,0,19,0
Elektronik,5200.0,0.0,2,0,10,0.02,39.0,5.0,4,Kart,1,10,0
Ev,780.0,0.5,3,0,5,0.19,,5.0,3,Kart,0,12,0
Ayakkabi,850.0,0.1,2,0,2,0.06,18.0,,3,Kart,0,11,0
Giyim,880.0,0.0,3,1,0,,44.0,4.4,6,Kart,0,4,1
Elektronik,4530.0,0.0,4,0,19,0.27,58.0,3.6,4,Kart,0,14,0
Giyim,970.0,0.2,3,1,4,0.04,51.0,4.3,4,Kapida odeme,0,5,0
Ev,1280.0,0.0,2,0,0,,42.0,4.0,2,Kart,0,21,0
Elektronik,2370.0,0.1,3,0,5,0.14,46.0,4.1,4,Kart,1,21,0
Ev,470.0,0.2,2,0,1,0.14,26.0,4.7,2,Kart,1,0,0
Ayakkabi,1000.0,0.0,4,1,12,0.05,,4.4,6,Kapida odeme,0,9,0
Kozmetik,220.0,0.5,1,0,0,,33.0,,3,Kart,1,5,0
Kozmetik,490.0,0.0,3,0,5,0.09,29.0,4.4,2,Kart,1,11,0
Ev,1050.0,0.0,2,0,0,,44.0,3.9,4,Kart,0,22,0
Giyim,1070.0,0.2,2,0,10,0.22,32.0,,3,Kart,0,19,1
Ayakkabi,1670.0,0.1,2,0,4,0.03,18.0,4.1,4,Kart,0,14,1
Giyim,710.0,0.0,1,0,8,0.07,,,6,Kart,1,20,1
Giyim,1120.0,0.1,3,1,1,0.36,,4.0,5,Kart,1,12,1
Ev,1110.0,0.3,3,0,0,,,3.9,4,Kart,0,8,0
Ev,930.0,0.3,1,0,4,0.01,,4.2,4,Kapida odeme,0,13,0
Kozmetik,680.0,0.3,3,0,0,,18.0,4.8,4,Kart,0,3,0
Giyim,680.0,0.0,3,1,1,0.03,24.0,3.3,4,Kart,0,14,1
Ayakkabi,1220.0,0.0,2,0,4,0.22,25.0,3.6,3,Kapida odeme,0,2,1
Ayakkabi,960.0,0.1,4,0,3,0.08,,4.3,9,Kart,0,13,1
Giyim,890.0,0.0,2,0,3,0.11,,3.4,6,Kart,0,21,1
Giyim,1130.0,0.2,1,1,2,0.07,41.0,3.6,6,Kart,0,0,1
Ayakkabi,1370.0,0.0,1,1,2,0.17,,5.0,3,Kart,0,13,0
Giyim,1170.0,0.0,1,1,5,0.12,43.0,4.5,3,Kapida odeme,1,14,0
Elektronik,1850.0,0.0,2,0,2,0.26,,5.0,4,Kart,0,9,0
Ayakkabi,1370.0,0.0,1,1,5,0.11,,3.4,4,Kart,0,16,1
Ev,880.0,0.0,2,0,28,0.33,34.0,5.0,5,Kapida odeme,0,9,0
Ev,650.0,0.1,1,0,11,0.28,31.0,3.6,3,Kart,0,22,0
Giyim,1900.0,0.1,1,1,14,0.01,40.0,4.6,7,Kart,0,17,0
Ev,870.0,0.0,1,0,3,0.27,33.0,3.2,6,Kart,0,11,1
Ev,750.0,0.0,4,0,5,0.01,,4.3,2,Kart,0,6,0
Ayakkabi,1420.0,0.3,3,0,21,0.22,18.0,,3,Kart,0,16,1
Giyim,260.0,0.0,2,1,13,0.38,38.0,4.0,3,Kart,0,15,0
Ev,640.0,0.1,2,0,7,0.77,53.0,3.6,4,Kart,0,22,0
Giyim,1010.0,0.1,1,0,14,0.09,29.0,4.1,3,Kart,0,10,1
Giyim,490.0,0.1,2,0,0,,41.0,4.3,3,Kart,0,17,1
Giyim,450.0,0.3,3,0,4,0.36,26.0,,1,Kapida odeme,0,8,1
Ev,1620.0,0.1,1,0,2,0.02,44.0,4.1,6,Kart,0,14,0
Elektronik,8230.0,0.5,2,0,4,0.14,39.0,4.2,2,Kart,0,13,0
Ev,1140.0,0.3,4,0,9,0.3,30.0,4.4,2,Kart,1,1,0
Ev,730.0,0.0,3,0,7,0.18,,3.5,4,Kart,0,16,0
Ayakkabi,1260.0,0.0,1,1,4,0.22,40.0,3.9,3,Kart,0,22,0
Elektronik,3130.0,0.0,1,0,3,0.2,34.0,4.3,3,Kart,0,12,1
Giyim,420.0,0.0,3,0,10,0.16,,4.0,2,Kapida odeme,0,22,1
Giyim,410.0,0.1,3,0,8,0.15,19.0,3.7,4,Kart,0,17,1
Elektronik,3410.0,0.0,1,0,0,,40.0,4.6,3,Kart,1,9,0
Ayakkabi,880.0,0.0,4,0,1,0.23,26.0,4.6,3,Kart,0,8,0
Elektronik,2230.0,0.0,4,0,1,0.07,34.0,4.5,3,Kart,0,19,0
Ev,990.0,0.2,4,0,6,0.06,40.0,4.0,3,Kart,0,6,0
Elektronik,5000.0,0.2,3,0,7,0.25,,4.1,4,Kart,0,12,0
Elektronik,9670.0,0.5,2,0,17,0.18,,4.8,3,Kart,0,12,0
Elektronik,3330.0,0.0,1,0,26,0.22,50.0,,2,Kapida odeme,0,11,0
Giyim,740.0,0.0,2,0,0,,,4.8,3,Kapida odeme,0,8,1
Giyim,750.0,0.5,1,0,2,0.11,,4.2,4,Kart,0,18,0
Ayakkabi,1250.0,0.2,3,0,1,0.08,59.0,,2,Kart,0,21,1
Giyim,910.0,0.1,2,1,8,0.09,36.0,4.5,3,Kapida odeme,0,18,0
Ayakkabi,1980.0,0.1,2,1,7,0.39,25.0,4.8,2,Kapida odeme,0,15,0
Ev,1040.0,0.0,2,0,8,0.27,,3.2,6,Kart,1,10,0
Giyim,580.0,0.3,2,0,11,0.44,32.0,4.3,3,Kart,0,10,0
Giyim,550.0,0.1,2,0,3,0.08,35.0,4.6,5,Kart,0,19,0
Giyim,350.0,0.1,1,0,3,0.11,41.0,4.7,3,Kart,0,20,0
Giyim,450.0,0.1,1,1,15,0.12,42.0,4.0,1,Kart,0,3,0
Elektronik,3400.0,0.0,2,0,1,0.09,18.0,4.4,3,Kart,0,22,0
Elektronik,2710.0,0.0,1,0,14,0.14,46.0,4.5,5,Kart,0,15,0
Ev,1100.0,0.2,1,0,3,0.41,37.0,4.8,4,Kart,0,10,0
Elektronik,7710.0,0.1,4,0,12,0.13,28.0,4.4,4,Kart,0,6,0
Ayakkabi,930.0,0.0,3,0,4,0.12,,4.3,2,Kart,0,15,0
Ev,1020.0,0.0,3,0,8,0.2,23.0,4.1,1,Kapida odeme,1,14,0
Giyim,410.0,0.5,2,1,0,,24.0,,1,Kart,0,8,1
Giyim,570.0,0.0,4,1,3,0.45,45.0,4.8,6,Kart,1,10,1
Giyim,480.0,0.0,3,0,13,0.26,,4.7,3,Kart,0,11,1
Ev,1180.0,0.1,5,0,3,0.08,50.0,4.5,5,Kart,0,7,0
Ayakkabi,1030.0,0.3,1,0,10,0.12,27.0,4.3,3,Kart,0,13,0
Giyim,1020.0,0.2,1,1,2,0.09,,3.9,2,Kart,0,20,0
Ayakkabi,1250.0,0.3,1,0,5,0.18,38.0,3.9,5,Kart,0,6,0
Giyim,490.0,0.0,3,0,2,0.17,,4.7,2,Kart,0,3,0
Ev,510.0,0.5,2,0,2,0.08,40.0,4.7,4,Kapida odeme,0,19,0
Ayakkabi,1570.0,0.3,2,1,8,0.09,39.0,,3,Kapida odeme,0,23,0
Ayakkabi,2090.0,0.1,2,0,6,0.03,34.0,,2,Kart,1,4,0
Giyim,740.0,0.1,3,1,7,0.17,18.0,4.3,3,Kart,0,20,1
Elektronik,12320.0,0.0,3,0,3,0.09,,4.7,3,Kapida odeme,0,20,1
Ayakkabi,2660.0,0.0,3,1,2,0.05,18.0,4.5,3,Kart,0,21,0
Giyim,570.0,0.0,3,0,0,,22.0,4.0,3,Kart,0,3,1
Giyim,560.0,0.0,1,0,3,0.1,27.0,4.4,3,Kapida odeme,0,23,0
Kozmetik,430.0,0.5,2,0,5,0.12,43.0,3.5,2,Kart,0,20,0
Kozmetik,240.0,0.0,1,0,7,0.34,32.0,3.9,3,Kart,1,8,0
Ev,1520.0,0.1,2,0,1,0.3,,3.4,7,Kart,1,21,0
Giyim,760.0,0.0,1,0,1,0.29,20.0,3.8,4,Kart,0,14,0
Kozmetik,390.0,0.0,2,0,16,0.5,,3.9,5,Kart,0,7,0
Ev,1230.0,0.0,3,0,9,0.09,18.0,3.3,2,Kapida odeme,0,4,0
Ev,1950.0,0.0,1,0,7,0.2,23.0,4.7,4,Kapida odeme,0,19,0
Ayakkabi,1510.0,0.1,2,1,8,0.13,28.0,,2,Kart,0,1,0
Giyim,620.0,0.5,3,1,14,0.19,49.0,4.1,5,Kapida odeme,0,5,1
Giyim,1280.0,0.0,3,1,2,0.28,,3.8,4,Kart,0,10,0
Kozmetik,540.0,0.5,3,0,11,0.13,36.0,4.5,4,Kart,0,10,0
Ayakkabi,1210.0,0.2,1,1,6,0.17,31.0,4.8,3,Kart,1,6,0
Giyim,650.0,0.1,1,0,15,0.06,,4.4,3,Kapida odeme,0,14,0
Giyim,710.0,0.0,2,1,5,0.05,47.0,4.4,1,Kapida odeme,1,22,1
Elektronik,5300.0,0.0,3,0,0,,28.0,3.3,4,Kart,0,23,0
Giyim,350.0,0.3,2,0,2,0.2,29.0,4.2,3,Kapida odeme,1,7,1
Ev,450.0,0.1,3,0,1,0.13,30.0,4.5,5,Kart,0,9,0
Ev,600.0,0.0,3,0,2,0.09,18.0,4.7,3,Kart,1,11,0
Ev,580.0,0.3,2,0,13,0.26,46.0,4.5,2,Kart,1,4,0
Ayakkabi,1050.0,0.0,5,1,0,,28.0,5.0,3,Kart,0,16,1
Elektronik,5990.0,0.2,2,0,4,0.25,31.0,3.9,3,Kart,0,22,0
Elektronik,4170.0,0.0,2,0,16,0.05,49.0,3.9,5,Kart,0,22,0
Elektronik,4920.0,0.5,1,0,5,0.05,,4.4,3,Kapida odeme,0,7,0
Giyim,370.0,0.0,1,0,4,0.04,47.0,4.8,3,Kart,0,7,0
Ayakkabi,1140.0,0.0,1,1,4,0.05,18.0,4.8,2,Kart,0,19,0
Giyim,850.0,0.2,1,1,18,0.12,40.0,,3,Kart,0,7,1
Ayakkabi,1830.0,0.0,1,0,5,0.04,30.0,,4,Kart,0,23,1
Giyim,470.0,0.5,3,0,0,,,4.6,5,Kapida odeme,0,14,1
Giyim,700.0,0.2,3,0,2,0.1,23.0,,4,Kart,0,20,1
Giyim,1750.0,0.0,2,1,2,0.39,35.0,4.5,5,Kart,0,1,1
Elektronik,4460.0,0.0,2,0,0,,24.0,4.2,1,Kart,0,5,0
Giyim,480.0,0.5,4,0,3,0.46,38.0,2.8,1,Kart,0,14,1
Kozmetik,320.0,0.1,3,0,0,,27.0,5.0,4,Kart,0,0,0
Elektronik,4690.0,0.3,1,0,0,,,4.5,7,Kart,0,13,0
Giyim,610.0,0.0,2,1,1,0.22,44.0,3.8,1,Kart,1,21,0
Elektronik,4440.0,0.5,2,0,2,0.44,37.0,4.1,4,Kart,0,10,0
Giyim,340.0,0.1,4,1,1,0.6,18.0,4.3,2,Kart,0,22,0
Kozmetik,230.0,0.2,3,0,1,0.04,41.0,4.4,2,Kapida odeme,0,21,0
Ayakkabi,1310.0,0.0,2,1,3,0.03,35.0,3.6,3,Kart,0,6,0
Ev,840.0,0.0,3,0,2,0.19,30.0,3.8,2,Kapida odeme,0,21,0
Giyim,500.0,0.5,7,1,1,0.22,30.0,4.4,2,Kart,0,15,1
Ayakkabi,1290.0,0.5,2,0,2,0.28,47.0,3.9,3,Kart,0,6,1
Ayakkabi,1440.0,0.0,1,0,0,,37.0,3.4,2,Kart,0,1,1
Kozmetik,520.0,0.5,1,0,37,0.04,48.0,3.8,2,Kart,0,3,0
Elektronik,4300.0,0.0,2,0,3,0.05,39.0,4.2,4,Kart,0,13,0
Ayakkabi,1680.0,0.0,1,0,2,0.02,36.0,3.5,4,Kapida odeme,0,12,1
Giyim,510.0,0.0,1,1,6,0.02,26.0,4.9,3,Kapida odeme,1,17,0
Giyim,840.0,0.0,4,0,1,0.1,36.0,4.7,4,Kart,0,2,1
Ayakkabi,1660.0,0.0,1,1,15,0.15,44.0,4.6,4,Kapida odeme,1,6,1
Ayakkabi,2070.0,0.0,2,0,7,0.05,35.0,4.2,3,Kapida odeme,0,23,0
Giyim,900.0,0.0,4,0,10,0.08,53.0,,8,Kart,0,4,1
Ev,1170.0,0.2,1,0,13,0.02,,3.8,1,Kart,0,19,0
Kozmetik,330.0,0.3,2,0,18,0.34,22.0,4.8,5,Kart,1,9,0
Giyim,730.0,0.2,3,1,9,0.36,29.0,3.8,3,Kart,0,17,0
Elektronik,7260.0,0.0,1,0,4,0.05,41.0,4.2,6,Kapida odeme,1,23,0
Giyim,480.0,0.2,2,0,0,,,4.1,5,Kart,0,19,0
Elektronik,3390.0,0.0,4,0,6,0.42,33.0,,6,Kapida odeme,1,1,1
Giyim,710.0,0.2,1,1,2,0.27,,4.1,1,Kapida odeme,0,1,1
Elektronik,5420.0,0.1,4,0,7,0.11,34.0,4.1,4,Kart,0,6,0
Ev,620.0,0.0,2,0,22,0.49,,4.0,9,Kart,0,13,1
Ev,870.0,0.0,3,0,4,0.23,45.0,4.1,3,Kart,0,0,0
Giyim,620.0,0.3,2,1,2,0.32,29.0,4.1,4,Kart,0,11,0
Kozmetik,130.0,0.5,1,0,3,0.16,,3.8,1,Kart,0,11,0
Giyim,590.0,0.2,1,0,3,0.28,19.0,3.6,2,Kart,0,21,1
Giyim,610.0,0.5,3,1,10,0.11,31.0,4.0,2,Kart,0,22,0
Elektronik,4190.0,0.5,1,0,0,,21.0,,4,Kart,0,7,0
Ayakkabi,2650.0,0.0,1,1,15,0.01,46.0,4.2,2,Kapida odeme,0,21,0
Ev,520.0,0.2,1,0,17,0.07,26.0,3.7,1,Kapida odeme,0,8,0
Ev,620.0,0.0,2,0,7,0.06,33.0,3.3,3,Kart,0,15,0
Giyim,200.0,0.1,1,0,25,0.08,38.0,4.9,6,Kart,0,9,0
Kozmetik,280.0,0.0,1,0,7,0.22,27.0,,4,Kart,0,0,1
Giyim,540.0,0.5,3,1,6,0.2,22.0,3.2,3,Kapida odeme,0,21,1
Ayakkabi,1110.0,0.2,3,0,0,,,4.5,5,Kapida odeme,0,1,1
Giyim,1070.0,0.0,3,1,3,0.36,18.0,,5,Kapida odeme,0,1,1
Kozmetik,520.0,0.0,4,0,5,0.39,47.0,4.2,6,Kart,0,7,0
Giyim,670.0,0.0,3,1,2,0.07,33.0,4.3,5,Kart,0,14,0
Giyim,550.0,0.2,1,0,0,,19.0,4.6,10,Kart,0,19,1
Ayakkabi,2220.0,0.5,1,1,2,0.23,,4.3,2,Kart,0,3,0
Kozmetik,350.0,0.0,3,0,1,0.1,40.0,3.5,1,Kart,0,11,0
Kozmetik,240.0,0.1,3,0,1,0.16,26.0,3.6,4,Kart,0,22,0
Ev,420.0,0.1,1,0,6,0.35,18.0,3.5,2,Kapida odeme,0,15,1
Kozmetik,290.0,0.0,1,0,6,0.13,33.0,3.9,5,Kart,0,5,0
Kozmetik,490.0,0.1,2,0,5,0.31,,4.3,3,Kapida odeme,0,20,0
Ayakkabi,3900.0,0.0,1,1,1,0.4,36.0,3.8,4,Kapida odeme,1,22,1
Giyim,670.0,0.0,3,0,11,0.42,38.0,3.9,2,Kart,0,1,1
Ev,640.0,0.0,4,0,14,0.08,,3.8,6,Kart,0,9,0
Elektronik,2640.0,0.3,1,0,10,0.03,50.0,3.9,4,Kart,0,9,0
Ayakkabi,1790.0,0.0,1,0,10,0.06,18.0,4.5,3,Kapida odeme,1,23,0
Giyim,290.0,0.0,1,0,9,0.33,21.0,4.0,1,Kart,0,12,0
Ev,1150.0,0.2,3,0,1,0.12,36.0,,2,Kart,1,9,0
Giyim,940.0,0.5,2,1,16,0.38,37.0,3.9,5,Kart,0,21,0
Kozmetik,430.0,0.1,1,0,3,0.34,19.0,,5,Kart,1,3,0
Giyim,590.0,0.0,1,1,9,0.49,26.0,4.1,4,Kapida odeme,0,15,1
Giyim,840.0,0.2,2,1,1,0.2,51.0,4.3,4,Kart,0,16,0
Ev,970.0,0.0,2,0,8,0.39,30.0,4.4,4,Kart,0,23,0
Giyim,460.0,0.2,2,0,1,0.06,36.0,4.2,3,Kart,0,0,0
Giyim,1490.0,0.0,2,0,1,0.03,52.0,5.0,6,Kart,0,9,0
Elektronik,3840.0,0.0,2,0,1,0.27,35.0,4.9,3,Kart,0,23,0
Ev,1280.0,0.0,1,0,11,0.28,42.0,,4,Kart,0,7,0
Giyim,220.0,0.2,2,1,0,,40.0,,3,Kart,0,1,0
Giyim,1150.0,0.0,2,0,12,0.16,31.0,,4,Kart,0,3,1
Ev,1740.0,0.0,2,0,11,0.25,30.0,3.6,2,Kapida odeme,0,8,0
Kozmetik,350.0,0.1,4,0,4,0.14,46.0,,4,Kart,0,8,0
Ayakkabi,1800.0,0.2,2,1,1,0.23,34.0,4.3,2,Kart,0,21,0
Giyim,840.0,0.0,2,1,7,0.2,24.0,,2,Kart,0,8,1
Giyim,490.0,0.2,3,0,1,0.08,45.0,3.1,4,Kapida odeme,0,12,1
Giyim,830.0,0.2,1,1,6,0.12,18.0,4.2,1,Kart,1,10,0
Giyim,450.0,0.0,2,0,7,0.05,50.0,4.2,4,Kart,0,3,0
Elektronik,3420.0,0.5,2,0,1,0.06,,3.9,6,Kart,1,16,0
Giyim,1080.0,0.3,3,0,4,0.04,34.0,4.9,3,Kart,0,10,0
Ayakkabi,2170.0,0.0,1,0,5,0.24,35.0,,3,Kapida odeme,1,0,1
Ev,650.0,0.0,2,0,4,0.37,47.0,4.0,6,Kart,0,5,0
Elektronik,3230.0,0.0,1,0,9,0.34,36.0,4.2,4,Kart,1,22,0
Giyim,490.0,0.0,1,0,0,,34.0,,7,Kart,0,21,1
Ev,1250.0,0.1,2,0,2,0.28,24.0,3.8,2,Kart,0,3,0
Ev,570.0,0.3,3,0,4,0.34,27.0,2.9,2,Kart,0,4,0
Ev,1060.0,0.3,2,0,1,0.18,40.0,4.4,1,Kart,0,23,0
Giyim,910.0,0.0,4,0,11,0.24,,4.6,7,Kart,0,20,0
Giyim,620.0,0.0,2,0,26,0.19,51.0,4.3,2,Kapida odeme,0,7,1
Kozmetik,550.0,0.0,2,0,14,0.11,26.0,4.3,2,Kapida odeme,1,22,0
Ayakkabi,1220.0,0.1,3,1,3,0.2,22.0,4.1,10,Kart,0,4,0
Giyim,590.0,0.0,2,1,10,0.05,37.0,,2,Kart,0,0,0
Ayakkabi,900.0,0.5,1,1,8,0.05,33.0,4.1,4,Kart,0,17,0
Elektronik,7110.0,0.3,3,0,2,0.27,22.0,4.6,3,Kart,0,20,0
Kozmetik,250.0,0.0,2,0,9,0.15,,4.5,2,Kart,0,5,0
Giyim,760.0,0.2,2,1,4,0.27,41.0,3.6,2,Kapida odeme,0,14,0
Kozmetik,340.0,0.1,5,0,1,0.09,21.0,4.5,1,Kart,0,14,0
Giyim,400.0,0.3,4,1,16,0.4,23.0,3.7,4,Kart,0,22,1
Elektronik,3420.0,0.1,2,0,2,0.37,27.0,3.9,6,Kart,0,19,0
Elektronik,8380.0,0.0,4,0,1,0.25,27.0,,1,Kart,0,12,0
Giyim,710.0,0.1,1,0,0,,42.0,4.7,5,Kart,0,17,1
Giyim,410.0,0.0,4,0,0,,28.0,3.9,3,Kart,0,2,1
Ayakkabi,1610.0,0.1,3,0,10,0.32,50.0,4.3,3,Kapida odeme,0,20,1
Kozmetik,330.0,0.0,1,0,5,0.04,24.0,3.5,5,Kapida odeme,0,2,0
Elektronik,21290.0,0.2,2,0,3,0.13,38.0,4.1,1,Kart,0,6,0
Kozmetik,400.0,0.3,3,0,3,0.11,34.0,,5,Kart,0,1,0
Ev,760.0,0.0,1,0,2,0.1,,4.7,2,Kart,0,14,0
Ayakkabi,2650.0,0.0,5,0,3,0.15,18.0,3.8,5,Kart,0,2,1
Ev,390.0,0.2,3,0,4,0.12,23.0,3.5,10,Kart,0,9,0
Giyim,680.0,0.0,1,0,5,0.17,,4.0,3,Kart,0,17,0
Giyim,1590.0,0.1,1,0,1,0.06,,,4,Kart,0,8,0
Ev,850.0,0.2,2,0,1,0.17,18.0,4.3,3,Kart,1,12,0
Ev,410.0,0.0,4,0,6,0.1,22.0,4.8,6,Kart,0,19,0
Giyim,540.0,0.3,2,1,0,,37.0,4.0,5,Kapida odeme,0,6,1
Elektronik,8660.0,0.1,3,0,8,0.24,39.0,4.3,2,Kart,1,10,1
Elektronik,5330.0,0.1,2,0,2,0.2,22.0,4.1,2,Kart,0,21,0
Ev,620.0,0.0,2,0,0,,32.0,4.4,3,Kart,0,4,0
Elektronik,3310.0,0.0,3,0,3,0.14,38.0,,2,Kart,0,6,0
Ayakkabi,1090.0,0.0,2,0,5,0.25,47.0,4.2,3,Kapida odeme,1,23,1
Ayakkabi,1650.0,0.3,2,1,9,0.07,47.0,4.6,3,Kart,0,4,0
Ayakkabi,2560.0,0.3,2,0,8,0.02,,3.8,4,Kart,0,8,0
Elektronik,7230.0,0.3,2,0,2,0.05,,4.1,3,Kapida odeme,0,22,0
Ev,1100.0,0.0,2,0,5,0.27,34.0,4.2,3,Kart,0,21,0
Ayakkabi,770.0,0.1,3,0,5,0.08,35.0,3.5,3,Kapida odeme,0,14,0
Giyim,360.0,0.2,3,0,1,0.06,,4.5,2,Kart,0,10,0
Giyim,830.0,0.2,2,0,11,0.38,20.0,3.9,4,Kart,0,18,1
Ev,490.0,0.0,2,0,1,0.03,,4.2,1,Kart,0,11,0
Ev,810.0,0.3,2,0,0,,38.0,4.5,4,Kart,0,7,0
Giyim,750.0,0.0,2,0,11,0.16,43.0,4.5,2,Kart,1,21,0
Giyim,390.0,0.0,2,1,7,0.12,41.0,3.6,2,Kart,1,12,0
Elektronik,2840.0,0.3,2,0,0,,30.0,4.4,3,Kart,0,19,0
Giyim,620.0,0.1,1,0,2,0.25,,4.6,3,Kart,0,9,0
Ev,1130.0,0.0,1,0,13,0.04,42.0,,6,Kart,0,4,0
Giyim,1050.0,0.1,2,1,4,0.05,41.0,,3,Kart,0,19,0
Giyim,850.0,0.5,3,1,0,,37.0,,2,Kart,0,7,1
Kozmetik,360.0,0.0,1,0,0,,,4.4,3,Kart,0,21,0
Giyim,460.0,0.2,1,1,6,0.09,28.0,4.6,1,Kart,0,9,0
Giyim,400.0,0.0,1,0,12,0.13,31.0,,2,Kart,0,8,1
Giyim,520.0,0.0,3,0,4,0.34,36.0,3.8,3,Kart,0,16,1
Giyim,780.0,0.0,1,1,2,0.36,29.0,4.7,3,Kart,0,22,0
Giyim,760.0,0.1,2,1,6,0.12,32.0,4.0,6,Kart,0,14,0
Giyim,250.0,0.0,3,0,5,0.18,,3.5,3,Kart,0,6,1
Giyim,460.0,0.0,3,0,9,0.13,28.0,4.1,2,Kart,0,13,1
Giyim,1120.0,0.1,4,1,0,,28.0,,3,Kart,0,4,1
Elektronik,4660.0,0.1,4,0,0,,40.0,4.3,5,Kart,0,16,1
Ev,480.0,0.2,2,0,5,0.22,21.0,,2,Kart,1,15,1
Ayakkabi,4040.0,0.3,1,1,5,0.06,33.0,5.0,2,Kart,0,3,0
Giyim,640.0,0.0,2,1,2,0.03,33.0,3.8,3,Kart,0,17,0
Ayakkabi,1660.0,0.0,2,1,4,0.09,40.0,3.3,2,Kart,0,14,1
Ev,1080.0,0.1,3,0,0,,42.0,3.5,3,Kapida odeme,0,18,0
Ev,760.0,0.1,1,0,1,0.19,,,2,Kart,0,10,0
Giyim,470.0,0.0,3,0,2,0.24,33.0,4.4,2,Kart,0,12,0
Giyim,1690.0,0.0,1,0,6,0.2,34.0,4.1,5,Kart,0,23,1
Giyim,1020.0,0.0,1,1,4,0.07,31.0,4.3,3,Kart,0,4,0
Giyim,940.0,0.0,1,1,6,0.23,47.0,3.9,4,Kart,0,15,0
Elektronik,5830.0,0.5,1,0,5,0.17,39.0,4.4,3,Kart,0,23,0
Ayakkabi,890.0,0.1,2,1,2,0.43,47.0,3.5,1,Kart,0,6,1
Giyim,1160.0,0.0,1,0,6,0.1,25.0,4.3,3,Kapida odeme,1,0,0
Ayakkabi,960.0,0.1,3,0,7,0.06,47.0,4.5,3,Kapida odeme,0,22,1
Ayakkabi,1590.0,0.2,3,0,15,0.24,35.0,3.8,5,Kapida odeme,0,5,1
Giyim,310.0,0.0,1,1,4,0.03,41.0,4.9,2,Kart,0,1,0
Ev,360.0,0.0,4,0,2,0.18,18.0,,4,Kart,0,18,0
Giyim,750.0,0.2,3,0,3,0.07,,4.5,5,Kart,0,13,1
Kozmetik,240.0,0.0,2,0,4,0.21,38.0,,6,Kart,0,12,0
Giyim,270.0,0.1,1,0,6,0.11,53.0,3.8,3,Kart,0,17,0
Ev,1150.0,0.1,3,0,3,0.09,45.0,4.3,4,Kart,0,20,0
Kozmetik,910.0,0.2,2,0,6,0.28,,3.8,5,Kapida odeme,0,14,0
Kozmetik,650.0,0.5,2,0,6,0.32,49.0,4.3,5,Kart,0,6,0
Ev,800.0,0.2,2,0,4,0.09,36.0,4.1,4,Kart,0,20,0
Ev,900.0,0.1,2,0,3,0.14,40.0,4.2,2,Kapida odeme,0,3,0
Elektronik,6710.0,0.0,3,0,4,0.13,39.0,3.9,1,Kart,1,9,0
Ev,1490.0,0.1,1,0,11,0.18,33.0,3.9,2,Kapida odeme,0,0,0
Giyim,560.0,0.3,2,1,7,0.48,30.0,,4,Kart,0,20,1
Elektronik,4570.0,0.5,3,0,0,,41.0,4.5,5,Kart,0,7,0
Ayakkabi,1600.0,0.3,3,0,34,0.23,26.0,4.9,3,Kapida odeme,0,8,1
Ev,1150.0,0.0,1,0,9,0.18,34.0,5.0,3,Kapida odeme,1,4,0
Ayakkabi,1320.0,0.2,2,1,5,0.06,48.0,4.6,4,Kart,0,18,0
Ayakkabi,1330.0,0.3,1,1,4,0.04,22.0,4.2,5,Kart,0,19,0
Elektronik,8370.0,0.2,2,0,5,0.33,32.0,4.6,4,Kapida odeme,1,13,0
Giyim,1120.0,0.2,2,1,0,,46.0,4.3,5,Kart,0,21,0
Giyim,810.0,0.1,2,1,7,0.04,26.0,4.0,1,Kart,0,0,0
Ayakkabi,3030.0,0.1,2,0,2,0.1,18.0,5.0,3,Kart,0,10,0
Ayakkabi,1180.0,0.0,3,0,2,0.11,18.0,4.6,3,Kart,0,15,1
Giyim,1350.0,0.0,3,1,5,0.09,29.0,3.9,2,Kapida odeme,0,5,0
Ayakkabi,1790.0,0.3,2,1,18,0.33,51.0,4.6,5,Kapida odeme,1,13,1
Ayakkabi,6100.0,0.5,4,0,8,0.18,26.0,4.5,3,Kart,0,23,1
Giyim,380.0,0.3,2,0,5,0.13,,3.8,8,Kart,1,6,0
Ayakkabi,1030.0,0.0,2,0,4,0.06,35.0,4.2,8,Kart,0,13,0
Ev,1090.0,0.0,1,0,1,0.0,45.0,4.2,9,Kart,0,15,0
Giyim,780.0,0.0,3,0,8,0.45,43.0,3.0,5,Kart,1,9,1
Kozmetik,840.0,0.3,4,0,6,0.08,32.0,,4,Kart,0,17,0
Kozmetik,260.0,0.2,1,0,5,0.39,40.0,4.7,3,Kart,0,13,0
Ayakkabi,2100.0,0.5,1,0,6,0.08,45.0,3.9,7,Kart,0,4,1
Giyim,1100.0,0.0,2,0,1,0.04,18.0,4.5,4,Kart,0,14,0
Elektronik,6180.0,0.1,4,0,0,,30.0,4.8,3,Kart,0,17,0
Ev,580.0,0.2,3,0,5,0.15,22.0,,2,Kart,1,14,0
Elektronik,8480.0,0.0,1,0,0,,27.0,4.9,3,Kapida odeme,0,21,1
Ev,1560.0,0.5,1,0,8,0.02,41.0,4.1,3,Kart,0,12,0
Elektronik,5890.0,0.1,3,0,0,,22.0,4.4,5,Kart,0,21,0
Elektronik,4930.0,0.0,1,0,5,0.15,57.0,,4,Kart,0,7,0
Giyim,720.0,0.0,2,0,17,0.36,41.0,4.6,2,Kapida odeme,0,1,0
Ev,870.0,0.3,1,0,10,0.47,28.0,,3,Kart,1,9,0
Giyim,870.0,0.1,1,0,1,0.39,33.0,4.0,3,Kart,0,23,1
Ev,910.0,0.2,5,0,19,0.29,21.0,4.0,3,Kapida odeme,0,19,1
Ev,610.0,0.2,2,0,2,0.06,19.0,3.9,6,Kart,0,6,0
Giyim,410.0,0.0,2,1,2,0.02,30.0,4.8,4,Kart,0,19,0
Elektronik,3210.0,0.2,1,0,12,0.2,47.0,4.4,5,Kart,0,17,0
Giyim,720.0,0.5,1,0,5,0.16,,4.3,2,Kart,0,2,1
Ev,890.0,0.0,1,0,9,0.23,46.0,4.1,3,Kart,1,10,0
Giyim,720.0,0.2,1,0,2,0.23,32.0,,5,Kart,0,2,1
Kozmetik,440.0,0.0,2,0,11,0.33,36.0,3.4,1,Kapida odeme,0,21,0
Giyim,490.0,0.0,3,0,0,,35.0,5.0,3,Kart,0,18,1
Kozmetik,680.0,0.0,3,0,2,0.14,42.0,,5,Kapida odeme,1,8,0
Ev,800.0,0.3,1,0,0,,45.0,,3,Kart,0,14,0
Elektronik,3700.0,0.0,2,0,0,,,4.7,2,Kart,0,22,0
Ev,1120.0,0.0,2,0,6,0.08,39.0,4.7,4,Kart,0,0,0
Ev,390.0,0.2,4,0,2,0.19,47.0,4.2,4,Kart,0,12,0
Kozmetik,250.0,0.0,1,0,1,0.33,42.0,4.8,1,Kart,0,20,0
Giyim,1010.0,0.2,3,0,0,,30.0,4.7,3,Kart,1,12,1
Elektronik,2060.0,0.5,1,0,0,,32.0,4.4,3,Kart,0,0,0
Giyim,1070.0,0.0,3,0,0,,24.0,3.5,2,Kart,0,14,1
Elektronik,8880.0,0.0,2,0,6,0.14,52.0,4.3,5,Kapida odeme,0,11,0
Giyim,550.0,0.5,1,1,5,0.15,37.0,4.2,5,Kart,0,8,0
Elektronik,5130.0,0.0,3,0,8,0.06,,4.1,5,Kart,1,1,0
Elektronik,7450.0,0.0,2,0,1,0.14,26.0,4.0,5,Kart,0,20,0
Ayakkabi,1130.0,0.5,1,1,1,0.07,,4.5,4,Kapida odeme,0,17,0
Ayakkabi,2070.0,0.3,2,1,4,0.34,47.0,,3,Kart,0,3,1
Ev,670.0,0.2,1,0,1,0.09,32.0,4.7,4,Kart,0,19,0
Ev,730.0,0.1,2,0,10,0.04,40.0,4.2,2,Kart,0,14,0
Ayakkabi,980.0,0.3,3,0,2,0.08,27.0,3.8,3,Kapida odeme,0,2,0
Elektronik,5250.0,0.2,2,0,4,0.13,40.0,4.1,2,Kart,0,12,0
Kozmetik,590.0,0.2,1,0,1,0.05,47.0,,3,Kart,0,16,0
Giyim,600.0,0.3,2,1,6,0.19,42.0,4.8,4,Kapida odeme,0,11,0
Giyim,370.0,0.2,4,0,1,0.09,18.0,4.5,2,Kart,0,1,1
Giyim,400.0,0.1,1,0,4,0.07,32.0,4.7,5,Kart,0,14,0
Elektronik,5370.0,0.0,3,0,2,0.25,23.0,4.2,4,Kart,0,18,0
Ayakkabi,3210.0,0.1,2,1,3,0.19,,4.1,1,Kapida odeme,0,9,0
Ev,1070.0,0.1,1,0,1,0.05,35.0,5.0,4,Kart,0,4,0
Elektronik,3780.0,0.0,3,0,16,0.05,51.0,4.1,3,Kart,0,9,0
Giyim,920.0,0.0,3,1,2,0.27,31.0,4.0,3,Kapida odeme,0,22,1
Kozmetik,310.0,0.3,1,0,11,0.06,35.0,3.9,4,Kart,0,21,0
Ev,760.0,0.0,4,0,2,0.24,33.0,,3,Kapida odeme,0,11,0
Giyim,420.0,0.0,4,0,5,0.25,41.0,3.7,4,Kart,1,14,0
Ayakkabi,2640.0,0.0,1,0,7,0.44,24.0,4.3,4,Kapida odeme,0,14,1
Giyim,210.0,0.0,2,0,0,,24.0,4.3,2,Kart,0,17,0
Giyim,930.0,0.2,1,0,13,0.52,,4.5,5,Kart,1,8,1
Giyim,530.0,0.0,2,1,13,0.29,40.0,,3,Kart,0,7,0
Kozmetik,290.0,0.0,4,0,10,0.09,44.0,3.3,4,Kart,0,1,0
Ayakkabi,3000.0,0.3,4,0,7,0.04,33.0,4.0,1,Kart,0,19,0
Ayakkabi,1020.0,0.0,1,0,8,0.19,,4.1,4,Kapida odeme,0,0,0
Ev,660.0,0.0,2,0,0,,39.0,3.7,4,Kart,0,22,0
Elektronik,4240.0,0.3,2,0,2,0.12,33.0,3.6,2,Kapida odeme,0,11,1
Kozmetik,420.0,0.1,1,0,1,0.47,33.0,4.4,5,Kart,0,5,0
Ev,740.0,0.2,3,0,3,0.01,42.0,,5,Kart,0,23,1
Ayakkabi,690.0,0.3,4,1,4,0.07,53.0,4.6,3,Kart,0,4,0
Ayakkabi,950.0,0.5,2,0,1,0.28,,3.6,5,Kart,0,11,1
Kozmetik,620.0,0.0,2,0,5,0.14,46.0,4.2,3,Kart,0,3,0
Ev,930.0,0.2,3,0,2,0.19,,5.0,3,Kapida odeme,1,7,0
Kozmetik,430.0,0.2,3,0,12,0.14,27.0,4.1,1,Kart,0,13,0
Giyim,580.0,0.0,1,0,3,0.06,41.0,3.9,3,Kart,0,1,0
Ev,670.0,0.5,2,0,1,0.46,49.0,4.6,4,Kart,0,5,0
Elektronik,9570.0,0.0,3,0,11,0.03,43.0,4.7,3,Kart,0,4,0
Giyim,600.0,0.3,1,1,3,0.21,,3.9,5,Kart,1,8,0
Elektronik,3690.0,0.1,3,0,4,0.07,26.0,3.9,5,Kart,0,0,0
Ev,1470.0,0.1,1,0,8,0.47,50.0,4.6,7,Kart,0,20,0
Giyim,470.0,0.0,4,1,1,0.09,38.0,,4,Kapida odeme,0,4,1
Ayakkabi,1070.0,0.3,4,0,2,0.08,37.0,4.3,3,Kart,1,2,0
Ev,900.0,0.1,3,0,7,0.04,34.0,4.3,2,Kart,0,11,0
Giyim,650.0,0.0,1,0,1,0.13,49.0,4.2,4,Kart,0,7,0
Ayakkabi,1570.0,0.0,2,0,8,0.14,44.0,,3,Kart,1,7,1
Ayakkabi,3590.0,0.2,3,0,3,0.23,32.0,4.8,1,Kart,1,17,1
Giyim,760.0,0.0,1,1,3,0.26,43.0,3.7,1,Kart,0,6,0
Kozmetik,120.0,0.1,1,0,0,,36.0,4.6,5,Kart,1,2,0
Ev,1040.0,0.2,3,0,2,0.21,,4.2,1,Kart,0,4,0
Giyim,660.0,0.0,2,0,3,0.28,48.0,3.6,3,Kart,0,0,0
Kozmetik,360.0,0.1,1,0,1,0.14,,3.8,2,Kart,0,23,0
Ev,1010.0,0.0,3,0,4,0.0,18.0,4.0,4,Kapida odeme,0,13,0
Giyim,640.0,0.5,3,1,3,0.2,39.0,4.7,2,Kart,0,12,0
Ev,880.0,0.3,2,0,5,0.09,49.0,3.7,5,Kart,0,6,0
Giyim,860.0,0.0,2,0,7,0.1,,3.4,2,Kart,1,9,0
Kozmetik,270.0,0.1,2,0,7,0.15,54.0,4.1,2,Kart,0,6,0
Elektronik,2940.0,0.1,3,0,0,,40.0,4.0,4,Kapida odeme,0,9,0
Elektronik,17550.0,0.5,2,0,3,0.06,44.0,4.7,6,Kapida odeme,0,17,1
Giyim,470.0,0.0,2,0,6,0.08,44.0,4.3,4,Kart,0,0,0
Kozmetik,370.0,0.1,3,0,1,0.23,21.0,4.5,2,Kart,0,19,0
Giyim,330.0,0.5,2,0,2,0.23,44.0,4.0,3,Kart,0,16,1
Giyim,680.0,0.0,2,1,4,0.19,39.0,3.7,8,Kapida odeme,0,22,0
Giyim,430.0,0.1,3,0,4,0.22,30.0,4.8,4,Kart,0,10,1
Ev,740.0,0.0,3,0,8,0.39,50.0,3.9,5,Kart,0,7,0
Giyim,1040.0,0.1,1,0,8,0.06,18.0,4.5,3,Kapida odeme,0,0,0
Kozmetik,430.0,0.0,1,0,1,0.14,,4.0,4,Kart,0,0,0
Elektronik,5810.0,0.5,3,0,6,0.31,,4.5,3,Kart,1,18,0
Giyim,290.0,0.0,1,0,2,0.18,44.0,4.3,2,Kart,0,4,0
Giyim,1490.0,0.0,3,0,4,0.1,29.0,4.3,5,Kart,0,12,1
Giyim,380.0,0.3,1,0,5,0.13,27.0,4.4,2,Kart,0,11,0
Elektronik,8950.0,0.3,1,0,3,0.06,32.0,4.1,5,Kart,0,2,0
Ev,1430.0,0.2,1,0,11,0.01,38.0,3.4,8,Kart,0,5,0
Giyim,840.0,0.2,2,0,2,0.01,31.0,,3,Kapida odeme,0,5,1
Ev,610.0,0.0,1,0,10,0.17,34.0,4.7,2,Kart,0,14,0
Giyim,700.0,0.1,2,1,3,0.02,36.0,,2,Kapida odeme,0,18,0
Ev,730.0,0.0,2,0,11,0.12,32.0,4.1,6,Kart,0,17,0
Kozmetik,350.0,0.0,1,0,1,0.05,31.0,4.3,3,Kart,0,4,0
Ev,800.0,0.5,1,0,1,0.37,24.0,4.6,4,Kapida odeme,0,23,0
Ev,360.0,0.2,4,0,8,0.05,35.0,4.1,5,Kart,0,12,0
Ev,1490.0,0.0,4,0,3,0.2,35.0,3.5,3,Kart,0,12,0
Giyim,630.0,0.0,5,0,14,0.11,26.0,4.3,2,Kart,0,20,0
Giyim,520.0,0.5,2,0,9,0.12,38.0,,2,Kart,0,10,1
Giyim,510.0,0.0,1,0,5,0.26,47.0,4.3,2,Kart,0,19,0
Ayakkabi,1650.0,0.0,2,1,4,0.17,36.0,4.0,4,Kart,0,3,0
Ev,600.0,0.0,2,0,0,,40.0,4.4,4,Kart,0,4,0
Elektronik,1630.0,0.0,1,0,5,0.15,45.0,4.1,4,Kapida odeme,1,21,0
Ev,1080.0,0.0,1,0,8,0.37,,4.0,6,Kart,0,23,0
Giyim,820.0,0.5,2,1,11,0.13,44.0,4.1,3,Kapida odeme,0,4,0
Ev,820.0,0.0,2,0,3,0.12,18.0,4.3,5,Kart,0,12,0
Giyim,390.0,0.1,4,1,8,0.15,28.0,4.3,4,Kart,0,0,0
Giyim,680.0,0.2,1,0,7,0.35,24.0,4.0,5,Kart,0,7,0
Ev,470.0,0.1,3,0,18,0.43,49.0,4.3,1,Kart,0,5,0
Kozmetik,220.0,0.2,3,0,3,0.28,,4.4,5,Kart,0,18,0
Elektronik,3210.0,0.2,2,0,17,0.02,23.0,4.5,2,Kart,0,18,0
Giyim,950.0,0.1,1,1,4,0.1,25.0,,1,Kart,0,16,1
Elektronik,3820.0,0.1,4,0,7,0.43,22.0,4.8,2,Kart,0,17,0
Giyim,530.0,0.2,3,0,1,0.36,39.0,,3,Kart,0,7,1
Kozmetik,840.0,0.2,1,0,1,0.03,37.0,5.0,4,Kart,1,1,0
Ev,1050.0,0.2,3,0,2,0.17,31.0,4.7,2,Kart,0,15,0
Giyim,760.0,0.0,2,1,5,0.26,26.0,,5,Kart,0,1,1
Giyim,550.0,0.2,3,0,5,0.17,35.0,3.6,3,Kapida odeme,0,4,1
Giyim,500.0,0.2,3,0,16,0.39,61.0,4.5,2,Kart,1,20,1
Kozmetik,130.0,0.0,2,0,14,0.08,31.0,4.6,2,Kart,0,17,0
Ayakkabi,2160.0,0.3,1,0,5,0.11,,,5,Kart,0,16,1
Ev,1100.0,0.0,1,0,5,0.08,32.0,3.3,5,Kart,0,4,0
Elektronik,4150.0,0.0,2,0,3,0.12,45.0,3.2,3,Kart,0,12,0
Elektronik,4230.0,0.3,1,0,5,0.24,41.0,4.1,3,Kart,0,14,0
Giyim,910.0,0.0,1,1,2,0.39,35.0,4.0,2,Kapida odeme,0,7,0
Kozmetik,170.0,0.0,2,0,0,,42.0,3.5,4,Kart,0,22,0
Giyim,500.0,0.0,2,0,1,0.24,47.0,4.4,4,Kart,1,5,0
Elektronik,2700.0,0.3,2,0,0,,36.0,,2,Kart,0,16,0
Ev,2000.0,0.1,2,0,14,0.02,33.0,,4,Kart,1,0,0
Elektronik,6670.0,0.2,2,0,4,0.04,42.0,5.0,4,Kart,0,5,0
Kozmetik,130.0,0.2,1,0,5,0.06,52.0,4.4,4,Kapida odeme,0,20,0
Giyim,330.0,0.1,1,0,8,0.12,21.0,4.0,6,Kart,0,18,1
Ayakkabi,1320.0,0.5,1,0,2,0.02,,3.6,3,Kart,1,17,0
Ayakkabi,1130.0,0.3,4,0,6,0.32,49.0,3.8,2,Kart,1,6,1
Ayakkabi,770.0,0.0,2,1,2,0.13,30.0,3.9,7,Kapida odeme,0,3,1
Giyim,1560.0,0.5,2,1,2,0.04,48.0,4.0,1,Kapida odeme,0,11,0
Giyim,750.0,0.1,3,1,7,0.46,28.0,4.1,1,Kapida odeme,0,14,0
Giyim,800.0,0.0,3,1,1,0.28,31.0,3.7,4,Kart,0,16,0
Giyim,480.0,0.0,1,0,4,0.08,46.0,3.8,5,Kart,0,2,0
Ayakkabi,1940.0,0.1,3,0,6,0.33,43.0,,4,Kart,0,17,1
Elektronik,3790.0,0.0,2,0,17,0.19,24.0,3.3,1,Kapida odeme,0,5,0
Elektronik,3960.0,0.1,2,0,3,0.02,,,4,Kapida odeme,0,11,0
Ayakkabi,1840.0,0.0,1,0,8,0.23,29.0,3.9,5,Kart,0,21,1
Ayakkabi,670.0,0.1,1,0,9,0.32,40.0,4.1,3,Kapida odeme,0,13,1
Giyim,1330.0,0.0,3,0,5,0.03,36.0,4.4,3,Kart,0,17,0
Elektronik,4880.0,0.3,1,0,0,,34.0,4.4,3,Kart,0,20,0
Giyim,1160.0,0.0,3,0,3,0.31,29.0,,3,Kart,0,4,1
Giyim,400.0,0.0,2,1,0,,,4.1,3,Kart,0,22,0
Ayakkabi,920.0,0.0,2,0,10,0.38,29.0,4.5,2,Kart,0,8,0
Ayakkabi,830.0,0.1,3,1,4,0.04,42.0,3.2,1,Kart,0,10,1
Giyim,730.0,0.1,4,1,4,0.13,40.0,4.5,2,Kart,0,19,0
Elektronik,4640.0,0.1,3,0,4,0.43,27.0,4.2,8,Kart,0,12,0
Elektronik,3650.0,0.0,1,0,24,0.23,46.0,,2,Kapida odeme,0,12,1
Ev,570.0,0.3,1,0,12,0.07,39.0,3.0,4,Kapida odeme,0,22,0
Elektronik,2540.0,0.1,2,0,4,0.44,41.0,4.6,7,Kart,0,3,1
Elektronik,4400.0,0.0,1,0,6,0.53,25.0,3.5,2,Kart,0,5,1
Giyim,530.0,0.2,2,1,6,0.1,53.0,4.7,1,Kapida odeme,0,8,0
Ev,660.0,0.2,2,0,2,0.14,40.0,,2,Kart,0,6,0
Elektronik,9030.0,0.1,1,0,15,0.24,51.0,4.4,1,Kart,0,22,0
Ayakkabi,1350.0,0.0,2,1,2,0.28,29.0,,1,Kart,0,2,1
Elektronik,7970.0,0.0,3,0,9,0.09,18.0,4.7,4,Kart,0,4,0
Ayakkabi,1100.0,0.1,1,1,6,0.06,26.0,4.3,3,Kart,1,3,0
Ayakkabi,1560.0,0.0,2,0,2,0.03,46.0,4.9,4,Kart,0,9,0
Ev,880.0,0.0,1,0,0,,24.0,3.9,2,Kart,1,3,0
Kozmetik,160.0,0.5,4,0,4,0.05,50.0,3.7,3,Kapida odeme,0,6,0
Kozmetik,670.0,0.2,1,0,7,0.02,28.0,,4,Kart,0,7,0
Ayakkabi,1320.0,0.0,2,1,15,0.35,39.0,4.5,1,Kart,0,19,0
Ayakkabi,1960.0,0.0,1,1,2,0.04,38.0,4.5,1,Kart,0,16,0
Ev,640.0,0.2,1,0,2,0.1,32.0,3.6,4,Kart,0,18,0
Giyim,600.0,0.0,1,0,0,,32.0,3.8,4,Kart,0,21,1
Ev,610.0,0.0,2,0,10,0.21,26.0,4.3,3,Kart,1,13,0
Ayakkabi,2440.0,0.0,2,1,8,0.08,55.0,4.8,3,Kart,0,8,0
Giyim,750.0,0.2,2,1,0,,41.0,3.9,5,Kapida odeme,0,1,0
Giyim,770.0,0.1,4,0,10,0.18,19.0,3.6,3,Kart,0,19,1
Ev,1660.0,0.0,3,0,1,0.14,22.0,4.7,4,Kart,1,16,0
Giyim,1090.0,0.0,2,1,3,0.24,,3.4,3,Kart,0,11,1
Giyim,920.0,0.1,2,0,1,0.24,35.0,4.4,4,Kart,0,13,0
Giyim,340.0,0.1,3,1,10,0.21,18.0,3.2,5,Kapida odeme,0,21,1
Giyim,480.0,0.2,3,1,6,0.3,61.0,4.1,5,Kart,1,12,0
Giyim,410.0,0.0,2,0,14,0.01,18.0,4.0,3,Kapida odeme,1,13,0
Ev,1250.0,0.2,2,0,7,0.14,31.0,3.8,1,Kapida odeme,0,8,0
Giyim,700.0,0.5,4,0,0,,36.0,4.8,2,Kart,1,21,1
Ev,480.0,0.1,3,0,2,0.12,29.0,4.2,6,Kart,0,4,0
Ev,830.0,0.0,1,0,7,0.31,44.0,,2,Kart,0,18,0
Ayakkabi,710.0,0.2,2,1,2,0.1,,4.1,1,Kart,0,0,0
Giyim,630.0,0.0,3,1,7,0.15,37.0,,4,Kart,0,1,0
Elektronik,2140.0,0.0,3,0,13,0.07,35.0,,2,Kapida odeme,0,12,0
Giyim,820.0,0.0,4,1,5,0.0,41.0,4.0,2,Kart,0,9,0
Ayakkabi,1660.0,0.3,1,1,2,0.04,,5.0,4,Kapida odeme,0,0,0
Kozmetik,830.0,0.0,2,0,4,0.07,20.0,3.8,4,Kart,0,8,0
Kozmetik,510.0,0.3,1,0,6,0.09,45.0,4.2,3,Kart,0,16,0
Ev,740.0,0.1,1,0,1,0.2,53.0,4.0,3,Kapida odeme,0,15,0
Giyim,940.0,0.1,3,1,6,0.36,36.0,3.8,4,Kart,1,2,1
Ev,480.0,0.0,1,0,22,0.03,36.0,4.1,5,Kapida odeme,0,8,0
Ev,580.0,0.1,3,0,2,0.14,35.0,,6,Kart,0,21,1
Ayakkabi,1630.0,0.0,2,0,5,0.2,,4.8,5,Kapida odeme,0,21,0
Elektronik,1700.0,0.1,2,0,13,0.44,30.0,4.2,4,Kart,0,6,0
Giyim,640.0,0.0,2,1,3,0.09,,3.6,2,Kart,1,8,0
Giyim,410.0,0.0,2,0,4,0.35,38.0,4.3,1,Kart,0,2,1
Ayakkabi,1470.0,0.1,3,0,1,0.06,,4.0,6,Kart,0,7,0
Giyim,400.0,0.0,3,1,10,0.07,,3.8,4,Kart,0,14,1
Giyim,790.0,0.0,1,0,3,0.26,31.0,4.5,1,Kart,0,15,1
Ev,910.0,0.5,2,0,11,0.36,42.0,3.6,2,Kart,0,16,0
Kozmetik,660.0,0.0,3,0,5,0.06,34.0,4.2,2,Kart,0,0,0
Elektronik,4510.0,0.0,3,0,2,0.36,19.0,4.4,4,Kart,0,2,0
Ev,640.0,0.0,3,0,28,0.25,46.0,4.5,4,Kapida odeme,0,12,0
Kozmetik,310.0,0.0,5,0,9,0.05,41.0,3.6,5,Kapida odeme,0,5,0
Giyim,350.0,0.2,2,0,3,0.19,65.0,5.0,4,Kart,1,0,0
Ayakkabi,1680.0,0.0,1,0,1,0.23,30.0,4.3,3,Kart,1,6,0
Ayakkabi,1830.0,0.1,2,0,1,0.35,43.0,4.2,5,Kart,0,16,1
Giyim,1970.0,0.1,7,0,29,0.07,28.0,3.6,2,Kart,0,15,1
Ev,680.0,0.0,3,0,11,0.16,27.0,3.8,3,Kart,1,22,0
Ayakkabi,1240.0,0.5,1,0,5,0.11,59.0,4.0,6,Kart,1,7,0
Ayakkabi,1080.0,0.5,1,0,4,0.03,18.0,4.2,6,Kart,0,17,1
Giyim,720.0,0.0,2,0,1,0.14,35.0,4.3,1,Kart,0,4,0
Giyim,770.0,0.0,3,0,0,,53.0,4.0,3,Kart,0,8,0
Kozmetik,340.0,0.0,5,0,2,0.09,20.0,4.8,2,Kapida odeme,1,23,0
Giyim,1060.0,0.0,2,1,14,0.08,30.0,4.0,5,Kapida odeme,0,12,0
Giyim,490.0,0.1,1,0,5,0.04,,,3,Kart,0,8,1
Giyim,1010.0,0.1,2,1,1,0.15,23.0,4.7,5,Kart,0,1,0
Ayakkabi,1780.0,0.0,2,1,2,0.14,39.0,3.9,5,Kart,0,1,0
Elektronik,4480.0,0.0,2,0,15,0.28,28.0,3.6,4,Kart,0,4,0
Ayakkabi,1220.0,0.0,1,1,9,0.16,49.0,4.0,6,Kart,0,14,0
Giyim,1940.0,0.5,2,1,7,0.13,48.0,4.6,3,Kart,0,5,0
Giyim,450.0,0.5,2,0,2,0.13,31.0,,4,Kart,1,6,0
Ev,1030.0,0.0,1,0,4,0.18,18.0,4.5,5,Kart,0,20,0
Elektronik,3210.0,0.2,1,0,1,0.1,41.0,3.6,6,Kart,0,6,0
Elektronik,10050.0,0.1,4,0,21,0.25,46.0,3.5,3,Kapida odeme,0,16,1
Elektronik,6710.0,0.2,2,0,4,0.22,41.0,4.4,5,Kart,0,12,0
Ev,660.0,0.1,1,0,0,,39.0,4.3,3,Kart,0,14,0
Giyim,820.0,0.3,2,0,5,0.04,38.0,3.8,4,Kart,0,1,0
Ayakkabi,1570.0,0.0,2,0,1,0.05,32.0,3.7,6,Kart,0,0,1
Elektronik,3570.0,0.0,2,0,3,0.25,,4.1,4,Kart,1,10,0
Giyim,910.0,0.5,2,0,6,0.02,36.0,4.2,7,Kart,0,9,0
Ev,1070.0,0.0,3,0,3,0.09,33.0,3.6,6,Kart,0,17,0
Ayakkabi,1540.0,0.0,1,0,6,0.27,42.0,4.2,4,Kart,1,2,0
Ev,880.0,0.2,1,0,8,0.14,27.0,3.5,3,Kart,0,15,0
Ev,1090.0,0.2,1,0,6,0.01,,,4,Kapida odeme,0,1,0
Ayakkabi,1550.0,0.2,1,1,5,0.1,36.0,3.6,2,Kapida odeme,0,19,1
Kozmetik,360.0,0.2,1,0,1,0.15,28.0,4.1,8,Kart,1,1,0
Elektronik,3370.0,0.2,5,0,1,0.14,,3.9,2,Kart,0,1,0
Ev,1930.0,0.0,5,0,11,0.19,41.0,,4,Kart,0,23,0
Giyim,410.0,0.1,2,1,6,0.28,22.0,4.3,4,Kart,0,10,0
Ayakkabi,1700.0,0.2,1,1,0,,37.0,3.6,4,Kart,0,10,1
Elektronik,3900.0,0.3,2,0,0,,40.0,4.6,4,Kart,1,17,0
Giyim,1430.0,0.0,1,0,32,0.04,49.0,4.1,3,Kart,0,6,0
Ayakkabi,930.0,0.0,1,1,13,0.13,58.0,4.5,1,Kart,0,9,0
Kozmetik,250.0,0.2,1,0,1,0.26,48.0,3.6,2,Kart,0,10,0
Elektronik,2910.0,0.0,3,0,0,,28.0,4.5,2,Kart,0,5,0
Giyim,750.0,0.0,2,1,8,0.06,32.0,5.0,3,Kart,0,12,0
Giyim,350.0,0.3,3,1,0,,38.0,4.5,5,Kapida odeme,0,0,0
Giyim,520.0,0.1,2,0,3,0.14,34.0,3.9,2,Kapida odeme,1,20,1
Giyim,250.0,0.0,4,1,8,0.33,37.0,4.7,4,Kart,0,0,0
Kozmetik,390.0,0.0,4,0,6,0.13,47.0,3.9,4,Kart,0,4,0
Ayakkabi,1120.0,0.0,2,1,5,0.34,36.0,4.4,4,Kart,0,4,0
Giyim,330.0,0.2,1,1,7,0.1,44.0,5.0,2,Kart,0,12,0
Elektronik,7330.0,0.1,2,0,4,0.2,24.0,,7,Kart,0,21,0
Giyim,360.0,0.0,1,1,0,,40.0,4.4,6,Kapida odeme,0,14,0
Giyim,930.0,0.0,5,1,2,0.02,18.0,,2,Kart,0,13,1
Ev,660.0,0.0,2,0,2,0.16,46.0,4.6,4,Kart,0,16,0
Elektronik,9250.0,0.0,1,0,2,0.15,33.0,,4,Kapida odeme,0,7,1
Kozmetik,490.0,0.0,2,0,7,0.18,21.0,3.3,4,Kart,0,20,0
Elektronik,2860.0,0.1,2,0,4,0.2,32.0,,5,Kart,0,16,0
Ayakkabi,930.0,0.0,1,1,5,0.05,40.0,4.6,4,Kart,0,21,0
Ev,1180.0,0.0,1,0,1,0.07,23.0,4.0,5,Kart,1,12,0
Kozmetik,310.0,0.1,2,0,2,0.27,26.0,4.0,2,Kart,0,18,0
Ev,830.0,0.0,2,0,19,0.04,,4.7,2,Kart,0,16,0
Kozmetik,620.0,0.0,2,0,0,,43.0,4.5,3,Kart,0,1,0
Ev,640.0,0.0,2,0,8,0.17,,3.8,6,Kart,0,6,0
Ev,940.0,0.0,1,0,11,0.29,39.0,,4,Kart,1,16,1
Giyim,1000.0,0.0,2,1,3,0.2,,3.8,7,Kapida odeme,1,15,0
Ev,1300.0,0.2,2,0,4,0.28,46.0,3.5,2,Kart,0,4,0
Ayakkabi,1300.0,0.0,1,0,7,0.13,39.0,4.3,4,Kart,1,22,0
Elektronik,3950.0,0.2,1,0,0,,48.0,3.6,3,Kart,1,19,1
Elektronik,2060.0,0.2,3,0,4,0.08,39.0,3.6,5,Kapida odeme,0,17,0
Kozmetik,220.0,0.0,2,0,4,0.16,23.0,3.7,8,Kart,0,19,0
Kozmetik,400.0,0.0,4,0,0,,39.0,,4,Kart,0,5,0
Giyim,610.0,0.0,3,1,20,0.23,40.0,4.5,2,Kart,0,8,0
Ev,930.0,0.0,1,0,15,0.01,28.0,4.1,5,Kart,0,19,0
Ev,1440.0,0.1,4,0,3,0.1,29.0,3.6,3,Kart,1,6,0
Giyim,380.0,0.0,3,0,3,0.17,18.0,3.7,2,Kart,0,4,0
Giyim,580.0,0.3,2,0,1,0.24,42.0,3.5,4,Kart,0,20,1
Giyim,710.0,0.1,2,1,13,0.14,33.0,4.5,5,Kart,0,7,1
Ev,660.0,0.2,2,0,4,0.26,29.0,3.8,3,Kart,0,19,0
Ayakkabi,2670.0,0.2,3,1,15,0.25,25.0,4.3,3,Kart,0,5,0
Kozmetik,530.0,0.1,1,0,7,0.08,30.0,3.4,4,Kart,0,22,0
Ayakkabi,1600.0,0.5,2,1,5,0.03,39.0,4.8,2,Kart,0,22,0
Kozmetik,780.0,0.5,2,0,8,0.4,,4.2,4,Kart,1,10,0
Ayakkabi,710.0,0.0,2,1,1,0.05,,3.5,3,Kart,1,6,0
Ev,900.0,0.0,2,0,2,0.22,,,2,Kart,0,18,0
Giyim,770.0,0.0,1,1,7,0.39,31.0,,5,Kart,1,15,1
Elektronik,2980.0,0.0,2,0,2,0.08,,3.8,5,Kart,0,20,0
Ev,1030.0,0.1,3,0,4,0.18,,4.3,4,Kart,0,15,0
Kozmetik,210.0,0.0,1,0,10,0.47,41.0,,5,Kart,1,8,0
Ev,1230.0,0.1,2,0,3,0.28,29.0,4.6,6,Kart,0,0,0
Giyim,1050.0,0.2,1,0,1,0.09,51.0,4.2,4,Kart,0,3,0
Ayakkabi,1580.0,0.0,2,0,6,0.16,29.0,4.8,7,Kart,0,8,0
Giyim,280.0,0.1,1,1,7,0.15,18.0,4.3,3,Kart,1,8,0
Giyim,420.0,0.0,2,0,8,0.24,32.0,4.1,3,Kart,0,7,0
Elektronik,5800.0,0.2,1,0,1,0.05,28.0,4.1,1,Kart,0,20,0
Ev,910.0,0.1,3,0,15,0.28,69.0,4.2,4,Kapida odeme,0,12,0
Ev,270.0,0.0,1,0,0,,30.0,4.4,3,Kart,0,10,0
Ev,1570.0,0.2,2,0,6,0.13,19.0,3.8,4,Kart,0,3,0
Ev,960.0,0.0,2,0,3,0.07,34.0,4.7,3,Kart,0,13,0
Ev,620.0,0.2,3,0,1,0.29,,4.8,5,Kart,0,2,0
Giyim,1020.0,0.1,1,0,18,0.18,22.0,5.0,1,Kart,0,10,0
Giyim,480.0,0.0,1,0,6,0.22,38.0,3.4,3,Kart,0,3,0
Elektronik,3300.0,0.2,1,0,4,0.02,40.0,4.2,1,Kart,1,20,0
Ev,1060.0,0.3,3,0,0,,35.0,3.8,3,Kart,0,7,0
Giyim,1450.0,0.2,1,0,7,0.09,31.0,4.5,4,Kart,1,10,0
Ayakkabi,2910.0,0.1,3,1,0,,30.0,4.7,3,Kart,1,4,1
Elektronik,5290.0,0.2,3,0,9,0.27,28.0,4.2,4,Kart,0,10,0
Giyim,800.0,0.0,2,1,0,,,4.0,3,Kart,1,3,1
Ayakkabi,2000.0,0.2,1,0,12,0.0,49.0,4.0,3,Kart,1,19,0
Kozmetik,200.0,0.3,2,0,15,0.04,58.0,4.1,5,Kart,1,13,0
Elektronik,6010.0,0.0,3,0,1,0.59,24.0,4.4,2,Kapida odeme,0,5,0
Giyim,470.0,0.0,2,1,1,0.13,28.0,4.3,2,Kapida odeme,1,5,0
Ev,1040.0,0.0,1,0,13,0.12,23.0,,7,Kart,0,23,0
Giyim,590.0,0.0,2,0,11,0.13,43.0,4.1,3,Kart,0,1,1
Ev,1130.0,0.0,2,0,1,0.09,24.0,4.6,4,Kart,0,13,0
Giyim,690.0,0.0,3,0,7,0.01,,3.8,3,Kart,0,18,0
Elektronik,1130.0,0.1,3,0,0,,38.0,3.6,4,Kart,0,17,0
Ayakkabi,1520.0,0.0,2,1,1,0.3,32.0,4.6,4,Kart,0,1,0
Giyim,870.0,0.0,1,0,11,0.32,48.0,4.4,4,Kart,0,23,1
Kozmetik,430.0,0.2,2,0,10,0.08,31.0,4.0,3,Kart,1,20,0
Giyim,620.0,0.0,3,1,5,0.09,34.0,3.8,4,Kapida odeme,0,14,0
Giyim,1360.0,0.0,1,0,0,,22.0,4.0,1,Kart,0,6,1
Giyim,750.0,0.2,1,0,6,0.06,18.0,,4,Kart,1,22,1
Ev,1100.0,0.5,1,0,10,0.3,45.0,4.3,3,Kart,0,23,0
Ev,1440.0,0.1,2,0,1,0.42,,3.5,1,Kart,0,5,0
Kozmetik,410.0,0.0,3,0,1,0.18,46.0,,4,Kart,0,10,0
Giyim,430.0,0.0,1,0,3,0.25,30.0,,5,Kart,0,21,0
Ayakkabi,470.0,0.5,1,0,6,0.28,33.0,4.5,7,Kart,0,14,0
Giyim,520.0,0.2,3,0,4,0.03,,,5,Kapida odeme,0,12,1
Elektronik,6340.0,0.2,3,0,28,0.28,29.0,3.6,4,Kapida odeme,0,7,0
Kozmetik,300.0,0.2,2,0,12,0.09,18.0,4.2,4,Kart,0,5,0
Ev,1290.0,0.0,2,0,14,0.28,25.0,3.2,5,Kart,1,1,0
Elektronik,4810.0,0.0,1,0,5,0.06,24.0,4.0,2,Kart,1,14,0
Ayakkabi,2500.0,0.2,1,0,1,0.3,,4.5,5,Kart,0,19,0
Kozmetik,310.0,0.3,3,0,6,0.03,45.0,4.1,2,Kapida odeme,0,20,0
Ayakkabi,1730.0,0.0,2,0,1,0.11,27.0,3.5,4,Kart,0,7,0
Giyim,820.0,0.1,1,0,4,0.23,33.0,,1,Kart,0,14,1
Ayakkabi,2750.0,0.0,2,0,4,0.1,36.0,4.2,6,Kapida odeme,0,13,0
Giyim,300.0,0.5,3,0,1,0.02,26.0,,2,Kart,0,7,1
Giyim,530.0,0.0,5,0,2,0.34,38.0,4.6,3,Kart,0,18,1
Giyim,950.0,0.2,1,1,1,0.07,45.0,4.1,5,Kart,0,9,0
Ayakkabi,2810.0,0.0,2,0,5,0.19,38.0,4.1,3,Kart,0,2,1
Elektronik,5010.0,0.1,3,0,0,,33.0,,6,Kart,0,14,1
Giyim,570.0,0.2,1,0,4,0.2,26.0,,9,Kart,0,3,1
Ayakkabi,1970.0,0.0,3,1,5,0.2,33.0,4.6,2,Kart,0,0,0
Kozmetik,520.0,0.3,1,0,6,0.11,26.0,3.7,3,Kart,0,8,0
Ev,770.0,0.3,4,0,7,0.07,28.0,3.9,1,Kart,0,14,0
Elektronik,5220.0,0.3,4,0,5,0.34,,4.3,3,Kart,0,11,0
Giyim,1110.0,0.0,2,1,1,0.07,32.0,,3,Kart,0,12,1
Kozmetik,820.0,0.2,3,0,2,0.11,44.0,4.3,3,Kapida odeme,1,22,0
Giyim,910.0,0.1,4,0,7,0.08,,3.6,5,Kart,0,6,0
Giyim,660.0,0.1,2,0,6,0.1,38.0,4.5,3,Kapida odeme,1,8,0
Kozmetik,340.0,0.1,3,0,1,0.12,29.0,3.8,4,Kart,1,18,0
Ayakkabi,1800.0,0.1,3,0,9,0.09,25.0,,4,Kart,0,19,1
Ev,850.0,0.0,2,0,8,0.02,40.0,4.3,5,Kart,0,18,0
Elektronik,4900.0,0.0,3,0,22,0.23,38.0,3.5,3,Kapida odeme,0,6,1
Elektronik,2800.0,0.0,2,0,2,0.11,28.0,4.4,2,Kart,0,3,0
Giyim,1170.0,0.0,1,1,1,0.13,18.0,3.6,4,Kart,0,12,0
Giyim,390.0,0.0,2,1,3,0.04,45.0,4.8,6,Kart,0,1,0
Giyim,540.0,0.0,3,1,0,,42.0,3.5,3,Kapida odeme,1,8,0
Giyim,680.0,0.2,3,0,3,0.12,46.0,,1,Kart,0,11,1
Ev,2200.0,0.1,3,0,0,,46.0,3.8,2,Kart,0,21,0
Giyim,540.0,0.0,1,0,0,,34.0,4.8,4,Kart,0,19,0
Elektronik,3330.0,0.2,2,0,4,0.3,,3.5,2,Kapida odeme,0,10,0
Ev,700.0,0.3,3,0,5,0.19,,5.0,2,Kart,0,10,0
Ev,1900.0,0.3,3,0,12,0.3,35.0,4.0,3,Kapida odeme,0,13,0
Ayakkabi,390.0,0.3,3,1,8,0.06,30.0,3.9,5,Kart,0,8,0
Ayakkabi,890.0,0.5,3,1,5,0.07,26.0,4.5,6,Kart,0,20,0
Kozmetik,1200.0,0.1,3,0,8,0.03,20.0,4.2,8,Kart,0,0,0
Elektronik,5870.0,0.5,2,0,6,0.03,24.0,,5,Kart,0,21,0
Ev,550.0,0.5,1,0,1,0.14,21.0,3.9,4,Kart,0,7,0
Kozmetik,340.0,0.0,1,0,17,0.09,44.0,4.0,6,Kapida odeme,0,15,0
Ev,930.0,0.3,2,0,9,0.08,45.0,3.9,4,Kart,0,11,0
Giyim,950.0,0.2,1,1,3,0.17,27.0,4.6,3,Kart,0,9,1
Elektronik,10300.0,0.2,2,0,6,0.02,46.0,4.2,2,Kapida odeme,0,6,0
Giyim,770.0,0.3,1,1,2,0.24,35.0,4.4,3,Kart,0,22,0
Elektronik,3530.0,0.0,1,0,6,0.08,49.0,4.0,3,Kapida odeme,0,21,0
Kozmetik,500.0,0.0,4,0,8,0.06,40.0,4.5,3,Kart,1,21,0
Ayakkabi,1020.0,0.1,3,1,7,0.08,40.0,,2,Kart,0,19,1
Ayakkabi,880.0,0.2,1,0,2,0.22,36.0,3.8,5,Kart,0,8,1
Giyim,290.0,0.3,2,1,2,0.35,27.0,4.0,3,Kart,0,4,0
Kozmetik,170.0,0.3,1,0,4,0.14,21.0,4.8,2,Kart,0,13,0
Giyim,430.0,0.2,3,0,4,0.14,36.0,3.9,4,Kapida odeme,0,18,1
Giyim,380.0,0.5,1,1,0,,33.0,,4,Kart,0,6,0
Giyim,750.0,0.0,4,1,2,0.36,60.0,4.3,6,Kart,0,15,1
Giyim,380.0,0.5,2,1,3,0.22,41.0,4.1,2,Kart,1,8,0
Ayakkabi,340.0,0.0,4,0,0,,26.0,,1,Kart,0,15,0
Ayakkabi,880.0,0.1,3,0,10,0.07,33.0,3.7,5,Kart,0,14,1
Giyim,530.0,0.0,1,0,18,0.04,30.0,4.5,5,Kart,0,3,0
Giyim,490.0,0.1,3,0,6,0.12,,3.7,2,Kart,0,10,1
Giyim,1290.0,0.0,2,0,2,0.07,21.0,4.6,3,Kart,0,22,0
Ayakkabi,1060.0,0.0,1,1,12,0.11,43.0,4.0,2,Kart,0,6,0
Giyim,970.0,0.1,1,0,3,0.19,30.0,3.2,2,Kapida odeme,0,18,0
Ev,890.0,0.2,1,0,1,0.01,41.0,4.5,5,Kart,0,12,0
Giyim,640.0,0.0,1,0,5,0.15,,4.6,1,Kart,0,19,0
Giyim,450.0,0.2,2,1,7,0.05,30.0,4.5,6,Kart,0,6,0
Ayakkabi,1360.0,0.0,1,0,7,0.16,40.0,4.0,6,Kart,0,2,1
Ayakkabi,990.0,0.0,2,1,1,0.04,,4.0,6,Kart,0,16,1
Giyim,700.0,0.0,2,1,3,0.45,44.0,4.0,3,Kapida odeme,0,3,1
Giyim,580.0,0.1,1,1,2,0.05,49.0,,5,Kart,0,18,1
Ev,590.0,0.2,2,0,3,0.31,49.0,,2,Kart,1,4,0
Giyim,1020.0,0.1,1,1,8,0.06,27.0,4.1,3,Kapida odeme,0,11,0
Ayakkabi,1700.0,0.3,1,1,2,0.25,37.0,4.0,3,Kapida odeme,1,8,0
Ayakkabi,1140.0,0.1,2,0,0,,,,3,Kart,1,9,1
Giyim,690.0,0.2,2,1,8,0.15,19.0,4.3,5,Kart,1,11,0
Ayakkabi,1350.0,0.5,1,0,2,0.29,35.0,4.8,3,Kart,0,16,1
Ev,610.0,0.0,2,0,3,0.25,19.0,4.3,5,Kart,0,4,0
Ev,930.0,0.0,1,0,1,0.02,40.0,3.6,5,Kart,0,9,0
Giyim,490.0,0.0,2,0,14,0.09,42.0,4.2,6,Kart,0,1,0
Giyim,420.0,0.1,2,0,14,0.07,,4.4,4,Kart,1,23,0
Giyim,310.0,0.1,3,1,10,0.12,39.0,4.5,5,Kart,0,21,1
Ayakkabi,1190.0,0.0,1,1,0,,30.0,4.4,2,Kart,0,19,0
Ev,1160.0,0.3,3,0,5,0.38,,4.3,1,Kart,0,23,1
Giyim,480.0,0.5,2,1,4,0.19,35.0,5.0,4,Kart,0,12,0
Giyim,2020.0,0.0,2,0,15,0.24,49.0,3.7,2,Kart,1,3,0
Kozmetik,520.0,0.0,2,0,2,0.08,49.0,4.9,2,Kart,0,11,0
Giyim,1170.0,0.0,2,1,2,0.02,33.0,4.4,8,Kart,0,12,0
Ayakkabi,2000.0,0.0,5,1,10,0.34,44.0,5.0,4,Kart,0,12,1
Ev,2070.0,0.3,2,0,12,0.18,,,2,Kart,0,4,1
Giyim,460.0,0.1,3,1,0,,38.0,4.9,4,Kart,1,12,0
Giyim,210.0,0.0,3,0,3,0.17,31.0,4.9,4,Kart,0,13,0
Giyim,530.0,0.1,3,1,2,0.3,36.0,4.1,2,Kart,0,2,1
Kozmetik,450.0,0.0,4,0,3,0.44,26.0,3.8,3,Kart,0,7,0
Giyim,700.0,0.0,3,0,14,0.22,20.0,5.0,4,Kart,1,9,1
Giyim,740.0,0.0,4,0,8,0.06,22.0,3.8,3,Kart,0,22,1
Giyim,1180.0,0.1,3,1,18,0.06,40.0,4.7,2,Kart,1,6,0
Giyim,770.0,0.1,2,1,1,0.06,,4.9,5,Kapida odeme,0,18,0
Elektronik,6450.0,0.3,1,0,4,0.03,,4.1,3,Kart,0,9,0
Giyim,430.0,0.0,4,0,4,0.31,,4.1,5,Kart,0,8,1
Elektronik,2750.0,0.2,2,0,10,0.18,45.0,5.0,3,Kapida odeme,1,7,0
Elektronik,9300.0,0.0,2,0,11,0.42,24.0,,4,Kart,0,9,1
Ev,940.0,0.0,2,0,3,0.18,18.0,3.9,2,Kart,1,21,0
Giyim,490.0,0.3,3,1,10,0.08,26.0,3.0,5,Kart,0,21,0
Ev,680.0,0.2,2,0,11,0.08,36.0,4.7,6,Kapida odeme,0,3,0
Elektronik,3360.0,0.0,3,0,0,,41.0,4.0,2,Kart,0,11,0
Giyim,470.0,0.1,3,0,4,0.26,22.0,,3,Kart,0,20,1
Ev,510.0,0.2,3,0,1,0.28,18.0,4.1,2,Kart,0,4,0
Ev,460.0,0.5,2,0,1,0.31,25.0,4.8,2,Kart,0,12,0
Giyim,600.0,0.1,3,0,9,0.2,29.0,,2,Kart,0,9,1
Kozmetik,270.0,0.0,4,0,9,0.1,55.0,3.8,3,Kart,0,17,0
Ayakkabi,2300.0,0.1,1,1,4,0.23,35.0,4.0,5,Kart,0,22,0
Elektronik,5130.0,0.0,2,0,2,0.23,40.0,4.5,3,Kart,1,20,0
Kozmetik,390.0,0.0,2,0,2,0.05,45.0,4.8,3,Kapida odeme,0,18,0
Ayakkabi,1000.0,0.1,2,1,4,0.12,30.0,4.3,3,Kart,0,7,0
Ev,850.0,0.2,2,0,10,0.23,35.0,4.3,3,Kart,0,3,0
Giyim,760.0,0.0,2,1,14,0.44,37.0,4.4,1,Kart,0,3,1
Ev,1240.0,0.2,2,0,10,0.16,40.0,3.8,5,Kart,0,17,0
Elektronik,4310.0,0.2,2,0,0,,33.0,,2,Kapida odeme,0,21,1
Giyim,1060.0,0.2,3,1,2,0.27,,4.1,2,Kart,0,12,1
Ayakkabi,1410.0,0.0,1,0,7,0.41,45.0,4.7,3,Kart,1,5,1
Giyim,930.0,0.0,2,0,0,,31.0,5.0,3,Kart,0,22,0
Giyim,520.0,0.0,2,0,13,0.22,42.0,3.8,2,Kart,0,5,0
Giyim,290.0,0.0,4,0,13,0.37,,4.5,1,Kart,0,2,0
Giyim,730.0,0.0,4,1,8,0.33,61.0,4.3,5,Kart,0,11,0
Giyim,900.0,0.0,4,1,1,0.07,43.0,4.0,3,Kapida odeme,0,12,1
Giyim,840.0,0.0,2,1,1,0.09,38.0,3.8,3,Kart,0,3,0
Ev,1090.0,0.0,2,0,32,0.19,,4.3,2,Kapida odeme,0,21,0
Ev,770.0,0.3,2,0,0,,24.0,3.9,5,Kart,1,8,0
Ev,630.0,0.2,1,0,9,0.26,39.0,4.4,5,Kart,0,5,0
Giyim,830.0,0.0,1,0,0,,18.0,3.7,4,Kart,1,12,1
Kozmetik,420.0,0.5,1,0,1,0.22,50.0,3.7,2,Kart,0,3,0
Elektronik,3500.0,0.0,3,0,0,,18.0,,1,Kart,0,20,1
Giyim,1070.0,0.0,3,1,11,0.29,24.0,4.3,1,Kart,1,7,1
Giyim,440.0,0.3,2,0,1,0.17,44.0,4.3,5,Kart,1,1,1
Ev,690.0,0.0,1,0,13,0.26,34.0,4.0,3,Kart,0,14,0
Giyim,1360.0,0.0,3,0,1,0.07,36.0,4.5,4,Kart,0,21,0
Ayakkabi,2070.0,0.0,2,0,15,0.25,27.0,4.1,3,Kart,0,8,1
Kozmetik,300.0,0.1,2,0,23,0.19,,4.6,6,Kapida odeme,0,11,0
Giyim,740.0,0.1,2,0,1,0.32,,4.0,2,Kart,0,16,0
Giyim,700.0,0.0,2,0,4,0.13,26.0,,3,Kart,0,19,1
Kozmetik,100.0,0.0,1,0,2,0.09,31.0,3.9,5,Kapida odeme,0,2,0
Elektronik,2990.0,0.0,2,0,20,0.03,,,3,Kart,1,20,0
Giyim,640.0,0.1,3,1,6,0.17,31.0,3.8,2,Kart,0,21,0
Kozmetik,300.0,0.0,3,0,4,0.25,42.0,5.0,2,Kart,0,12,0
Kozmetik,390.0,0.3,3,0,0,,39.0,3.6,2,Kart,0,13,0
Elektronik,7480.0,0.2,1,0,4,0.04,33.0,4.1,5,Kapida odeme,0,21,0
Elektronik,3890.0,0.0,1,0,2,0.19,18.0,,1,Kart,0,6,0
Giyim,400.0,0.2,3,0,5,0.45,46.0,,3,Kapida odeme,0,3,1
Giyim,750.0,0.0,3,1,3,0.11,,,2,Kart,0,0,1
Elektronik,3880.0,0.0,4,0,26,0.23,52.0,4.7,2,Kart,0,21,0
Giyim,610.0,0.0,1,1,6,0.2,26.0,3.8,3,Kart,0,5,0
Elektronik,3950.0,0.1,1,0,22,0.18,37.0,4.1,5,Kart,0,20,0
Ev,2470.0,0.2,2,0,11,0.0,40.0,3.5,7,Kart,1,11,0
Giyim,240.0,0.5,2,0,6,0.38,,4.6,3,Kart,0,13,0
Elektronik,3780.0,0.0,2,0,2,0.12,37.0,4.5,3,Kart,0,3,0
Giyim,650.0,0.0,2,0,1,0.07,31.0,4.5,2,Kapida odeme,1,15,0
Ev,630.0,0.1,4,0,3,0.11,53.0,4.3,4,Kart,0,19,0
Giyim,970.0,0.0,5,0,2,0.06,36.0,4.2,8,Kart,1,17,1
Elektronik,6490.0,0.0,2,0,0,,33.0,4.2,8,Kapida odeme,1,18,1
Elektronik,4400.0,0.5,2,0,4,0.17,36.0,4.3,3,Kart,0,23,0
Ayakkabi,1240.0,0.3,2,0,8,0.34,45.0,4.3,4,Kart,0,5,0
Elektronik,4280.0,0.5,3,0,10,0.33,38.0,3.8,3,Kart,0,10,0
Ev,860.0,0.0,1,0,13,0.11,36.0,3.2,2,Kart,0,1,0
Elektronik,4340.0,0.0,3,0,9,0.08,20.0,5.0,3,Kart,0,11,0
Ev,830.0,0.0,2,0,2,0.14,46.0,3.9,4,Kart,0,16,0
Kozmetik,390.0,0.5,2,0,5,0.14,38.0,4.1,3,Kapida odeme,0,7,0
Ayakkabi,1960.0,0.0,2,0,6,0.02,,4.7,5,Kart,1,19,0
Ayakkabi,800.0,0.0,3,1,3,0.02,37.0,4.4,3,Kart,0,4,0
Giyim,410.0,0.0,2,1,3,0.13,48.0,3.6,7,Kart,0,19,0
Ev,410.0,0.2,4,0,12,0.06,41.0,3.7,3,Kart,0,6,0
Ayakkabi,2070.0,0.2,4,1,3,0.06,54.0,4.6,3,Kart,0,6,0
Ayakkabi,1570.0,0.2,2,0,7,0.39,43.0,4.5,1,Kart,1,16,1
Giyim,820.0,0.0,3,1,16,0.05,18.0,4.0,3,Kart,1,13,0
Kozmetik,180.0,0.2,2,0,17,0.11,,4.2,1,Kart,0,0,0
Ayakkabi,3130.0,0.0,3,0,4,0.05,18.0,4.2,3,Kart,0,14,0
Ev,680.0,0.0,2,0,10,0.38,48.0,4.3,4,Kart,1,16,0
Giyim,700.0,0.0,3,0,5,0.29,43.0,4.4,4,Kapida odeme,0,13,0
Kozmetik,510.0,0.1,2,0,1,0.14,,4.0,6,Kapida odeme,0,22,0
Giyim,420.0,0.0,1,1,0,,,4.5,3,Kart,0,3,0
Giyim,510.0,0.5,3,0,6,0.05,37.0,4.5,4,Kart,0,5,1
Ev,980.0,0.1,5,0,5,0.05,46.0,4.6,4,Kapida odeme,0,19,0
Kozmetik,1270.0,0.0,4,0,10,0.23,22.0,4.5,2,Kart,0,6,0
Giyim,740.0,0.2,2,1,19,0.07,,4.5,1,Kapida odeme,0,7,0
Ayakkabi,2880.0,0.2,1,1,8,0.35,32.0,4.0,5,Kart,0,21,1
Ev,1550.0,0.0,2,0,6,0.27,30.0,4.1,7,Kart,0,6,0
Ev,1060.0,0.1,5,0,9,0.31,28.0,3.8,2,Kart,0,23,0
Ayakkabi,900.0,0.0,2,0,4,0.29,,4.3,2,Kart,0,15,1
Ayakkabi,2260.0,0.0,3,1,2,0.18,41.0,3.8,3,Kapida odeme,0,17,0
Ev,460.0,0.2,1,0,11,0.08,49.0,4.4,5,Kapida odeme,0,9,0
Ev,1850.0,0.1,2,0,5,0.07,31.0,4.7,9,Kart,0,5,0
Ev,980.0,0.0,2,0,7,0.06,,4.2,4,Kapida odeme,0,13,0
Elektronik,1370.0,0.0,5,0,0,,18.0,4.0,6,Kart,0,12,0
Giyim,560.0,0.1,4,1,1,0.06,49.0,4.4,1,Kart,0,21,0
Kozmetik,470.0,0.0,1,0,0,,20.0,4.7,6,Kart,0,20,0
Ev,810.0,0.3,3,0,2,0.13,39.0,3.9,1,Kart,0,4,0
Ev,1240.0,0.1,2,0,2,0.11,37.0,,2,Kart,0,14,0
Giyim,440.0,0.3,2,0,1,0.12,44.0,4.3,2,Kart,0,2,0
Giyim,360.0,0.0,2,1,3,0.07,25.0,4.1,2,Kapida odeme,0,5,0
Ev,870.0,0.3,1,0,0,,,4.4,3,Kapida odeme,0,1,0
Giyim,660.0,0.0,2,0,9,0.07,50.0,3.5,2,Kapida odeme,0,0,1
Kozmetik,300.0,0.0,2,0,5,0.09,,4.4,4,Kapida odeme,1,9,0
Ayakkabi,2430.0,0.0,3,1,3,0.18,25.0,5.0,7,Kart,0,9,1
Ev,610.0,0.0,1,0,11,0.02,19.0,4.5,4,Kart,0,2,0
Kozmetik,400.0,0.3,7,0,1,0.23,49.0,4.2,3,Kart,0,19,0
Ayakkabi,1440.0,0.2,4,1,0,,30.0,3.7,4,Kart,0,11,1
Giyim,320.0,0.1,2,0,4,0.23,32.0,4.0,2,Kart,1,0,1
Elektronik,2490.0,0.1,3,0,10,0.1,59.0,4.3,2,Kart,0,19,0
Elektronik,4520.0,0.1,1,0,0,,43.0,4.2,3,Kart,0,8,0
Ayakkabi,3410.0,0.1,2,1,7,0.08,45.0,3.6,3,Kapida odeme,0,0,0
Elektronik,5840.0,0.3,2,0,4,0.05,50.0,4.3,3,Kart,0,19,0
Kozmetik,160.0,0.1,3,0,2,0.52,18.0,3.8,2,Kart,0,22,0
Ayakkabi,350.0,0.2,2,0,11,0.46,49.0,,2,Kapida odeme,0,17,1
Giyim,900.0,0.0,2,0,8,0.26,51.0,4.6,4,Kart,0,14,1
Ayakkabi,1340.0,0.5,2,0,4,0.24,30.0,4.1,5,Kart,0,0,1
Ayakkabi,2340.0,0.0,3,1,12,0.33,42.0,3.9,5,Kart,1,18,0
Giyim,440.0,0.0,2,1,0,,44.0,3.8,4,Kart,0,15,0
Giyim,760.0,0.3,4,1,0,,27.0,3.9,4,Kapida odeme,0,2,1
Ev,1320.0,0.0,2,0,14,0.1,43.0,4.0,5,Kart,0,0,0
Giyim,530.0,0.0,4,0,8,0.34,28.0,4.6,2,Kart,0,13,0
Kozmetik,290.0,0.0,2,0,12,0.11,60.0,4.2,8,Kart,0,19,0
Giyim,660.0,0.0,4,1,8,0.08,,4.7,1,Kart,0,2,0
Giyim,830.0,0.5,2,1,10,0.08,40.0,3.7,3,Kart,0,0,0
Ev,890.0,0.3,1,0,6,0.43,18.0,4.8,8,Kart,0,7,0
Kozmetik,540.0,0.1,1,0,4,0.08,38.0,,3,Kart,0,1,0
Giyim,530.0,0.5,1,1,2,0.06,46.0,4.1,2,Kapida odeme,0,23,0
Giyim,360.0,0.1,1,1,0,,25.0,,3,Kart,0,10,1
Giyim,1580.0,0.3,2,1,6,0.25,29.0,,4,Kart,1,3,1
Ayakkabi,1070.0,0.0,2,1,15,0.02,27.0,4.0,4,Kart,0,1,0
Ayakkabi,1080.0,0.1,5,1,1,0.18,22.0,5.0,7,Kart,0,18,1
Giyim,630.0,0.0,3,1,4,0.29,21.0,4.6,5,Kart,1,17,0
Giyim,670.0,0.0,2,1,2,0.11,44.0,3.7,6,Kart,1,14,1
Ayakkabi,1180.0,0.2,1,1,11,0.09,21.0,3.8,4,Kart,0,17,0
Kozmetik,350.0,0.0,2,0,1,0.06,18.0,4.3,5,Kart,0,13,0
Elektronik,4420.0,0.1,2,0,7,0.15,29.0,4.2,3,Kart,0,0,0
Ayakkabi,1510.0,0.2,1,1,1,0.2,35.0,4.0,1,Kart,1,2,0
Giyim,230.0,0.0,2,1,9,0.19,40.0,4.0,3,Kart,0,11,0
Giyim,1520.0,0.0,2,1,0,,25.0,4.9,3,Kapida odeme,0,0,1
Giyim,610.0,0.2,1,1,1,0.2,28.0,,4,Kapida odeme,0,5,1
Ev,1170.0,0.3,1,0,0,,,,3,Kart,0,20,0
Ev,480.0,0.0,2,0,3,0.11,43.0,4.3,3,Kart,0,14,0
Kozmetik,280.0,0.5,2,0,1,0.08,46.0,4.2,5,Kart,1,3,0
Kozmetik,260.0,0.3,3,0,11,0.17,39.0,5.0,5,Kapida odeme,0,2,0
Kozmetik,680.0,0.2,3,0,6,0.29,18.0,4.5,4,Kart,1,18,0
Kozmetik,270.0,0.0,3,0,0,,25.0,,1,Kapida odeme,0,21,1
Giyim,910.0,0.2,1,0,19,0.64,47.0,4.6,2,Kart,1,14,0
Giyim,490.0,0.3,4,0,21,0.21,52.0,3.9,3,Kart,1,14,1
Giyim,530.0,0.0,2,0,2,0.06,33.0,,3,Kart,0,9,0
Elektronik,4030.0,0.5,2,0,6,0.04,32.0,4.2,4,Kart,0,23,0
Giyim,1160.0,0.3,3,1,1,0.26,,4.9,3,Kart,0,21,1
Ev,380.0,0.1,1,0,9,0.02,48.0,3.9,2,Kart,0,3,0
Elektronik,2490.0,0.2,2,0,2,0.32,23.0,3.5,4,Kapida odeme,1,21,0
Elektronik,1870.0,0.1,2,0,3,0.2,54.0,4.2,2,Kart,0,1,0
Giyim,400.0,0.2,2,1,1,0.13,33.0,4.9,2,Kart,0,3,0
Giyim,450.0,0.3,2,1,4,0.02,25.0,3.9,3,Kart,1,4,0
Giyim,310.0,0.0,2,0,0,,18.0,4.5,3,Kart,1,0,0
Ev,650.0,0.0,3,0,4,0.08,31.0,,3,Kart,0,23,0
Elektronik,1820.0,0.0,3,0,2,0.44,33.0,4.6,2,Kart,1,14,0
Ev,570.0,0.3,5,0,3,0.27,31.0,,2,Kart,0,15,0
Giyim,1120.0,0.0,2,0,10,0.24,34.0,4.3,3,Kart,0,14,0
Ayakkabi,1680.0,0.3,2,1,7,0.25,,4.1,2,Kart,1,0,0
Ayakkabi,1520.0,0.1,3,0,4,0.5,40.0,3.9,4,Kart,0,13,1
Ev,570.0,0.0,3,0,2,0.05,,3.3,3,Kart,0,21,1
Ev,450.0,0.3,3,0,0,,45.0,,2,Kart,0,5,0
Giyim,390.0,0.1,3,0,1,0.1,25.0,4.1,4,Kart,0,14,1
Kozmetik,340.0,0.0,3,0,3,0.02,,,6,Kart,0,10,0
Giyim,960.0,0.0,3,1,0,,41.0,5.0,4,Kart,1,4,1
Kozmetik,530.0,0.0,4,0,14,0.09,49.0,4.0,3,Kart,0,7,0
Giyim,860.0,0.0,4,1,3,0.12,,3.9,2,Kart,0,9,0
Giyim,470.0,0.0,2,0,5,0.0,25.0,3.6,3,Kart,0,23,0
Ev,910.0,0.1,4,0,1,0.23,26.0,4.6,4,Kart,0,17,0
Giyim,560.0,0.0,1,1,1,0.12,39.0,4.5,3,Kart,0,3,0
Ayakkabi,1280.0,0.0,3,0,3,0.15,36.0,4.4,2,Kapida odeme,0,14,0
Ayakkabi,3500.0,0.0,2,0,3,0.19,40.0,4.4,4,Kart,0,21,0
Giyim,290.0,0.0,3,1,6,0.01,18.0,4.0,7,Kart,0,4,1
Ev,810.0,0.5,3,0,0,,,4.8,3,Kart,0,8,0
Ev,1550.0,0.0,2,0,9,0.19,36.0,3.9,4,Kart,0,1,0
Ev,470.0,0.0,1,0,9,0.1,40.0,4.0,3,Kart,0,11,0
Giyim,490.0,0.1,2,0,5,0.17,38.0,3.7,3,Kart,0,5,0
Elektronik,3550.0,0.3,3,0,12,0.13,28.0,4.1,3,Kart,0,9,0
Giyim,590.0,0.2,6,0,5,0.21,39.0,,2,Kart,0,15,1
Giyim,320.0,0.3,2,0,9,0.05,,3.9,4,Kart,1,6,0
Giyim,850.0,0.5,3,1,6,0.24,35.0,3.7,1,Kart,0,5,0
Kozmetik,470.0,0.1,4,0,4,0.17,39.0,3.8,5,Kart,0,8,0
Kozmetik,440.0,0.5,3,0,7,0.34,33.0,3.5,4,Kapida odeme,1,6,0
Ev,610.0,0.0,1,0,3,0.22,20.0,4.4,1,Kart,0,18,0
Ayakkabi,1460.0,0.3,3,0,7,0.03,32.0,3.8,3,Kart,0,19,1
Ayakkabi,930.0,0.3,1,1,0,,,4.9,5,Kart,1,5,0
Ayakkabi,1210.0,0.3,2,1,10,0.01,28.0,4.6,2,Kart,0,23,0
Elektronik,11860.0,0.1,4,0,2,0.07,35.0,4.2,4,Kart,0,14,0
Ayakkabi,1460.0,0.2,2,0,0,,42.0,4.5,5,Kart,0,2,1
Giyim,380.0,0.0,5,0,11,0.31,55.0,4.6,2,Kart,0,4,1
Giyim,700.0,0.1,2,0,5,0.17,31.0,,1,Kart,0,19,1
Kozmetik,190.0,0.0,3,0,3,0.04,22.0,4.1,1,Kart,0,17,0
Ayakkabi,820.0,0.1,2,0,0,,41.0,4.7,2,Kart,0,12,0
Kozmetik,220.0,0.2,1,0,4,0.12,26.0,4.7,6,Kart,0,11,0
Giyim,530.0,0.0,3,0,22,0.3,37.0,3.9,1,Kart,1,11,1
Elektronik,6860.0,0.0,2,0,7,0.25,40.0,5.0,3,Kapida odeme,0,3,0
Giyim,840.0,0.0,1,1,4,0.21,,3.6,6,Kart,0,5,1
Giyim,820.0,0.2,1,1,2,0.53,31.0,,3,Kapida odeme,0,18,1
Giyim,400.0,0.2,2,0,1,0.19,,,2,Kapida odeme,1,23,1
Giyim,510.0,0.2,2,0,9,0.17,45.0,4.5,1,Kapida odeme,0,9,1
Kozmetik,400.0,0.0,2,0,2,0.16,,4.3,3,Kapida odeme,0,5,0
Giyim,490.0,0.3,1,1,17,0.41,36.0,,5,Kart,0,17,1
Elektronik,3970.0,0.2,3,0,5,0.25,23.0,3.9,4,Kapida odeme,0,23,0
Ayakkabi,1710.0,0.0,2,1,4,0.18,35.0,3.4,4,Kart,0,7,1
Ayakkabi,1200.0,0.0,3,1,3,0.19,30.0,4.0,5,Kart,0,16,0
Elektronik,4980.0,0.1,2,0,14,0.14,35.0,3.9,5,Kapida odeme,0,12,0
Giyim,1330.0,0.0,3,1,2,0.22,48.0,3.8,2,Kart,0,20,1
Kozmetik,320.0,0.0,1,0,5,0.18,23.0,3.9,5,Kart,0,12,0
Ev,1530.0,0.0,1,0,4,0.15,,3.9,4,Kart,1,8,0
Ev,1160.0,0.0,5,0,8,0.23,36.0,4.0,5,Kart,0,0,0
Ayakkabi,720.0,0.0,6,0,1,0.55,34.0,4.4,2,Kart,0,10,1
Giyim,400.0,0.0,3,0,11,0.16,25.0,,6,Kapida odeme,0,16,1
Kozmetik,240.0,0.3,2,0,5,0.06,37.0,4.3,6,Kart,0,20,0
Giyim,440.0,0.1,2,0,0,,56.0,3.1,3,Kart,0,9,0
Giyim,620.0,0.0,3,1,12,0.22,,,5,Kapida odeme,0,21,0
Giyim,860.0,0.2,1,1,19,0.35,18.0,,2,Kart,0,19,0
Ev,1580.0,0.1,2,0,0,,,4.7,3,Kart,0,7,0
Elektronik,5170.0,0.0,2,0,2,0.18,37.0,3.8,1,Kapida odeme,0,18,0
Ev,740.0,0.0,3,0,1,0.12,43.0,3.3,1,Kart,0,9,0
Ev,350.0,0.0,4,0,6,0.13,39.0,4.5,4,Kapida odeme,0,14,0
Giyim,670.0,0.1,2,0,8,0.2,18.0,4.2,10,Kart,0,1,1
Kozmetik,350.0,0.1,4,0,7,0.31,40.0,,3,Kart,0,21,0
Ayakkabi,1520.0,0.0,1,0,7,0.25,32.0,3.6,2,Kart,0,17,1
Elektronik,11610.0,0.1,3,0,14,0.26,43.0,4.1,3,Kart,0,16,0
Giyim,1140.0,0.5,3,0,3,0.27,27.0,3.7,3,Kart,0,17,1
Kozmetik,500.0,0.0,1,0,6,0.18,19.0,3.7,8,Kapida odeme,1,1,0
Giyim,420.0,0.1,1,0,5,0.33,29.0,3.8,5,Kapida odeme,0,17,1
Giyim,520.0,0.1,4,1,1,0.12,39.0,3.7,5,Kart,1,4,0
Ayakkabi,1340.0,0.2,3,0,0,,,,8,Kapida odeme,1,2,1
Giyim,460.0,0.2,3,0,4,0.13,34.0,,3,Kart,1,0,1
Giyim,810.0,0.2,2,1,12,0.11,28.0,4.2,3,Kart,0,0,0
Elektronik,5280.0,0.0,2,0,0,,,4.8,2,Kart,0,23,0
Ayakkabi,860.0,0.0,2,1,1,0.15,49.0,4.5,7,Kart,1,17,0
Kozmetik,600.0,0.3,2,0,17,0.3,60.0,4.6,2,Kart,0,11,0
Giyim,680.0,0.0,1,1,2,0.19,38.0,4.3,6,Kart,0,4,0
Ev,410.0,0.5,2,0,4,0.2,,4.3,3,Kapida odeme,0,14,0
Ayakkabi,1370.0,0.0,1,0,0,,,4.6,4,Kart,1,13,1
Elektronik,5110.0,0.1,1,0,8,0.19,48.0,3.7,4,Kart,0,14,0
Elektronik,6970.0,0.1,1,0,10,0.15,31.0,3.9,4,Kart,0,9,0
Ayakkabi,1200.0,0.0,3,0,3,0.02,21.0,4.2,2,Kart,0,1,0
Kozmetik,510.0,0.3,2,0,0,,46.0,4.2,5,Kart,0,11,0
Giyim,710.0,0.0,2,1,17,0.02,35.0,3.6,2,Kart,0,3,0
Giyim,360.0,0.1,2,0,6,0.09,48.0,,2,Kart,0,16,1
Elektronik,2380.0,0.1,2,0,0,,42.0,4.8,4,Kart,0,18,0
Ev,1490.0,0.3,4,0,3,0.1,21.0,4.8,1,Kart,0,21,0
Giyim,1110.0,0.1,3,1,3,0.07,36.0,3.9,2,Kart,0,5,0
Ayakkabi,1620.0,0.5,3,0,6,0.03,25.0,,2,Kart,0,14,1
Kozmetik,690.0,0.3,2,0,2,0.21,47.0,4.0,4,Kart,0,7,0
Ev,1450.0,0.0,2,0,0,,35.0,4.2,4,Kart,0,17,0
Kozmetik,480.0,0.3,1,0,6,0.13,,4.7,3,Kart,0,21,0
Elektronik,2990.0,0.5,3,0,5,0.27,18.0,4.8,1,Kart,0,23,0
Elektronik,9810.0,0.0,7,0,10,0.04,46.0,,4,Kart,0,22,0
Giyim,830.0,0.1,2,0,3,0.32,31.0,4.0,4,Kapida odeme,0,9,1
Kozmetik,290.0,0.0,1,0,2,0.04,31.0,4.9,2,Kart,0,15,0
Ayakkabi,1040.0,0.1,2,0,8,0.22,39.0,4.2,3,Kapida odeme,0,16,0
Ev,1010.0,0.0,3,0,10,0.31,25.0,2.8,4,Kart,0,20,0
Ayakkabi,660.0,0.2,2,1,2,0.09,,,4,Kart,0,14,0
Elektronik,6170.0,0.0,2,0,4,0.09,36.0,3.8,4,Kart,0,1,0
Ev,590.0,0.1,1,0,17,0.09,,4.1,1,Kapida odeme,0,1,0
Ayakkabi,1650.0,0.0,3,1,7,0.2,33.0,4.5,2,Kart,0,7,0
Kozmetik,280.0,0.2,2,0,8,0.12,25.0,3.4,4,Kart,0,4,0
Ayakkabi,1240.0,0.1,2,1,6,0.05,20.0,4.5,4,Kart,0,6,0
Elektronik,3200.0,0.1,3,0,1,0.01,18.0,3.5,3,Kart,0,11,0
Giyim,600.0,0.0,1,1,7,0.05,35.0,3.9,3,Kart,0,11,1
Ayakkabi,3280.0,0.0,2,0,0,,45.0,4.3,6,Kart,0,9,1
Ayakkabi,2610.0,0.0,1,1,1,0.18,44.0,,7,Kapida odeme,0,20,0
Giyim,760.0,0.5,2,1,3,0.08,34.0,3.6,2,Kart,0,1,0
Giyim,640.0,0.0,1,0,0,,48.0,4.4,3,Kart,0,8,0
Elektronik,6580.0,0.2,5,0,4,0.01,29.0,4.4,3,Kart,0,19,0
Elektronik,7480.0,0.0,2,0,1,0.23,,,3,Kart,0,21,1
Elektronik,3100.0,0.2,2,0,2,0.01,29.0,,5,Kapida odeme,0,4,1
Giyim,630.0,0.0,1,0,2,0.12,27.0,5.0,1,Kart,0,15,0
Giyim,290.0,0.1,1,0,13,0.09,42.0,3.5,3,Kart,0,7,0
Giyim,1080.0,0.0,2,1,3,0.21,38.0,3.2,4,Kart,0,22,0
Ev,2280.0,0.0,4,0,6,0.28,,,6,Kart,0,12,1
Ev,930.0,0.0,1,0,3,0.18,19.0,3.7,2,Kapida odeme,1,8,0
Giyim,250.0,0.0,3,1,2,0.15,44.0,4.4,5,Kart,0,0,0
Elektronik,5920.0,0.1,2,0,5,0.57,41.0,4.5,4,Kart,0,17,0
Giyim,430.0,0.5,2,0,2,0.26,30.0,4.2,3,Kapida odeme,0,1,1
Giyim,480.0,0.1,1,0,1,0.04,40.0,4.3,3,Kart,0,19,0
Giyim,860.0,0.3,2,0,3,0.03,45.0,5.0,3,Kart,0,17,0
Giyim,730.0,0.1,2,0,3,0.16,,3.9,1,Kapida odeme,0,14,1
Elektronik,3610.0,0.0,3,0,6,0.27,27.0,,7,Kart,1,9,1
Kozmetik,260.0,0.0,2,0,12,0.07,31.0,3.6,2,Kapida odeme,1,0,0
Giyim,690.0,0.0,2,1,5,0.15,18.0,4.4,4,Kart,0,14,0
Elektronik,3740.0,0.0,2,0,11,0.33,37.0,4.4,6,Kart,0,5,0
Ev,550.0,0.3,2,0,12,0.33,43.0,4.2,3,Kart,0,11,0
Kozmetik,300.0,0.2,1,0,5,0.15,40.0,4.6,1,Kart,0,7,0
Elektronik,5240.0,0.1,2,0,0,,39.0,4.2,4,Kart,0,14,0
Giyim,600.0,0.1,3,1,3,0.66,44.0,4.3,6,Kart,0,22,1
Elektronik,2380.0,0.0,4,0,6,0.22,33.0,3.9,3,Kart,0,17,0
Giyim,1010.0,0.1,3,0,6,0.07,18.0,3.8,4,Kart,0,8,1
Kozmetik,100.0,0.0,1,0,4,0.14,35.0,3.7,1,Kapida odeme,0,0,0
Ayakkabi,1150.0,0.0,1,1,2,0.09,47.0,3.9,4,Kapida odeme,0,9,0
Ev,680.0,0.0,2,0,5,0.38,38.0,3.6,4,Kart,0,18,0
Giyim,690.0,0.0,3,0,7,0.1,,5.0,5,Kart,0,23,1
Ayakkabi,1800.0,0.2,1,0,2,0.09,42.0,4.1,6,Kart,0,20,0
Ev,1490.0,0.0,3,0,0,,,4.2,2,Kart,0,5,0
Elektronik,3270.0,0.0,1,0,3,0.12,32.0,3.7,2,Kapida odeme,0,17,0
Ayakkabi,1820.0,0.3,1,1,1,0.36,35.0,5.0,5,Kart,0,1,0
Kozmetik,380.0,0.5,3,0,0,,31.0,4.1,2,Kapida odeme,0,9,0
Ev,420.0,0.1,1,0,1,0.1,40.0,3.9,2,Kart,0,19,0
Giyim,1530.0,0.1,1,1,8,0.04,25.0,4.0,5,Kart,0,4,0
Elektronik,2360.0,0.2,3,0,2,0.12,37.0,4.1,4,Kart,0,3,0
Ayakkabi,1690.0,0.0,2,1,6,0.09,43.0,4.1,2,Kart,0,22,0
Elektronik,5360.0,0.0,3,0,8,0.07,36.0,3.6,2,Kart,0,5,0
Giyim,740.0,0.0,2,0,8,0.17,36.0,4.6,1,Kart,0,9,0
Giyim,520.0,0.0,3,1,5,0.14,35.0,3.7,3,Kart,1,2,1
Kozmetik,510.0,0.5,2,0,0,,39.0,4.6,7,Kart,0,15,0
Kozmetik,170.0,0.2,1,0,3,0.15,30.0,3.6,2,Kart,0,9,0
Ev,870.0,0.5,5,0,5,0.02,33.0,4.3,1,Kart,0,21,0
Kozmetik,270.0,0.2,3,0,3,0.27,25.0,3.7,3,Kapida odeme,0,12,0
Ev,660.0,0.1,3,0,1,0.06,31.0,,3,Kart,1,4,0
Ev,1090.0,0.2,4,0,11,0.2,18.0,4.4,1,Kart,0,17,0
Ev,1460.0,0.2,3,0,6,0.12,,4.7,1,Kart,0,3,0
Ayakkabi,1200.0,0.1,6,1,7,0.23,,5.0,5,Kart,1,6,0
Ayakkabi,1990.0,0.0,3,0,16,0.15,33.0,4.4,4,Kart,0,0,1
Giyim,660.0,0.1,1,0,0,,43.0,4.2,3,Kart,0,14,1
Elektronik,3010.0,0.0,1,0,7,0.33,47.0,3.8,3,Kart,1,23,0
Giyim,580.0,0.1,2,1,0,,34.0,3.4,2,Kart,0,4,1
Giyim,570.0,0.0,2,0,6,0.07,24.0,4.5,2,Kart,0,15,0
Elektronik,3290.0,0.1,6,0,5,0.06,45.0,4.1,2,Kapida odeme,0,16,0
Ayakkabi,1700.0,0.0,1,0,3,0.15,43.0,4.2,4,Kart,1,20,1
Giyim,720.0,0.0,1,0,15,0.16,38.0,4.0,2,Kapida odeme,0,0,1
Ev,440.0,0.1,1,0,0,,29.0,3.9,4,Kart,0,14,1
Ev,430.0,0.0,2,0,2,0.17,38.0,4.5,2,Kart,0,16,0
Giyim,790.0,0.5,3,1,4,0.32,31.0,,4,Kart,0,17,1
Giyim,450.0,0.0,7,0,7,0.11,27.0,3.7,1,Kart,0,19,1
Giyim,740.0,0.0,1,0,16,0.11,38.0,3.4,6,Kapida odeme,0,17,1
Ev,1280.0,0.0,2,0,0,,24.0,4.1,4,Kart,1,21,0
Ev,510.0,0.3,1,0,19,0.16,42.0,3.9,3,Kapida odeme,0,2,0
Giyim,340.0,0.1,1,1,14,0.17,37.0,4.7,1,Kart,0,18,0
Ev,1910.0,0.0,1,0,4,0.21,33.0,4.4,1,Kart,0,2,0
Giyim,760.0,0.0,1,0,1,0.2,34.0,5.0,1,Kart,1,6,0
Ayakkabi,1160.0,0.2,1,1,11,0.07,23.0,4.7,3,Kart,1,4,0
Kozmetik,230.0,0.5,3,0,6,0.09,24.0,4.2,2,Kart,0,23,0
Giyim,520.0,0.0,2,0,5,0.05,51.0,4.3,3,Kart,0,2,0
Giyim,380.0,0.0,2,0,6,0.09,32.0,4.4,1,Kart,0,11,1
Ayakkabi,2080.0,0.0,2,0,27,0.25,20.0,,1,Kart,0,3,1
Elektronik,3170.0,0.0,5,0,5,0.09,43.0,4.4,1,Kart,0,21,0
Kozmetik,570.0,0.2,2,0,5,0.09,24.0,4.8,2,Kart,0,19,0
Kozmetik,290.0,0.5,1,0,5,0.06,40.0,3.9,3,Kart,0,11,0
Giyim,410.0,0.5,4,1,6,0.41,49.0,4.1,6,Kart,0,11,1
Giyim,540.0,0.2,1,1,16,0.17,32.0,4.5,7,Kart,0,3,0
Ev,280.0,0.0,2,0,1,0.26,46.0,4.9,4,Kapida odeme,0,4,0
Giyim,620.0,0.5,2,1,16,0.43,,3.9,4,Kart,0,1,0
Kozmetik,320.0,0.0,1,0,26,0.07,50.0,4.3,5,Kart,1,22,0
Elektronik,6520.0,0.0,1,0,1,0.03,40.0,4.2,4,Kart,1,3,0
Giyim,280.0,0.2,2,0,15,0.15,29.0,4.1,4,Kart,0,11,0
Ev,1520.0,0.0,3,0,2,0.16,18.0,3.4,5,Kart,1,17,0
Giyim,940.0,0.3,2,0,14,0.11,26.0,3.9,3,Kart,0,22,0
Ayakkabi,2460.0,0.5,1,1,10,0.07,29.0,,1,Kapida odeme,0,10,1
Elektronik,4390.0,0.2,2,0,3,0.18,44.0,4.1,4,Kart,0,3,0
Ayakkabi,2210.0,0.2,5,1,1,0.03,46.0,4.0,6,Kapida odeme,0,6,1
Ev,460.0,0.0,2,0,8,0.18,23.0,3.7,1,Kart,0,0,0
Elektronik,6200.0,0.0,1,0,17,0.1,46.0,4.1,2,Kapida odeme,1,3,0
Kozmetik,250.0,0.2,3,0,13,0.25,26.0,5.0,7,Kart,1,20,0
Kozmetik,170.0,0.1,6,0,0,,26.0,3.9,4,Kapida odeme,0,6,0
Ayakkabi,840.0,0.3,4,0,3,0.1,20.0,4.0,2,Kart,0,7,1
Giyim,650.0,0.0,2,0,5,0.16,37.0,4.1,2,Kart,0,12,0
Ev,620.0,0.0,1,0,0,,,3.9,3,Kapida odeme,0,13,0
Kozmetik,410.0,0.0,2,0,15,0.23,47.0,3.5,4,Kart,0,20,0
Giyim,290.0,0.2,2,1,0,,,5.0,2,Kart,0,8,1
Ayakkabi,540.0,0.2,2,0,2,0.17,41.0,,3,Kapida odeme,0,22,1
Ayakkabi,2600.0,0.5,4,0,9,0.13,22.0,3.4,3,Kart,1,22,1
Giyim,980.0,0.0,2,1,3,0.36,44.0,4.5,4,Kart,0,9,0
Elektronik,2810.0,0.1,3,0,0,,35.0,3.3,4,Kart,0,1,0
Ayakkabi,1400.0,0.0,2,1,4,0.18,37.0,4.5,2,Kart,1,10,0
Ev,1420.0,0.0,1,0,24,0.16,30.0,4.6,4,Kart,0,8,0
Ev,1090.0,0.0,3,0,0,,30.0,3.8,2,Kapida odeme,0,2,1
Ev,960.0,0.1,3,0,1,0.22,39.0,4.2,2,Kart,0,13,0
Ayakkabi,2290.0,0.1,2,1,2,0.15,52.0,4.2,2,Kart,0,15,0
Giyim,470.0,0.0,4,1,7,0.13,24.0,,3,Kart,0,23,0
Ev,910.0,0.1,1,0,8,0.35,31.0,3.9,2,Kart,0,13,1
Ev,890.0,0.3,2,0,1,0.17,28.0,4.1,5,Kart,1,2,0
Ayakkabi,1240.0,0.0,4,1,10,0.13,19.0,4.0,3,Kart,0,0,0
Kozmetik,290.0,0.0,1,0,1,0.23,19.0,4.5,3,Kapida odeme,0,0,0
Giyim,670.0,0.2,2,0,7,0.08,27.0,4.1,5,Kart,1,12,1
Ev,910.0,0.2,1,0,23,0.06,30.0,4.4,4,Kart,0,18,0
Giyim,410.0,0.3,1,0,1,0.3,48.0,4.0,1,Kart,0,16,1
Giyim,930.0,0.0,3,0,7,0.15,44.0,4.5,2,Kart,0,7,1
Elektronik,2900.0,0.1,1,0,6,0.12,26.0,4.6,5,Kart,0,10,0
Giyim,590.0,0.3,3,0,0,,42.0,3.3,6,Kart,0,8,1
Giyim,570.0,0.0,2,0,3,0.23,26.0,4.4,3,Kart,0,1,0
Giyim,760.0,0.0,2,1,5,0.46,33.0,3.9,2,Kart,1,19,0
Ayakkabi,540.0,0.5,2,1,1,0.11,37.0,4.0,4,Kart,0,7,0
Ev,1340.0,0.0,1,0,1,0.09,55.0,4.3,2,Kapida odeme,1,9,0
Giyim,480.0,0.2,2,0,9,0.5,37.0,4.3,2,Kart,0,16,1
Elektronik,7790.0,0.3,2,0,2,0.16,19.0,4.1,2,Kart,0,16,0
Ev,730.0,0.0,2,0,1,0.27,41.0,4.5,4,Kart,0,15,0
Giyim,640.0,0.2,3,0,9,0.1,45.0,4.3,2,Kart,0,5,1
Giyim,1540.0,0.1,5,1,1,0.34,43.0,3.9,1,Kart,0,8,1
Ev,790.0,0.3,3,0,0,,24.0,,4,Kart,1,17,1
Ev,1570.0,0.3,5,0,4,0.17,35.0,4.7,3,Kart,0,6,0
Elektronik,4580.0,0.3,2,0,2,0.07,34.0,4.2,5,Kart,1,15,0
Ev,1080.0,0.0,3,0,3,0.1,52.0,3.9,3,Kart,0,9,0
Giyim,670.0,0.2,3,1,0,,,3.9,2,Kapida odeme,0,15,1
Ayakkabi,2050.0,0.5,4,1,6,0.26,51.0,5.0,3,Kart,0,22,0
Ev,660.0,0.1,1,0,2,0.13,27.0,4.1,5,Kapida odeme,0,17,0
Giyim,420.0,0.1,1,1,0,,32.0,4.3,4,Kart,1,16,0
Ev,680.0,0.0,2,0,2,0.03,29.0,,3,Kart,0,11,0
Ayakkabi,1460.0,0.3,3,0,0,,44.0,3.0,3,Kart,0,23,1
Ev,810.0,0.0,3,0,14,0.13,,,1,Kart,0,4,0
Ayakkabi,1930.0,0.0,2,0,6,0.06,,5.0,4,Kart,0,16,0
Ayakkabi,2520.0,0.5,3,0,12,0.06,35.0,2.9,4,Kart,1,12,1
Giyim,420.0,0.5,2,0,1,0.05,38.0,3.5,3,Kart,0,1,0
Giyim,470.0,0.5,1,1,1,0.04,20.0,4.0,2,Kapida odeme,0,1,0
Ev,470.0,0.1,3,0,3,0.1,30.0,3.8,1,Kart,1,17,0
Giyim,1620.0,0.0,3,0,1,0.04,31.0,3.9,2,Kart,0,19,0
Giyim,750.0,0.1,4,0,5,0.24,34.0,,4,Kart,0,3,1
Giyim,810.0,0.0,1,1,6,0.28,27.0,4.1,4,Kart,0,20,0
Giyim,360.0,0.3,3,0,2,0.25,26.0,4.4,2,Kart,0,1,1
Ev,900.0,0.1,3,0,1,0.12,18.0,4.4,1,Kart,0,2,0
Ayakkabi,1760.0,0.0,3,1,16,0.16,38.0,3.8,3,Kart,0,20,1
Kozmetik,310.0,0.0,5,0,4,0.33,20.0,4.6,1,Kapida odeme,0,13,0
Giyim,1050.0,0.0,4,1,3,0.17,44.0,4.3,3,Kart,0,8,0
Elektronik,12740.0,0.3,1,0,3,0.14,37.0,4.7,4,Kart,0,7,0
Ayakkabi,910.0,0.2,3,0,3,0.03,43.0,,3,Kart,0,22,1
Ayakkabi,880.0,0.0,2,0,2,0.17,25.0,4.1,2,Kart,0,8,0
Ev,610.0,0.0,2,0,3,0.15,53.0,4.1,2,Kart,1,8,1
Kozmetik,720.0,0.0,2,0,9,0.09,56.0,4.4,2,Kart,1,5,0
Ev,1440.0,0.0,2,0,2,0.08,34.0,4.8,3,Kart,0,16,0
Giyim,610.0,0.5,1,0,2,0.48,38.0,4.3,4,Kapida odeme,0,9,1
Giyim,660.0,0.2,1,1,1,0.14,34.0,,7,Kapida odeme,0,20,1
Elektronik,3120.0,0.0,2,0,1,0.21,44.0,4.5,3,Kart,0,20,0
Giyim,970.0,0.2,2,1,5,0.04,42.0,3.4,3,Kart,0,15,0
Ev,760.0,0.0,2,0,4,0.07,18.0,3.6,3,Kapida odeme,1,15,0
Elektronik,4000.0,0.0,3,0,2,0.26,26.0,4.3,4,Kart,0,5,0
Elektronik,5920.0,0.1,2,0,2,0.1,38.0,3.8,2,Kart,0,23,0
Ev,830.0,0.0,2,0,20,0.17,42.0,4.1,1,Kart,0,22,0
Ev,810.0,0.1,2,0,6,0.08,,4.2,6,Kart,0,9,0
Giyim,650.0,0.3,3,1,13,0.13,,5.0,8,Kart,1,20,0
Giyim,930.0,0.5,2,0,9,0.04,40.0,4.1,2,Kart,1,17,1
Elektronik,9440.0,0.0,4,0,3,0.13,52.0,3.2,2,Kart,0,3,0
Ayakkabi,1820.0,0.1,4,0,11,0.33,18.0,4.3,2,Kart,0,3,1
Giyim,930.0,0.0,3,0,1,0.36,43.0,4.7,4,Kart,0,9,1
Ayakkabi,1280.0,0.1,2,0,15,0.34,52.0,,3,Kart,0,8,1
Ev,650.0,0.0,3,0,8,0.1,43.0,4.4,3,Kart,0,10,0
Ev,1210.0,0.1,2,0,6,0.13,33.0,,6,Kart,0,13,0
Elektronik,4860.0,0.0,1,0,4,0.16,43.0,4.0,2,Kart,1,12,0
Ayakkabi,740.0,0.5,3,0,2,0.11,33.0,3.8,3,Kapida odeme,1,13,1
Giyim,560.0,0.3,1,1,29,0.08,39.0,3.9,4,Kart,0,22,0
Ayakkabi,1350.0,0.0,2,1,0,,35.0,,3,Kart,0,11,0
Giyim,520.0,0.2,2,1,0,,35.0,4.6,3,Kart,0,22,1
Elektronik,8770.0,0.0,2,0,3,0.18,26.0,5.0,6,Kapida odeme,0,21,0
Elektronik,5580.0,0.2,1,0,6,0.26,,4.3,2,Kart,1,19,0
Giyim,1210.0,0.0,4,0,5,0.18,,4.4,2,Kapida odeme,0,12,1
Giyim,730.0,0.0,2,0,0,,28.0,3.1,3,Kapida odeme,0,13,1
Giyim,670.0,0.2,2,1,15,0.19,18.0,,1,Kapida odeme,0,21,1
Kozmetik,230.0,0.1,4,0,4,0.28,69.0,4.9,3,Kapida odeme,0,8,0
Elektronik,4520.0,0.1,1,0,4,0.0,,4.2,4,Kapida odeme,0,0,0
Giyim,650.0,0.1,3,1,7,0.1,31.0,4.2,4,Kapida odeme,0,16,1
Kozmetik,190.0,0.0,3,0,2,0.41,30.0,5.0,7,Kart,1,20,0
Ayakkabi,1100.0,0.0,3,1,14,0.14,34.0,4.7,3,Kart,0,19,0
Ayakkabi,1210.0,0.1,2,1,7,0.25,26.0,4.5,3,Kart,0,3,0
Kozmetik,420.0,0.1,1,0,6,0.1,49.0,4.2,3,Kart,0,17,0
Giyim,800.0,0.0,1,0,2,0.1,32.0,4.3,5,Kart,1,14,0
Giyim,500.0,0.0,2,1,12,0.21,24.0,5.0,7,Kapida odeme,0,1,0
Elektronik,5560.0,0.1,2,0,1,0.33,18.0,5.0,3,Kart,0,15,0
Giyim,600.0,0.2,1,0,0,,,4.0,3,Kart,0,11,0
Elektronik,1240.0,0.3,1,0,0,,30.0,3.5,3,Kart,1,21,1
Giyim,520.0,0.0,2,1,3,0.08,38.0,4.2,3,Kart,1,22,0
Giyim,1060.0,0.1,1,1,6,0.21,25.0,4.5,3,Kart,1,7,0
Giyim,300.0,0.1,4,1,8,0.13,35.0,5.0,3,Kart,0,1,0
Ayakkabi,1470.0,0.0,4,1,16,0.2,34.0,4.2,3,Kart,1,5,0
Giyim,1330.0,0.0,1,0,1,0.32,43.0,4.0,3,Kart,0,21,1
Giyim,460.0,0.0,2,0,6,0.06,36.0,4.7,4,Kart,0,21,0
Ev,900.0,0.3,2,0,10,0.12,23.0,3.8,3,Kart,0,0,0
Giyim,360.0,0.0,1,1,2,0.33,58.0,4.1,3,Kart,0,8,1
Ayakkabi,2910.0,0.1,1,0,0,,38.0,4.2,4,Kart,0,9,1
Giyim,630.0,0.1,1,0,1,0.08,25.0,4.2,3,Kart,0,17,0
Ayakkabi,1430.0,0.0,2,1,7,0.09,36.0,4.8,4,Kapida odeme,0,1,0
Giyim,1200.0,0.3,2,1,23,0.42,38.0,4.4,4,Kart,0,1,0
Elektronik,6060.0,0.2,4,0,11,0.14,39.0,4.0,3,Kart,0,10,0
Giyim,440.0,0.0,2,1,11,0.12,38.0,4.1,8,Kart,0,1,0
Kozmetik,260.0,0.2,3,0,8,0.02,36.0,,6,Kart,0,2,0
Kozmetik,440.0,0.1,2,0,4,0.15,43.0,3.6,3,Kart,0,18,0
Giyim,490.0,0.0,2,1,0,,41.0,3.4,3,Kart,0,20,1
Giyim,250.0,0.2,1,0,0,,41.0,3.6,2,Kart,0,0,1
Giyim,630.0,0.2,4,0,1,0.27,18.0,4.3,1,Kart,0,20,1
Elektronik,2310.0,0.0,4,0,1,0.19,18.0,4.7,2,Kart,0,7,0
Giyim,1350.0,0.5,1,1,12,0.02,26.0,4.1,3,Kart,1,1,0
Ev,970.0,0.1,4,0,3,0.07,32.0,3.9,7,Kart,0,4,0
Ev,600.0,0.1,1,0,0,,26.0,,2,Kart,1,9,1
Ev,660.0,0.0,1,0,3,0.15,24.0,3.4,4,Kapida odeme,1,15,0
Ayakkabi,600.0,0.0,3,1,1,0.03,36.0,4.9,4,Kapida odeme,0,8,0
Kozmetik,210.0,0.0,1,0,19,0.04,25.0,4.1,4,Kart,0,7,0
Giyim,1030.0,0.1,2,0,9,0.28,,4.3,4,Kart,1,11,0
Ayakkabi,3820.0,0.1,3,1,9,0.46,20.0,,3,Kart,0,6,1
Giyim,900.0,0.2,2,0,13,0.05,28.0,4.8,3,Kart,0,5,0
Kozmetik,340.0,0.0,1,0,4,0.02,,4.1,3,Kart,0,20,0
Elektronik,3710.0,0.2,2,0,7,0.2,43.0,3.8,5,Kart,0,9,0
Ev,590.0,0.3,2,0,8,0.06,38.0,4.2,3,Kart,0,0,0
Giyim,1640.0,0.2,1,0,1,0.2,18.0,4.1,3,Kapida odeme,0,22,1
Kozmetik,320.0,0.2,2,0,1,0.16,49.0,,4,Kapida odeme,0,4,0
Ayakkabi,3630.0,0.3,3,0,4,0.03,32.0,3.6,4,Kart,1,8,1
Ayakkabi,2620.0,0.0,2,0,3,0.12,35.0,4.4,4,Kart,1,14,0
Kozmetik,160.0,0.2,1,0,3,0.11,35.0,4.8,3,Kart,0,7,0
Ayakkabi,1040.0,0.5,1,1,2,0.12,25.0,,2,Kart,1,2,0
Ayakkabi,1040.0,0.1,3,0,11,0.1,40.0,3.9,2,Kart,0,5,0
Elektronik,4340.0,0.0,2,0,8,0.2,18.0,5.0,2,Kart,0,17,0
Giyim,630.0,0.5,1,1,0,,,3.7,2,Kart,0,15,1
Giyim,2500.0,0.0,1,0,11,0.23,,4.3,3,Kart,0,19,1
Giyim,400.0,0.0,2,0,16,0.23,38.0,4.7,2,Kart,0,10,0
Giyim,720.0,0.0,2,0,4,0.2,39.0,,4,Kart,0,22,1
Ev,1190.0,0.1,2,0,2,0.1,30.0,4.8,2,Kart,0,7,0
Elektronik,4500.0,0.0,2,0,2,0.03,47.0,3.7,4,Kart,0,19,0
Ayakkabi,1470.0,0.1,4,1,20,0.49,27.0,4.1,3,Kart,0,5,1
Ayakkabi,870.0,0.5,3,0,10,0.12,24.0,4.1,5,Kart,0,18,1
Ayakkabi,1470.0,0.1,3,1,10,0.05,35.0,4.7,4,Kapida odeme,0,17,0
Elektronik,5660.0,0.1,3,0,9,0.07,20.0,4.1,3,Kart,0,3,0
Kozmetik,410.0,0.3,2,0,3,0.05,28.0,4.3,4,Kart,0,4,0
Kozmetik,450.0,0.3,2,0,6,0.12,37.0,4.1,2,Kart,0,0,0
Ayakkabi,2640.0,0.0,2,0,9,0.1,41.0,,4,Kart,0,22,1
Giyim,990.0,0.0,1,0,1,0.23,34.0,3.9,6,Kart,0,11,1
Ayakkabi,1450.0,0.1,1,1,14,0.35,25.0,3.7,4,Kart,0,13,0
Elektronik,2660.0,0.3,1,0,3,0.22,31.0,4.0,3,Kapida odeme,0,17,0
Ayakkabi,1070.0,0.1,1,1,8,0.33,27.0,3.8,6,Kart,0,13,0
Elektronik,4080.0,0.0,4,0,10,0.22,33.0,4.1,3,Kapida odeme,1,1,1
Elektronik,5040.0,0.2,2,0,2,0.14,28.0,4.6,6,Kart,0,13,0
Giyim,520.0,0.2,4,1,2,0.06,24.0,3.6,7,Kart,0,22,1
Giyim,430.0,0.1,2,1,1,0.16,23.0,4.0,6,Kapida odeme,0,1,0
Ayakkabi,820.0,0.3,2,0,3,0.2,18.0,5.0,3,Kart,0,13,0
Giyim,310.0,0.2,4,0,14,0.25,45.0,3.4,3,Kart,1,21,1
Giyim,580.0,0.2,6,1,0,,41.0,3.7,3,Kapida odeme,0,5,1
Ev,460.0,0.2,2,0,9,0.08,,,5,Kart,1,9,0
Ayakkabi,890.0,0.2,3,0,4,0.13,41.0,3.5,3,Kart,0,19,0
Giyim,540.0,0.1,1,1,2,0.2,34.0,4.1,2,Kart,1,3,0
Elektronik,2470.0,0.1,2,0,0,,21.0,5.0,5,Kart,1,3,0
Ev,1070.0,0.2,3,0,15,0.37,,3.9,1,Kart,0,11,0
Giyim,910.0,0.1,2,1,4,0.17,33.0,3.8,4,Kart,0,0,0
Ev,700.0,0.1,2,0,4,0.3,41.0,,1,Kart,0,8,1
Kozmetik,290.0,0.0,2,0,4,0.41,40.0,3.8,8,Kapida odeme,0,6,0
Elektronik,5730.0,0.2,2,0,14,0.46,,4.1,3,Kart,0,15,0
Elektronik,3260.0,0.1,2,0,6,0.37,,5.0,4,Kart,0,15,0
Giyim,460.0,0.0,2,0,12,0.09,32.0,4.1,2,Kapida odeme,0,0,0
Kozmetik,600.0,0.0,1,0,3,0.27,27.0,4.1,3,Kapida odeme,1,16,0
Ayakkabi,2080.0,0.0,2,1,6,0.33,44.0,,5,Kart,1,8,0
Kozmetik,460.0,0.5,4,0,3,0.29,36.0,3.8,3,Kart,0,7,0
Elektronik,6830.0,0.3,2,0,6,0.14,39.0,3.1,1,Kart,0,13,0
Giyim,270.0,0.1,2,0,13,0.11,23.0,4.8,4,Kart,0,0,1
Giyim,1200.0,0.0,5,0,2,0.17,29.0,,3,Kart,0,18,1
Ev,1070.0,0.2,1,0,5,0.16,,4.7,2,Kapida odeme,0,14,0
Elektronik,7090.0,0.1,3,0,1,0.74,31.0,4.3,5,Kart,0,0,0
Giyim,770.0,0.5,3,0,2,0.07,32.0,4.7,3,Kart,0,12,1
Ev,920.0,0.0,1,0,3,0.16,23.0,3.5,4,Kapida odeme,0,20,0
Ev,800.0,0.0,2,0,0,,36.0,4.2,3,Kart,0,11,0
Ayakkabi,1650.0,0.1,2,0,6,0.16,23.0,4.4,1,Kart,0,12,0
Ayakkabi,1220.0,0.0,3,1,14,0.08,38.0,4.8,4,Kart,0,13,0
Giyim,960.0,0.1,2,1,7,0.21,24.0,4.4,4,Kart,0,1,0
Ev,440.0,0.2,2,0,2,0.04,32.0,,4,Kart,1,8,0
Giyim,510.0,0.0,2,0,8,0.24,50.0,4.3,4,Kart,0,5,0
Ev,2260.0,0.0,2,0,8,0.09,38.0,3.5,3,Kapida odeme,0,21,0
Ayakkabi,1060.0,0.2,5,1,8,0.36,31.0,,2,Kart,0,0,0
Elektronik,4040.0,0.3,6,0,3,0.05,43.0,4.0,3,Kapida odeme,0,21,0
Giyim,440.0,0.1,1,0,9,0.1,27.0,4.6,5,Kart,0,12,0
Giyim,760.0,0.0,3,0,3,0.15,24.0,4.4,5,Kart,0,13,1
Ev,650.0,0.1,3,0,6,0.51,30.0,4.9,1,Kart,0,6,0
Ayakkabi,1290.0,0.1,2,0,10,0.21,45.0,4.4,2,Kart,1,7,0
Elektronik,6590.0,0.2,2,0,1,0.38,44.0,4.1,3,Kart,0,0,0
Kozmetik,260.0,0.1,2,0,0,,29.0,4.8,2,Kart,1,4,0
Kozmetik,500.0,0.0,3,0,8,0.17,31.0,3.6,4,Kart,0,2,0
Ev,1300.0,0.2,3,0,4,0.08,38.0,4.1,3,Kart,0,12,0
Giyim,1040.0,0.1,1,0,2,0.13,58.0,3.8,1,Kart,0,17,0
Elektronik,4790.0,0.0,2,0,11,0.2,,3.7,3,Kart,0,17,0
Ev,3870.0,0.1,2,0,0,,48.0,3.7,3,Kart,1,1,1
Ayakkabi,2250.0,0.5,2,0,2,0.17,36.0,3.9,4,Kart,0,12,0
Giyim,750.0,0.2,1,1,5,0.29,43.0,4.3,6,Kapida odeme,0,18,1
Ev,610.0,0.0,2,0,2,0.14,44.0,4.0,2,Kapida odeme,0,22,0
Ayakkabi,1340.0,0.2,2,0,6,0.08,36.0,,4,Kart,0,19,1
Elektronik,8550.0,0.0,2,0,0,,,4.3,4,Kart,0,7,1
Kozmetik,760.0,0.1,5,0,7,0.21,32.0,3.1,3,Kapida odeme,0,2,0
Elektronik,8750.0,0.1,2,0,1,0.02,38.0,4.3,4,Kart,0,4,0
Ayakkabi,1990.0,0.0,2,1,3,0.26,46.0,3.9,5,Kart,0,17,1
Ayakkabi,800.0,0.0,2,0,4,0.02,47.0,,5,Kart,0,15,1
Ayakkabi,1740.0,0.5,2,1,5,0.26,46.0,4.3,5,Kart,0,22,0
Giyim,370.0,0.0,2,0,0,,29.0,4.2,4,Kart,0,8,1
Ev,460.0,0.3,3,0,7,0.34,,4.3,4,Kart,0,22,0
Ev,1000.0,0.2,4,0,0,,26.0,4.5,2,Kart,0,10,0
Giyim,820.0,0.1,2,1,2,0.08,36.0,3.9,2,Kart,0,13,0
Giyim,980.0,0.0,3,0,2,0.36,43.0,3.8,5,Kapida odeme,0,19,1
Ev,1130.0,0.0,1,0,21,0.3,28.0,4.2,6,Kart,1,0,0
Giyim,830.0,0.0,2,0,0,,32.0,4.0,6,Kapida odeme,0,5,1
Ayakkabi,900.0,0.1,3,0,0,,40.0,5.0,1,Kart,1,11,1
Ayakkabi,1340.0,0.5,2,1,0,,31.0,4.1,4,Kapida odeme,1,13,0
Ev,460.0,0.3,1,0,1,0.18,32.0,4.2,3,Kart,0,17,0
Giyim,260.0,0.0,3,0,21,0.13,45.0,3.8,3,Kart,0,21,1
Elektronik,6280.0,0.0,3,0,10,0.13,34.0,,1,Kart,0,6,0
Ayakkabi,1000.0,0.0,2,0,2,0.12,27.0,3.4,3,Kart,0,5,1
Elektronik,6660.0,0.5,1,0,5,0.1,35.0,,4,Kapida odeme,0,15,1
Giyim,1070.0,0.0,3,1,0,,38.0,4.1,7,Kart,0,17,1
Ayakkabi,1060.0,0.0,2,1,4,0.17,59.0,4.7,2,Kart,1,17,0
Ayakkabi,1830.0,0.1,2,1,4,0.41,49.0,4.1,4,Kart,0,11,1
Giyim,480.0,0.1,1,1,0,,66.0,4.0,6,Kart,0,16,0
Giyim,280.0,0.0,3,1,11,0.42,23.0,4.3,3,Kart,0,9,1
Giyim,690.0,0.2,2,0,13,0.05,48.0,,4,Kart,0,6,0
Giyim,530.0,0.0,3,0,1,0.16,50.0,4.6,3,Kart,0,7,0
Giyim,530.0,0.0,3,0,15,0.24,34.0,4.8,3,Kart,1,22,1
Kozmetik,850.0,0.0,2,0,12,0.13,30.0,4.1,8,Kapida odeme,1,7,1
Ayakkabi,700.0,0.0,1,0,3,0.11,41.0,3.7,3,Kart,0,3,0
Ev,1070.0,0.5,1,0,2,0.33,31.0,4.1,2,Kart,0,16,0
Kozmetik,220.0,0.1,1,0,4,0.07,23.0,4.2,3,Kart,0,2,0
Giyim,980.0,0.2,2,1,1,0.12,20.0,3.5,6,Kart,0,15,0
Elektronik,5150.0,0.0,2,0,3,0.23,19.0,4.0,3,Kart,0,3,0
Ev,1070.0,0.2,1,0,3,0.05,36.0,3.5,1,Kart,1,0,0
Elektronik,2940.0,0.5,2,0,3,0.11,41.0,4.3,2,Kart,0,11,0
Ayakkabi,990.0,0.0,2,1,7,0.01,24.0,3.7,2,Kart,0,14,0
Ayakkabi,2120.0,0.5,2,0,0,,39.0,4.0,2,Kapida odeme,0,7,1
Giyim,1440.0,0.1,2,0,1,0.08,,4.1,2,Kart,1,15,0
Elektronik,5590.0,0.2,2,0,0,,37.0,3.6,5,Kart,0,11,1
Kozmetik,230.0,0.0,1,0,12,0.16,41.0,4.2,3,Kart,0,15,0
Kozmetik,410.0,0.1,2,0,11,0.27,36.0,3.7,5,Kart,0,11,0
Giyim,1940.0,0.1,3,0,7,0.09,47.0,4.8,4,Kart,0,12,0
Ev,940.0,0.5,3,0,3,0.31,40.0,4.8,3,Kart,1,3,0
Giyim,1250.0,0.3,1,0,4,0.53,21.0,4.7,3,Kart,0,3,1
Kozmetik,250.0,0.0,2,0,0,,52.0,4.2,2,Kart,0,1,0
Giyim,640.0,0.5,1,0,3,0.13,24.0,4.3,2,Kart,0,10,1
Kozmetik,460.0,0.3,1,0,7,0.13,34.0,4.1,5,Kart,0,11,0
Ev,1080.0,0.1,2,0,3,0.46,60.0,4.4,4,Kart,0,6,0
Giyim,460.0,0.0,2,1,1,0.05,39.0,4.9,2,Kapida odeme,1,22,0
Giyim,450.0,0.0,3,0,8,0.08,26.0,,4,Kart,0,5,1
Ev,1400.0,0.0,1,0,2,0.27,37.0,4.4,4,Kapida odeme,1,4,1
Giyim,1110.0,0.0,2,1,1,0.4,39.0,3.4,4,Kart,0,14,0
Elektronik,8890.0,0.5,2,0,4,0.18,36.0,4.0,3,Kart,0,7,0
Kozmetik,790.0,0.0,2,0,5,0.0,29.0,4.1,6,Kapida odeme,1,3,0
Elektronik,4780.0,0.2,4,0,6,0.23,21.0,4.3,4,Kart,0,21,0
Ayakkabi,1220.0,0.1,3,0,8,0.06,22.0,4.5,2,Kart,1,8,1
Ayakkabi,2570.0,0.1,3,1,10,0.28,26.0,,2,Kart,0,15,1
Giyim,900.0,0.0,2,0,8,0.11,47.0,3.5,2,Kart,0,17,0
Kozmetik,220.0,0.1,2,0,17,0.13,22.0,,6,Kart,0,13,1
Giyim,410.0,0.1,2,0,13,0.15,36.0,5.0,4,Kart,1,18,0
Giyim,810.0,0.1,3,0,3,0.32,48.0,4.0,2,Kart,0,19,0
Giyim,600.0,0.0,2,0,4,0.1,41.0,3.9,6,Kapida odeme,0,21,1
Kozmetik,350.0,0.2,2,0,6,0.51,48.0,4.3,3,Kapida odeme,1,11,0
Giyim,1050.0,0.0,1,1,16,0.34,28.0,4.1,5,Kart,0,19,0
Ev,1270.0,0.1,4,0,1,0.18,40.0,4.1,2,Kart,0,16,0
Ev,1640.0,0.0,2,0,7,0.45,46.0,4.8,4,Kart,0,3,0
Ev,380.0,0.0,4,0,3,0.05,43.0,5.0,1,Kart,0,11,0
Kozmetik,390.0,0.3,1,0,1,0.16,43.0,4.1,5,Kart,0,6,0
Ev,1230.0,0.0,3,0,5,0.12,22.0,5.0,3,Kart,0,7,0
Kozmetik,180.0,0.5,5,0,0,,41.0,4.0,3,Kart,0,10,0
Giyim,480.0,0.3,2,0,0,,39.0,4.5,6,Kart,0,12,1
Ev,620.0,0.0,2,0,3,0.12,32.0,3.7,3,Kart,0,20,0
Elektronik,4540.0,0.0,2,0,8,0.08,28.0,,3,Kart,0,22,0
Elektronik,9360.0,0.0,1,0,5,0.18,39.0,4.1,3,Kapida odeme,0,0,1
Kozmetik,870.0,0.3,1,0,0,,24.0,4.6,2,Kart,0,11,0
Kozmetik,240.0,0.1,2,0,1,0.02,30.0,4.3,4,Kapida odeme,0,18,0
Ev,1140.0,0.0,1,0,4,0.34,43.0,3.5,2,Kapida odeme,1,20,0
Ayakkabi,1800.0,0.1,1,0,5,0.37,44.0,3.6,2,Kart,0,20,0
Ayakkabi,1670.0,0.0,2,0,1,0.05,,,3,Kart,0,3,0
Ayakkabi,1680.0,0.1,2,0,0,,,4.3,2,Kart,0,13,1
Ayakkabi,1610.0,0.1,1,0,1,0.14,23.0,,5,Kapida odeme,1,13,1
Ayakkabi,2990.0,0.0,1,1,2,0.04,26.0,4.3,3,Kart,0,1,0
Giyim,1070.0,0.3,2,0,0,,47.0,4.3,3,Kart,0,19,1
Giyim,400.0,0.0,1,0,3,0.08,36.0,,3,Kart,0,13,1
Ev,1290.0,0.1,1,0,1,0.1,33.0,,2,Kart,0,20,0
Ayakkabi,2090.0,0.1,2,1,4,0.05,36.0,4.8,2,Kart,0,7,0
Kozmetik,400.0,0.5,1,0,2,0.25,41.0,,1,Kart,0,0,0
Elektronik,7490.0,0.1,4,0,5,0.1,24.0,3.7,4,Kapida odeme,0,7,0
Giyim,710.0,0.3,5,1,3,0.01,29.0,4.0,3,Kapida odeme,0,9,0
Giyim,710.0,0.0,3,1,1,0.01,,3.9,6,Kart,0,8,0
Giyim,690.0,0.3,1,1,7,0.26,36.0,,2,Kapida odeme,1,0,1
Kozmetik,140.0,0.0,2,0,5,0.2,45.0,3.7,3,Kart,1,1,0
Giyim,630.0,0.2,3,0,1,0.09,42.0,4.3,5,Kart,0,8,0
Ayakkabi,1040.0,0.0,1,1,8,0.16,26.0,,5,Kart,0,5,0
Kozmetik,210.0,0.5,4,0,10,0.3,18.0,,3,Kart,0,13,0
Kozmetik,670.0,0.5,1,0,4,0.16,36.0,4.3,3,Kart,0,12,0
Giyim,820.0,0.0,1,0,0,,24.0,4.1,1,Kart,0,16,1
Giyim,640.0,0.1,1,1,11,0.23,,4.5,4,Kart,1,8,0
Giyim,500.0,0.1,2,0,7,0.21,,,4,Kart,0,7,0
Giyim,740.0,0.0,1,1,5,0.16,24.0,3.7,4,Kart,0,19,0
Giyim,1020.0,0.2,2,1,5,0.08,40.0,4.1,1,Kart,0,21,1
Elektronik,3100.0,0.2,1,0,3,0.08,43.0,4.3,7,Kart,1,20,0
Kozmetik,350.0,0.1,2,0,22,0.2,37.0,,5,Kart,0,12,0
Elektronik,6650.0,0.0,3,0,3,0.53,37.0,4.1,3,Kart,0,2,0
Elektronik,1880.0,0.3,3,0,3,0.32,18.0,,3,Kart,1,10,0
Giyim,630.0,0.0,3,1,4,0.19,35.0,3.6,2,Kart,0,19,1
Ev,740.0,0.1,2,0,13,0.29,34.0,,1,Kart,0,15,1
Elektronik,4240.0,0.0,2,0,0,,44.0,4.5,6,Kart,0,22,1
Ev,720.0,0.0,3,0,20,0.04,44.0,4.0,5,Kapida odeme,0,11,0
Kozmetik,370.0,0.0,1,0,2,0.07,29.0,,2,Kart,1,8,0
Giyim,1540.0,0.0,2,0,0,,18.0,4.3,3,Kart,1,1,1
Giyim,560.0,0.1,1,1,2,0.31,18.0,4.8,3,Kart,0,8,0
Giyim,740.0,0.1,1,1,7,0.13,,3.9,1,Kapida odeme,0,14,0
Ayakkabi,3440.0,0.2,2,0,27,0.13,33.0,3.9,3,Kapida odeme,0,13,1
Kozmetik,270.0,0.2,3,0,1,0.11,20.0,,4,Kart,0,3,0
Ayakkabi,3170.0,0.0,2,1,15,0.12,21.0,4.2,6,Kart,0,8,0
Ev,900.0,0.0,1,0,0,,36.0,3.6,4,Kart,1,7,1
Elektronik,10030.0,0.1,2,0,6,0.14,35.0,,5,Kart,1,23,0
Giyim,910.0,0.2,3,1,8,0.12,51.0,5.0,3,Kart,1,22,1
Giyim,750.0,0.1,3,0,5,0.18,33.0,4.3,2,Kart,0,16,1
Elektronik,4370.0,0.0,3,0,6,0.05,38.0,3.9,3,Kapida odeme,0,20,1
Elektronik,3400.0,0.3,2,0,5,0.02,34.0,3.9,4,Kart,0,0,0
Ayakkabi,1450.0,0.0,1,0,4,0.1,42.0,,2,Kart,0,17,1
Giyim,970.0,0.1,1,0,8,0.11,52.0,4.8,3,Kart,0,12,0
Ev,890.0,0.0,4,0,3,0.1,43.0,5.0,6,Kapida odeme,1,21,0
Giyim,560.0,0.2,2,0,0,,54.0,4.1,4,Kart,1,4,1
Kozmetik,310.0,0.0,2,0,9,0.07,39.0,,5,Kart,1,16,0
Giyim,1020.0,0.2,1,0,5,0.14,18.0,4.1,2,Kapida odeme,1,13,1
Giyim,1130.0,0.0,3,1,17,0.24,26.0,4.4,2,Kart,0,7,1
Ayakkabi,1040.0,0.1,5,0,1,0.34,42.0,,6,Kapida odeme,0,18,1
Ayakkabi,1040.0,0.0,1,1,4,0.28,32.0,,4,Kart,0,10,1
Ayakkabi,1660.0,0.2,1,0,15,0.15,34.0,4.1,6,Kart,0,10,1
Ayakkabi,2780.0,0.0,2,0,6,0.05,26.0,4.3,3,Kart,0,5,0
Kozmetik,590.0,0.0,3,0,7,0.04,48.0,5.0,4,Kart,1,0,0
Ayakkabi,800.0,0.2,3,1,4,0.19,49.0,3.7,5,Kapida odeme,1,12,1
Ayakkabi,1240.0,0.0,3,0,4,0.17,32.0,,2,Kart,0,9,1
Ayakkabi,920.0,0.0,1,1,1,0.25,32.0,4.2,2,Kart,0,12,0
Giyim,580.0,0.3,3,0,16,0.14,47.0,4.1,4,Kart,0,7,0
Elektronik,9260.0,0.3,2,0,11,0.28,44.0,3.5,3,Kart,0,3,0
Giyim,340.0,0.3,1,1,2,0.08,18.0,4.4,2,Kart,0,5,0
Elektronik,2170.0,0.0,2,0,3,0.25,41.0,4.3,4,Kart,0,19,0
Giyim,450.0,0.1,2,0,3,0.1,39.0,5.0,5,Kart,0,6,1
Kozmetik,400.0,0.2,3,0,4,0.24,36.0,4.1,6,Kart,0,0,0
Ayakkabi,1850.0,0.0,3,0,4,0.04,25.0,,5,Kart,0,4,1
Kozmetik,430.0,0.2,2,0,12,0.4,25.0,4.1,1,Kapida odeme,0,4,0
Ayakkabi,2380.0,0.0,1,0,8,0.42,18.0,,5,Kart,0,23,0
Giyim,290.0,0.3,2,1,9,0.2,,3.4,4,Kart,0,3,0
Ev,1540.0,0.1,4,0,0,,18.0,4.7,4,Kart,0,15,0
Elektronik,3910.0,0.1,1,0,2,0.02,29.0,4.3,5,Kart,0,0,0
Ev,1250.0,0.1,2,0,21,0.24,38.0,4.2,3,Kart,0,1,0
Ayakkabi,770.0,0.0,5,0,1,0.04,22.0,4.1,3,Kapida odeme,0,5,1
Elektronik,4510.0,0.0,1,0,7,0.07,47.0,4.3,3,Kart,0,17,0
Ev,1000.0,0.2,3,0,2,0.23,,3.9,4,Kart,1,3,0
Elektronik,7570.0,0.1,1,0,6,0.29,36.0,4.4,4,Kapida odeme,0,7,0
Giyim,320.0,0.1,2,0,4,0.29,40.0,,5,Kart,0,5,1
Elektronik,4560.0,0.0,2,0,10,0.12,18.0,4.1,3,Kart,0,13,0
Elektronik,2760.0,0.2,2,0,2,0.05,36.0,4.4,4,Kart,0,12,1
Kozmetik,440.0,0.0,3,0,7,0.12,20.0,4.8,3,Kart,1,19,0
Ayakkabi,1990.0,0.0,6,0,1,0.2,,4.3,3,Kart,0,11,1
Ayakkabi,2500.0,0.5,2,1,3,0.06,21.0,4.8,4,Kart,0,13,0
Ev,710.0,0.1,3,0,4,0.32,32.0,4.2,2,Kart,0,17,0
Ayakkabi,2120.0,0.1,2,0,4,0.06,,3.8,2,Kart,0,4,0
Ev,1660.0,0.5,2,0,1,0.18,33.0,,2,Kart,0,3,0
Ayakkabi,670.0,0.0,3,1,0,,22.0,4.1,1,Kart,0,22,0
Giyim,860.0,0.5,3,0,1,0.23,35.0,4.6,3,Kapida odeme,0,2,1
Ev,1390.0,0.2,2,0,29,0.28,27.0,3.9,3,Kapida odeme,1,14,0
Giyim,580.0,0.1,2,0,3,0.04,35.0,4.4,4,Kart,1,2,0
Giyim,380.0,0.0,1,0,3,0.15,32.0,4.4,1,Kart,0,21,0
Elektronik,6880.0,0.0,3,0,4,0.11,18.0,4.2,3,Kart,0,4,0
Ev,520.0,0.0,2,0,1,0.45,27.0,5.0,3,Kart,0,7,0
Kozmetik,320.0,0.0,3,0,6,0.21,39.0,,3,Kapida odeme,0,21,0
Giyim,640.0,0.0,1,0,6,0.15,42.0,4.0,4,Kart,1,10,0
Giyim,900.0,0.1,2,0,0,,,4.9,5,Kart,0,23,0
Kozmetik,260.0,0.2,2,0,9,0.3,26.0,3.4,5,Kart,0,12,0
Giyim,480.0,0.0,1,0,6,0.11,30.0,3.5,2,Kart,0,10,0
Giyim,680.0,0.2,1,1,5,0.22,46.0,4.6,3,Kapida odeme,0,0,0
Giyim,1020.0,0.5,1,0,6,0.43,39.0,4.3,4,Kapida odeme,0,0,1
Ayakkabi,3920.0,0.2,2,1,4,0.13,21.0,4.0,3,Kart,0,13,1
Kozmetik,180.0,0.2,3,0,6,0.17,39.0,4.4,3,Kart,1,2,0
Ev,1040.0,0.2,2,0,0,,47.0,4.7,5,Kart,0,16,0
Ev,550.0,0.0,1,0,5,0.02,36.0,3.7,6,Kart,0,23,0
Giyim,1030.0,0.0,1,0,0,,26.0,4.2,4,Kart,0,9,1
Ayakkabi,920.0,0.5,1,0,0,,42.0,,4,Kapida odeme,0,13,1
Ayakkabi,1030.0,0.2,1,0,9,0.19,36.0,4.3,4,Kart,0,12,0
Giyim,500.0,0.2,2,0,8,0.09,32.0,4.5,3,Kart,0,18,0
Giyim,630.0,0.5,1,0,3,0.03,43.0,3.3,4,Kart,0,17,0
Giyim,750.0,0.0,2,0,2,0.26,34.0,4.4,6,Kart,0,13,1
Giyim,810.0,0.0,2,1,15,0.17,35.0,,5,Kart,0,23,1
Elektronik,4490.0,0.1,3,0,19,0.29,43.0,4.2,6,Kart,0,0,0
Ev,490.0,0.0,3,0,2,0.12,29.0,3.7,3,Kart,1,3,0
Giyim,900.0,0.1,3,0,4,0.44,22.0,4.3,4,Kart,1,10,0
Ayakkabi,1370.0,0.3,2,1,18,0.12,37.0,4.5,5,Kart,0,22,0
Ev,1520.0,0.1,3,0,3,0.25,50.0,4.2,1,Kapida odeme,0,22,0
Ev,650.0,0.0,2,0,5,0.16,18.0,3.9,4,Kart,0,10,0
Ev,440.0,0.2,4,0,9,0.19,41.0,3.6,2,Kart,0,8,0
Ayakkabi,1380.0,0.0,2,0,5,0.29,34.0,4.2,2,Kart,1,7,1
Ev,1610.0,0.3,3,0,9,0.06,29.0,4.0,3,Kart,0,4,0
Giyim,700.0,0.0,1,1,0,,28.0,4.4,5,Kapida odeme,0,14,1
Ayakkabi,1280.0,0.3,1,1,1,0.18,43.0,4.0,2,Kapida odeme,0,13,0
Giyim,440.0,0.1,3,1,10,0.2,41.0,4.8,4,Kart,0,9,0
Ayakkabi,3090.0,0.0,2,1,4,0.38,24.0,4.2,5,Kart,0,15,1
Ayakkabi,880.0,0.1,2,1,3,0.15,,4.6,3,Kart,0,21,0
Giyim,470.0,0.0,1,1,1,0.16,,4.0,6,Kart,1,20,0
Ev,1160.0,0.1,3,0,0,,41.0,4.5,3,Kapida odeme,1,19,0
Giyim,280.0,0.3,3,1,7,0.22,18.0,,1,Kart,1,7,1
Giyim,1150.0,0.3,3,0,5,0.29,40.0,3.9,3,Kart,1,23,1
Giyim,860.0,0.0,3,0,17,0.29,,3.5,3,Kart,0,7,1
Ayakkabi,2100.0,0.2,2,1,5,0.07,36.0,4.8,3,Kapida odeme,0,5,0
Giyim,840.0,0.3,3,0,4,0.02,27.0,4.0,5,Kapida odeme,0,12,1
Ayakkabi,1300.0,0.3,2,0,2,0.07,38.0,3.9,4,Kart,1,1,0
Giyim,400.0,0.0,3,0,5,0.14,27.0,,4,Kart,0,22,1
Ev,850.0,0.0,2,0,10,0.12,24.0,3.8,2,Kart,0,20,0
Kozmetik,230.0,0.5,4,0,2,0.15,37.0,,4,Kart,0,6,0
Ayakkabi,1740.0,0.0,3,1,7,0.25,35.0,4.2,2,Kart,0,20,1
Elektronik,6470.0,0.0,3,0,5,0.14,42.0,4.2,2,Kart,0,5,0
Ev,1750.0,0.2,1,0,20,0.33,29.0,4.7,3,Kart,0,18,0
Kozmetik,410.0,0.0,2,0,0,,,4.2,2,Kapida odeme,0,8,1
Elektronik,6820.0,0.3,4,0,0,,41.0,4.9,3,Kart,0,0,0
Kozmetik,310.0,0.0,4,0,15,0.16,48.0,4.2,4,Kart,0,11,0
Kozmetik,280.0,0.2,1,0,1,0.36,28.0,3.5,3,Kapida odeme,0,7,0
Ev,1110.0,0.5,1,0,0,,39.0,3.8,4,Kart,0,12,0
Ayakkabi,1180.0,0.5,2,0,9,0.1,31.0,3.9,5,Kart,0,0,1
Giyim,730.0,0.5,3,0,12,0.15,53.0,4.3,7,Kart,1,2,1
Giyim,400.0,0.3,2,0,4,0.33,29.0,4.9,4,Kart,0,9,0
Ayakkabi,940.0,0.0,2,0,1,0.27,34.0,4.3,4,Kart,1,23,0
Ayakkabi,1860.0,0.5,1,1,1,0.19,18.0,,3,Kart,0,2,1
Ayakkabi,2090.0,0.5,1,0,10,0.62,50.0,4.1,2,Kart,0,18,1
Elektronik,2890.0,0.1,2,0,4,0.15,29.0,4.4,2,Kapida odeme,0,23,0
Elektronik,6090.0,0.0,3,0,17,0.2,47.0,,3,Kapida odeme,1,19,1
Ev,710.0,0.0,1,0,23,0.29,27.0,4.6,3,Kart,0,9,0
Giyim,650.0,0.1,1,1,0,,33.0,3.9,2,Kapida odeme,0,12,0
Giyim,1230.0,0.2,3,0,3,0.3,26.0,5.0,6,Kart,0,9,1
Ev,1290.0,0.0,2,0,0,,25.0,,6,Kapida odeme,0,0,1
Ev,1290.0,0.0,2,0,13,0.2,31.0,,1,Kart,1,16,0
Kozmetik,830.0,0.1,1,0,1,0.18,33.0,4.7,5,Kart,0,6,0
Ev,660.0,0.0,2,0,3,0.05,30.0,4.6,3,Kapida odeme,0,21,0
Kozmetik,220.0,0.5,2,0,11,0.12,19.0,,6,Kart,0,9,0
Giyim,470.0,0.0,1,1,2,0.37,37.0,4.5,3,Kapida odeme,0,0,1
Ayakkabi,1250.0,0.0,2,1,5,0.35,18.0,4.0,5,Kart,0,23,0
Giyim,230.0,0.0,2,0,16,0.15,31.0,4.4,2,Kart,0,16,0
Elektronik,4100.0,0.3,1,0,14,0.35,18.0,4.3,6,Kart,0,11,0
Kozmetik,270.0,0.3,2,0,8,0.13,43.0,5.0,4,Kart,0,9,0
Giyim,920.0,0.0,2,1,10,0.08,46.0,4.8,2,Kart,0,8,0
Elektronik,5270.0,0.0,2,0,6,0.33,40.0,4.7,3,Kart,0,4,0
Giyim,500.0,0.0,1,0,5,0.13,29.0,4.5,4,Kart,0,19,0
Giyim,850.0,0.0,4,0,0,,27.0,3.6,2,Kart,0,1,1
Giyim,900.0,0.2,1,0,8,0.15,31.0,4.3,4,Kapida odeme,0,10,0
Giyim,460.0,0.0,2,0,1,0.53,33.0,,2,Kapida odeme,0,19,1
Kozmetik,280.0,0.1,2,0,0,,39.0,,3,Kart,0,1,0
Ayakkabi,510.0,0.0,2,0,4,0.14,38.0,4.2,2,Kart,0,20,0
Ev,550.0,0.1,2,0,0,,18.0,3.4,2,Kart,0,14,0
Ev,640.0,0.0,3,0,0,,41.0,4.1,3,Kapida odeme,0,15,0
Giyim,670.0,0.0,3,0,1,0.28,38.0,4.3,5,Kart,0,1,0
Giyim,420.0,0.0,5,0,2,0.11,26.0,4.6,5,Kapida odeme,0,19,0
Ev,710.0,0.0,2,0,9,0.04,24.0,3.8,8,Kart,0,19,0
Giyim,370.0,0.0,1,1,0,,35.0,3.8,4,Kart,1,9,1
Kozmetik,380.0,0.5,2,0,1,0.24,36.0,3.8,3,Kapida odeme,1,19,0
Giyim,790.0,0.0,1,1,11,0.17,23.0,4.1,2,Kart,0,0,0
Elektronik,5390.0,0.0,2,0,8,0.07,35.0,3.7,5,Kart,1,17,0
Ev,910.0,0.0,3,0,13,0.02,36.0,4.8,1,Kart,0,21,0
Giyim,320.0,0.2,1,1,7,0.19,43.0,4.5,4,Kart,0,4,0
Giyim,490.0,0.5,4,0,0,,33.0,5.0,1,Kart,0,20,1
Kozmetik,290.0,0.2,1,0,10,0.15,18.0,4.0,3,Kart,0,22,0
Giyim,540.0,0.1,2,0,18,0.05,37.0,,5,Kapida odeme,0,10,1
Ayakkabi,1450.0,0.3,5,0,1,0.37,18.0,3.7,3,Kart,0,21,1
Ayakkabi,2660.0,0.0,3,0,2,0.12,26.0,4.9,6,Kapida odeme,1,4,1
Giyim,940.0,0.3,4,1,18,0.06,20.0,4.1,3,Kart,0,13,0
Ev,580.0,0.2,2,0,8,0.18,39.0,4.2,5,Kart,0,7,0
Ev,1220.0,0.0,1,0,12,0.1,23.0,4.8,3,Kart,0,5,0
Ayakkabi,1870.0,0.1,3,0,5,0.51,44.0,4.7,2,Kapida odeme,0,9,1
Ev,630.0,0.0,1,0,2,0.21,,3.8,5,Kart,1,23,0
Giyim,950.0,0.0,2,0,10,0.43,18.0,4.2,4,Kart,0,21,1
Giyim,600.0,0.3,4,0,9,0.16,31.0,4.8,5,Kart,0,23,0
Elektronik,2390.0,0.0,1,0,1,0.18,21.0,4.0,4,Kart,1,2,0
Kozmetik,430.0,0.2,2,0,4,0.11,,,7,Kart,0,11,0
Giyim,720.0,0.5,1,0,2,0.47,27.0,4.4,1,Kapida odeme,0,23,0
Giyim,590.0,0.1,2,1,2,0.16,46.0,4.8,5,Kart,0,13,0
Ayakkabi,1380.0,0.0,1,1,8,0.06,31.0,4.5,6,Kart,0,21,0
Ev,650.0,0.1,2,0,0,,38.0,,3,Kart,0,21,0
Giyim,860.0,0.3,1,1,3,0.18,29.0,3.3,4,Kapida odeme,0,19,1
Ayakkabi,1370.0,0.0,4,1,6,0.04,58.0,4.5,4,Kart,0,9,0
Ev,970.0,0.0,2,0,16,0.31,23.0,4.3,3,Kart,0,20,0
Ayakkabi,1640.0,0.1,2,0,4,0.11,18.0,5.0,4,Kapida odeme,0,10,0
Giyim,390.0,0.5,3,0,1,0.23,37.0,4.5,4,Kapida odeme,0,10,1
Giyim,430.0,0.0,3,1,3,0.17,24.0,3.9,4,Kart,0,21,0
Ayakkabi,520.0,0.0,3,0,2,0.09,36.0,3.6,2,Kapida odeme,0,16,0
Ayakkabi,1810.0,0.5,1,1,5,0.22,33.0,4.1,5,Kapida odeme,0,0,0
Ev,520.0,0.0,3,0,14,0.33,29.0,,4,Kapida odeme,0,4,1
Elektronik,4780.0,0.0,3,0,8,0.42,30.0,,1,Kart,0,11,1
Ev,1060.0,0.1,1,0,1,0.21,38.0,3.6,4,Kart,0,6,0
Kozmetik,460.0,0.0,3,0,2,0.08,30.0,2.9,1,Kart,0,20,0
Ayakkabi,810.0,0.0,2,1,5,0.27,32.0,,3,Kart,1,14,0
Ayakkabi,1360.0,0.1,4,1,0,,29.0,3.1,6,Kart,0,23,1
Kozmetik,740.0,0.2,2,0,0,,50.0,3.8,3,Kapida odeme,0,10,0
Giyim,1410.0,0.1,4,0,4,0.1,47.0,4.3,4,Kart,0,3,1
Ev,1400.0,0.0,1,0,6,0.3,19.0,,2,Kart,1,22,1
Ev,1050.0,0.1,4,0,9,0.16,34.0,3.1,3,Kart,0,15,0
Giyim,410.0,0.1,2,0,6,0.12,26.0,,4,Kart,1,7,0
Ayakkabi,1930.0,0.3,2,0,0,,22.0,4.4,3,Kart,0,9,0
Giyim,610.0,0.2,3,0,4,0.18,,4.0,2,Kart,0,2,1
Giyim,840.0,0.2,1,0,7,0.06,31.0,4.3,2,Kart,1,6,0
Ayakkabi,1050.0,0.3,1,1,25,0.18,32.0,4.4,5,Kart,0,17,0
Giyim,600.0,0.3,3,1,24,0.11,48.0,4.0,1,Kapida odeme,0,15,1
Ev,970.0,0.0,2,0,15,0.1,44.0,4.7,4,Kapida odeme,0,4,0
Kozmetik,390.0,0.5,3,0,3,0.11,39.0,5.0,4,Kart,0,19,0
Ev,1120.0,0.3,2,0,2,0.21,41.0,3.7,4,Kapida odeme,0,6,0
Giyim,500.0,0.0,1,0,7,0.11,43.0,4.6,3,Kart,1,10,0
Giyim,360.0,0.0,1,1,13,0.08,39.0,5.0,1,Kapida odeme,0,17,0
Giyim,1350.0,0.1,2,0,9,0.02,,4.9,5,Kart,0,0,0
Giyim,1990.0,0.0,1,0,0,,21.0,3.9,4,Kapida odeme,0,4,1
Kozmetik,430.0,0.2,3,0,2,0.4,29.0,,3,Kart,0,8,1
Ayakkabi,770.0,0.1,2,0,0,,28.0,3.4,2,Kart,0,12,1
Giyim,460.0,0.0,1,0,18,0.58,,,3,Kart,0,19,1
Ev,1130.0,0.0,3,0,2,0.19,32.0,,4,Kapida odeme,1,9,1
Ayakkabi,2560.0,0.3,2,1,1,0.01,50.0,4.4,3,Kapida odeme,0,4,0
Giyim,380.0,0.0,2,1,5,0.18,43.0,3.7,3,Kart,0,14,0
Giyim,610.0,0.2,3,0,8,0.14,46.0,4.2,3,Kart,0,3,1
Elektronik,4910.0,0.0,3,0,5,0.09,,4.3,5,Kart,0,21,0
Ev,1330.0,0.1,1,0,2,0.3,33.0,4.0,4,Kart,0,1,0
Giyim,560.0,0.1,2,0,1,0.08,40.0,4.6,6,Kart,0,2,0
Kozmetik,170.0,0.0,1,0,4,0.18,38.0,4.0,4,Kapida odeme,0,9,0
Ev,1190.0,0.2,2,0,2,0.04,38.0,4.3,5,Kapida odeme,0,18,0
Ev,1490.0,0.2,3,0,0,,57.0,3.6,3,Kart,0,6,0
Giyim,630.0,0.0,5,1,6,0.31,40.0,3.8,4,Kart,0,22,1
Giyim,780.0,0.0,2,1,0,,26.0,,2,Kart,0,22,1
Ev,730.0,0.2,1,0,13,0.11,27.0,3.4,4,Kart,0,4,0
Giyim,440.0,0.2,2,0,1,0.05,42.0,4.5,5,Kapida odeme,0,14,1
Elektronik,7140.0,0.1,4,0,3,0.53,42.0,,2,Kart,0,7,0
Ev,1070.0,0.2,5,0,4,0.09,,3.3,4,Kart,0,14,0
Giyim,810.0,0.0,1,1,7,0.15,39.0,4.0,4,Kapida odeme,0,17,0
Ev,1770.0,0.0,1,0,7,0.14,24.0,4.5,4,Kart,0,2,0
Kozmetik,220.0,0.2,3,0,5,0.11,49.0,5.0,6,Kapida odeme,0,16,0
Ev,700.0,0.2,2,0,0,,47.0,5.0,4,Kart,0,13,0
Ayakkabi,1500.0,0.3,3,0,1,0.12,30.0,3.8,2,Kapida odeme,0,21,1
Ev,700.0,0.0,1,0,2,0.3,38.0,4.6,4,Kapida odeme,0,2,0
Ayakkabi,1990.0,0.1,3,1,0,,36.0,4.0,3,Kart,0,21,0
Ev,830.0,0.2,3,0,6,0.17,30.0,3.9,4,Kapida odeme,0,4,0
Ev,580.0,0.0,2,0,22,0.2,22.0,4.7,5,Kapida odeme,0,23,0
Ev,930.0,0.1,3,0,9,0.24,40.0,4.3,4,Kapida odeme,0,8,0
Giyim,700.0,0.1,2,0,2,0.29,19.0,4.3,4,Kart,1,8,0
Giyim,990.0,0.0,3,0,13,0.02,28.0,3.4,1,Kapida odeme,0,22,1
Giyim,780.0,0.0,2,0,0,,51.0,3.8,1,Kart,1,22,1
Ayakkabi,1720.0,0.0,5,1,2,0.0,38.0,,5,Kart,1,22,0
Ayakkabi,1620.0,0.3,2,0,0,,38.0,,4,Kapida odeme,0,1,1
Elektronik,4130.0,0.0,3,0,3,0.2,31.0,,4,Kapida odeme,0,6,0
Ayakkabi,1010.0,0.0,1,0,1,0.08,18.0,5.0,3,Kapida odeme,0,10,0
Ev,1020.0,0.0,4,0,1,0.08,,3.8,1,Kart,1,9,0
Kozmetik,300.0,0.0,4,0,2,0.12,39.0,5.0,5,Kapida odeme,0,7,0
Giyim,1390.0,0.0,2,0,5,0.18,42.0,4.1,2,Kart,0,23,0
Ev,1650.0,0.1,3,0,1,0.11,30.0,4.2,4,Kapida odeme,0,1,0
Elektronik,5980.0,0.0,4,0,0,,30.0,4.1,2,Kart,1,14,1
Ayakkabi,1660.0,0.0,1,1,14,0.15,40.0,4.3,2,Kart,0,19,0
Giyim,620.0,0.0,2,0,6,0.37,21.0,4.5,4,Kapida odeme,0,3,1
Ev,510.0,0.0,3,0,22,0.22,42.0,4.7,4,Kart,0,6,0
Kozmetik,320.0,0.0,2,0,0,,32.0,4.1,3,Kart,0,22,0
Ev,940.0,0.1,6,0,4,0.22,37.0,4.2,4,Kart,0,17,0
Kozmetik,390.0,0.2,2,0,2,0.22,,3.8,4,Kart,0,20,0
Kozmetik,430.0,0.2,2,0,6,0.26,31.0,4.5,4,Kart,1,2,0
Ayakkabi,2120.0,0.0,5,0,0,,35.0,4.3,6,Kart,0,5,1
Elektronik,3300.0,0.3,2,0,2,0.07,34.0,3.9,1,Kart,1,22,0
Ayakkabi,1030.0,0.2,2,0,7,0.22,18.0,3.6,2,Kart,0,2,1
Kozmetik,670.0,0.0,2,0,2,0.12,40.0,4.3,2,Kart,0,20,0
Giyim,920.0,0.0,3,1,2,0.16,18.0,,4,Kart,0,17,0
Ayakkabi,1170.0,0.2,1,1,12,0.18,42.0,4.9,4,Kart,0,21,0
Ev,860.0,0.0,1,0,0,,27.0,3.6,6,Kart,0,4,0
Giyim,620.0,0.0,2,1,5,0.22,27.0,,4,Kart,0,16,1
Ev,910.0,0.1,2,0,2,0.35,34.0,4.6,2,Kart,0,22,0
Ayakkabi,1730.0,0.0,3,1,0,,21.0,4.8,3,Kapida odeme,1,4,1
Kozmetik,1100.0,0.5,2,0,0,,33.0,4.4,4,Kapida odeme,0,21,0
Kozmetik,380.0,0.0,2,0,8,0.08,23.0,,5,Kart,0,11,0
Giyim,880.0,0.0,3,0,4,0.21,21.0,4.6,3,Kart,0,2,1
Ev,420.0,0.0,3,0,1,0.03,32.0,3.0,3,Kart,0,8,0
Giyim,520.0,0.0,2,1,0,,46.0,3.8,5,Kart,0,14,0
Elektronik,7820.0,0.3,1,0,7,0.02,41.0,3.8,5,Kart,0,3,0
Elektronik,5390.0,0.3,2,0,0,,29.0,3.9,3,Kart,0,0,0
Ev,120.0,0.3,2,0,4,0.15,32.0,3.5,1,Kapida odeme,0,8,0
Giyim,880.0,0.1,4,1,0,,,3.9,4,Kart,0,17,1
Giyim,1540.0,0.0,2,0,4,0.19,22.0,4.0,4,Kart,0,22,1
Ev,370.0,0.0,1,0,0,,24.0,4.1,2,Kart,1,22,0
Elektronik,8920.0,0.0,3,0,2,0.06,37.0,4.3,3,Kart,1,18,0
Ayakkabi,400.0,0.3,2,1,0,,27.0,,2,Kart,1,5,1
Giyim,990.0,0.1,1,0,7,0.15,33.0,4.0,2,Kart,0,12,0
Giyim,650.0,0.1,4,0,3,0.31,24.0,4.2,4,Kart,0,21,0
Ev,310.0,0.1,2,0,5,0.36,42.0,,3,Kapida odeme,0,7,1
Giyim,790.0,0.2,1,0,1,0.12,,4.2,2,Kart,0,5,1
Ayakkabi,2350.0,0.0,2,1,5,0.36,50.0,4.3,3,Kart,0,12,1
Kozmetik,410.0,0.2,1,0,6,0.16,48.0,4.5,4,Kart,0,18,0
Giyim,850.0,0.2,1,1,7,0.08,25.0,3.6,4,Kart,1,23,0
Ev,750.0,0.3,1,0,2,0.05,25.0,4.1,1,Kart,0,11,0
Giyim,280.0,0.0,1,0,1,0.14,38.0,,6,Kapida odeme,0,4,1
Ev,1230.0,0.0,3,0,10,0.17,25.0,3.4,2,Kapida odeme,0,19,0
Ev,1980.0,0.1,2,0,6,0.48,36.0,,3,Kart,0,5,0
Kozmetik,580.0,0.3,3,0,4,0.35,,3.5,5,Kart,0,19,0
Giyim,270.0,0.5,2,0,10,0.25,,4.0,2,Kapida odeme,0,19,1
Elektronik,2280.0,0.1,1,0,7,0.51,,3.8,4,Kapida odeme,0,17,0
Ev,620.0,0.0,3,0,2,0.08,31.0,4.4,5,Kart,0,12,0
Giyim,320.0,0.0,3,0,3,0.14,,,1,Kart,0,10,1
Giyim,660.0,0.1,2,0,2,0.07,44.0,3.6,6,Kart,0,15,0
Giyim,780.0,0.0,1,1,3,0.09,,,1,Kart,0,17,0
Kozmetik,180.0,0.1,2,0,8,0.12,34.0,,1,Kart,0,10,0
Ev,1280.0,0.3,3,0,7,0.03,33.0,,1,Kart,0,8,0
Elektronik,5900.0,0.0,3,0,6,0.43,38.0,3.7,5,Kart,0,0,1
Ev,700.0,0.0,2,0,1,0.02,28.0,4.0,4,Kart,0,13,0
Elektronik,4160.0,0.0,2,0,7,0.18,23.0,4.6,2,Kapida odeme,0,3,0
Ayakkabi,580.0,0.0,1,0,11,0.26,36.0,3.9,1,Kapida odeme,0,18,0
Ayakkabi,1210.0,0.2,2,0,3,0.24,42.0,4.2,2,Kart,1,15,0
Elektronik,4510.0,0.0,1,0,1,0.12,33.0,4.2,2,Kart,0,1,0
Giyim,700.0,0.0,1,1,7,0.09,33.0,,5,Kart,1,9,0
Kozmetik,420.0,0.0,3,0,11,0.02,22.0,4.2,3,Kart,0,9,0
Ev,1000.0,0.0,2,0,6,0.08,39.0,4.0,3,Kart,1,1,0
Giyim,580.0,0.2,2,0,10,0.08,40.0,4.1,2,Kapida odeme,0,19,0
Elektronik,5120.0,0.1,2,0,0,,33.0,3.9,3,Kart,0,21,0
Giyim,1020.0,0.1,3,0,7,0.08,24.0,3.6,4,Kart,0,2,0
Kozmetik,340.0,0.1,3,0,0,,35.0,3.8,4,Kart,1,16,0
Kozmetik,400.0,0.0,2,0,3,0.16,36.0,4.0,3,Kapida odeme,0,4,0
Kozmetik,320.0,0.1,1,0,1,0.15,34.0,4.5,7,Kart,0,21,0
Giyim,490.0,0.0,1,1,0,,23.0,3.9,5,Kart,0,8,0
Giyim,820.0,0.5,3,0,9,0.16,37.0,4.2,6,Kapida odeme,0,14,1
Giyim,510.0,0.0,3,1,1,0.12,36.0,4.3,2,Kart,1,7,0
Giyim,770.0,0.0,3,0,5,0.41,38.0,4.0,2,Kart,0,17,1
Giyim,660.0,0.0,2,0,13,0.06,33.0,4.6,2,Kart,0,9,0
Giyim,570.0,0.2,1,1,5,0.22,47.0,4.0,4,Kart,0,14,0
Kozmetik,300.0,0.0,4,0,13,0.09,34.0,3.9,2,Kapida odeme,0,14,0
Giyim,520.0,0.5,8,1,2,0.07,48.0,4.7,4,Kapida odeme,0,2,0
Giyim,310.0,0.0,4,1,2,0.02,36.0,4.3,4,Kart,0,11,0
Ev,1070.0,0.3,2,0,7,0.25,22.0,3.1,4,Kapida odeme,0,5,0
Elektronik,4990.0,0.2,2,0,2,0.12,42.0,3.0,5,Kart,0,16,0
Ev,1320.0,0.0,2,0,5,0.16,30.0,4.9,3,Kart,0,1,0
Elektronik,3540.0,0.0,1,0,8,0.06,,,5,Kart,0,2,0
Kozmetik,820.0,0.0,3,0,0,,,4.1,3,Kart,0,13,0
Elektronik,3790.0,0.3,1,0,2,0.17,,3.2,3,Kapida odeme,0,5,0
Ayakkabi,940.0,0.3,3,0,13,0.37,18.0,4.1,2,Kart,0,9,1
Ev,580.0,0.0,2,0,14,0.48,32.0,3.7,3,Kart,0,11,1
Ayakkabi,640.0,0.0,3,1,0,,37.0,4.1,3,Kart,0,5,1
Giyim,1300.0,0.0,3,0,2,0.16,43.0,,3,Kart,1,22,1
Ayakkabi,2590.0,0.0,5,1,2,0.14,35.0,4.1,3,Kapida odeme,0,11,1
Giyim,850.0,0.1,2,1,1,0.13,18.0,4.3,6,Kapida odeme,0,13,0
Ev,600.0,0.0,2,0,5,0.07,24.0,4.4,4,Kart,1,8,0
Giyim,1470.0,0.0,3,0,5,0.04,21.0,4.2,1,Kart,1,10,0
Giyim,550.0,0.3,2,0,1,0.13,18.0,4.2,3,Kart,0,23,0
Giyim,580.0,0.2,1,0,0,,32.0,3.4,3,Kapida odeme,0,4,1
Ev,1720.0,0.2,1,0,2,0.09,39.0,,4,Kart,0,19,0
Giyim,870.0,0.0,2,1,25,0.19,44.0,,7,Kart,1,4,0
Ev,2420.0,0.3,2,0,0,,39.0,,6,Kart,0,23,0
Ev,1010.0,0.1,2,0,10,0.06,,4.9,3,Kart,0,10,0
Giyim,540.0,0.1,2,0,13,0.3,45.0,4.1,5,Kart,0,22,1
Ev,680.0,0.0,1,0,15,0.19,32.0,3.6,4,Kapida odeme,0,3,1
Giyim,280.0,0.3,1,1,1,0.15,35.0,4.2,3,Kart,0,18,0
Giyim,570.0,0.1,5,0,8,0.18,27.0,3.9,4,Kart,0,3,0
Ev,1510.0,0.3,2,0,4,0.26,32.0,3.4,1,Kart,0,6,0
Kozmetik,460.0,0.2,2,0,8,0.26,30.0,4.1,3,Kapida odeme,0,3,0
Giyim,660.0,0.2,1,0,4,0.19,20.0,4.9,2,Kart,1,20,1
Elektronik,2880.0,0.2,2,0,8,0.13,40.0,4.0,2,Kapida odeme,0,8,0
Giyim,720.0,0.5,1,1,0,,36.0,4.7,3,Kart,0,15,0
Elektronik,7100.0,0.0,2,0,0,,42.0,4.5,2,Kart,0,11,0
Elektronik,5460.0,0.0,2,0,3,0.11,27.0,5.0,4,Kart,0,12,0
Elektronik,4850.0,0.2,3,0,0,,41.0,,3,Kart,1,12,0
Elektronik,3140.0,0.1,2,0,1,0.07,18.0,4.2,3,Kart,0,17,0
Giyim,960.0,0.1,2,0,3,0.21,,4.2,2,Kart,0,15,0
Ev,220.0,0.2,1,0,6,0.65,41.0,4.3,4,Kart,0,14,0
Elektronik,5350.0,0.1,1,0,6,0.05,,,4,Kart,0,10,0
Ev,2860.0,0.2,5,0,7,0.06,45.0,4.0,3,Kart,0,14,0
Giyim,330.0,0.0,3,0,9,0.3,50.0,4.4,6,Kart,0,8,0
Ayakkabi,1260.0,0.3,2,0,2,0.3,,3.9,6,Kart,0,14,1
Ayakkabi,1400.0,0.0,4,1,2,0.26,48.0,3.4,4,Kapida odeme,0,16,1
Giyim,530.0,0.1,2,1,3,0.09,18.0,3.6,5,Kart,0,18,0
Giyim,1040.0,0.3,1,0,2,0.03,33.0,4.9,4,Kart,0,10,0
Ayakkabi,1730.0,0.0,4,1,24,0.08,18.0,,3,Kart,0,15,1
Ev,960.0,0.0,2,0,4,0.4,43.0,4.5,2,Kart,1,18,0
Giyim,930.0,0.0,1,0,0,,19.0,3.9,4,Kart,0,17,1
Ev,910.0,0.1,2,0,0,,18.0,4.6,2,Kart,0,9,0
Elektronik,18820.0,0.0,1,0,6,0.16,37.0,4.4,2,Kart,0,15,0
Ev,960.0,0.0,2,0,7,0.11,,5.0,3,Kart,0,7,0
Ayakkabi,1530.0,0.3,2,0,2,0.11,30.0,4.8,4,Kart,0,3,1
Ayakkabi,650.0,0.0,1,1,2,0.07,35.0,4.5,3,Kart,0,21,0
Elektronik,3520.0,0.1,3,0,11,0.31,,,2,Kapida odeme,0,16,1
Kozmetik,590.0,0.1,1,0,3,0.22,24.0,3.7,3,Kart,0,8,0
Ayakkabi,770.0,0.0,3,1,18,0.06,24.0,4.1,8,Kart,0,23,0
Ayakkabi,530.0,0.0,1,0,6,0.31,45.0,4.2,2,Kart,0,0,0
Elektronik,4570.0,0.5,1,0,3,0.01,36.0,4.0,2,Kart,0,5,0
Ev,1670.0,0.2,1,0,6,0.12,,4.5,3,Kart,0,23,0
Giyim,660.0,0.0,1,1,7,0.31,21.0,,3,Kart,0,12,0
Ayakkabi,1200.0,0.2,1,1,4,0.29,,4.2,4,Kart,0,20,0
Ayakkabi,610.0,0.1,1,1,4,0.05,20.0,4.9,1,Kart,0,10,0
Kozmetik,430.0,0.0,2,0,1,0.15,41.0,4.2,4,Kart,0,8,0
Ayakkabi,1890.0,0.2,3,1,3,0.13,46.0,3.6,1,Kart,1,10,0
Ayakkabi,630.0,0.1,4,0,5,0.07,45.0,4.7,3,Kapida odeme,1,3,0
Kozmetik,580.0,0.0,1,0,1,0.21,40.0,,1,Kapida odeme,0,18,0
Ayakkabi,1980.0,0.3,2,0,2,0.16,47.0,4.1,4,Kart,0,9,0
Giyim,1080.0,0.0,1,0,2,0.17,28.0,3.8,4,Kapida odeme,0,5,1
Giyim,850.0,0.0,1,0,12,0.03,18.0,4.8,4,Kart,0,15,0
Giyim,870.0,0.0,3,0,7,0.25,18.0,5.0,4,Kapida odeme,0,22,1
Giyim,820.0,0.2,3,0,10,0.11,19.0,3.9,3,Kart,0,3,0
Ayakkabi,2070.0,0.2,2,0,5,0.19,18.0,4.3,3,Kapida odeme,0,11,1
Ev,400.0,0.3,5,0,1,0.12,20.0,4.4,2,Kart,0,8,0
Ev,460.0,0.0,4,0,2,0.36,25.0,3.4,4,Kart,0,18,0
Giyim,470.0,0.2,1,0,11,0.08,40.0,4.2,6,Kart,0,23,0
Elektronik,4240.0,0.1,1,0,14,0.06,37.0,3.4,5,Kart,1,4,0
Giyim,770.0,0.0,1,1,14,0.04,49.0,4.2,4,Kart,0,8,0
Kozmetik,410.0,0.0,4,0,5,0.07,22.0,5.0,5,Kapida odeme,1,20,0
Giyim,1070.0,0.3,1,1,3,0.49,,3.5,5,Kapida odeme,0,23,1
Elektronik,7550.0,0.0,1,0,0,,47.0,5.0,2,Kart,1,10,0
Giyim,440.0,0.1,4,1,5,0.12,,5.0,3,Kapida odeme,0,11,0
Elektronik,5010.0,0.1,2,0,0,,30.0,4.2,4,Kart,0,10,0
Ayakkabi,960.0,0.0,1,1,0,,48.0,4.4,2,Kart,0,9,0
Ev,830.0,0.5,1,0,3,0.1,30.0,4.1,3,Kapida odeme,0,4,0
Giyim,750.0,0.3,1,0,3,0.29,48.0,,6,Kapida odeme,0,19,1
Kozmetik,80.0,0.1,2,0,14,0.17,19.0,4.3,3,Kart,1,20,0
Ayakkabi,4140.0,0.2,3,1,20,0.05,50.0,3.9,3,Kart,0,20,0
Ev,1160.0,0.1,3,0,2,0.16,47.0,4.4,2,Kart,1,21,0
Ev,690.0,0.2,1,0,7,0.26,24.0,4.2,3,Kart,0,19,0
Kozmetik,830.0,0.0,3,0,3,0.3,31.0,3.7,3,Kart,1,16,0
Giyim,560.0,0.0,1,0,2,0.16,,4.5,2,Kart,0,17,0
Giyim,690.0,0.0,4,1,3,0.01,29.0,4.5,8,Kart,0,16,0
Giyim,520.0,0.1,3,1,27,0.2,,4.7,5,Kart,0,3,0
Giyim,1370.0,0.1,2,1,1,0.33,18.0,4.0,3,Kart,1,13,0
Elektronik,4290.0,0.0,3,0,3,0.31,21.0,4.7,10,Kart,1,6,0
Kozmetik,370.0,0.5,3,0,8,0.04,44.0,,3,Kart,0,10,0
Kozmetik,600.0,0.0,2,0,11,0.06,18.0,,2,Kart,0,23,0
Ayakkabi,1820.0,0.0,2,0,4,0.54,48.0,4.3,3,Kart,0,17,1
Elektronik,4390.0,0.0,3,0,1,0.21,43.0,4.5,2,Kart,0,1,0
Ev,1480.0,0.1,3,0,6,0.19,47.0,3.2,4,Kapida odeme,1,3,1
Kozmetik,1100.0,0.0,5,0,10,0.1,,3.6,6,Kart,1,3,0
Giyim,750.0,0.1,1,1,1,0.03,,4.0,2,Kart,0,11,1
Ayakkabi,1480.0,0.2,2,0,1,0.08,20.0,4.0,3,Kart,0,12,1
Ev,970.0,0.0,1,0,9,0.18,48.0,4.3,6,Kart,0,19,0
Giyim,1170.0,0.5,3,0,2,0.19,64.0,4.3,2,Kapida odeme,0,1,1
Ayakkabi,1070.0,0.0,3,1,1,0.11,31.0,3.6,5,Kart,1,11,0
Kozmetik,310.0,0.1,1,0,0,,33.0,4.7,6,Kart,0,3,0
Kozmetik,180.0,0.0,1,0,1,0.13,25.0,4.3,2,Kart,1,21,0
Kozmetik,210.0,0.2,2,0,7,0.08,35.0,,3,Kart,1,10,0
Ev,710.0,0.3,3,0,17,0.14,36.0,4.4,6,Kapida odeme,1,16,1
Giyim,630.0,0.0,3,0,6,0.16,18.0,3.9,3,Kart,0,5,1
Giyim,1440.0,0.0,2,0,1,0.15,,4.1,3,Kart,1,7,0
Elektronik,5730.0,0.0,2,0,9,0.1,,,3,Kart,0,16,0
Elektronik,2990.0,0.0,5,0,5,0.16,25.0,3.2,5,Kart,1,12,0
Ayakkabi,1010.0,0.5,2,0,19,0.16,30.0,4.1,4,Kapida odeme,0,5,1
Elektronik,8350.0,0.1,1,0,6,0.01,,,8,Kart,0,12,1
Ayakkabi,2320.0,0.1,1,1,3,0.23,25.0,3.9,1,Kapida odeme,1,23,0
Ev,910.0,0.5,3,0,18,0.09,41.0,3.5,6,Kart,1,7,0
Giyim,530.0,0.3,3,0,7,0.03,37.0,,8,Kart,0,19,1
Giyim,1080.0,0.3,3,1,0,,57.0,4.0,1,Kart,0,17,1
Giyim,420.0,0.0,2,0,11,0.06,33.0,4.4,1,Kart,0,10,0
Giyim,780.0,0.0,1,1,7,0.08,29.0,4.5,5,Kart,0,17,0
Ev,2500.0,0.0,2,0,10,0.08,36.0,4.0,2,Kapida odeme,0,5,0
Ayakkabi,1540.0,0.0,1,0,0,,,,2,Kart,0,16,1
Giyim,460.0,0.0,1,0,2,0.26,50.0,4.2,7,Kart,0,3,1
Ev,1080.0,0.0,2,0,5,0.13,50.0,,1,Kart,0,13,0
Elektronik,3640.0,0.0,2,0,16,0.27,27.0,4.0,5,Kapida odeme,0,0,0
Giyim,350.0,0.0,2,1,11,0.18,32.0,3.8,4,Kart,0,19,0
Giyim,890.0,0.0,2,0,3,0.06,27.0,3.5,3,Kart,0,18,1
Giyim,1070.0,0.0,3,0,0,,,3.8,6,Kapida odeme,0,9,1
Elektronik,3910.0,0.0,4,0,1,0.2,18.0,4.5,2,Kart,0,12,0
Giyim,550.0,0.1,7,1,36,0.1,51.0,4.2,5,Kart,0,17,0
Giyim,420.0,0.2,4,1,4,0.19,,3.4,3,Kart,0,0,1
Giyim,610.0,0.2,2,1,1,0.21,30.0,,7,Kart,0,17,1
Elektronik,3490.0,0.0,2,0,6,0.12,,4.2,1,Kart,0,2,0
Giyim,410.0,0.0,2,1,10,0.08,28.0,,9,Kart,0,6,1
Ev,2110.0,0.0,2,0,7,0.34,32.0,4.1,6,Kart,0,1,0
Giyim,800.0,0.0,2,0,18,0.1,37.0,4.5,4,Kapida odeme,0,16,0
Elektronik,5820.0,0.0,1,0,7,0.16,37.0,4.4,3,Kapida odeme,0,11,0
Ayakkabi,2080.0,0.5,1,1,2,0.1,28.0,3.9,5,Kart,0,4,0
Ayakkabi,1980.0,0.0,5,0,6,0.23,45.0,3.9,4,Kapida odeme,1,16,1
Giyim,540.0,0.0,1,0,2,0.1,,4.1,2,Kart,1,7,0
Ev,1020.0,0.2,3,0,1,0.11,,3.3,1,Kart,0,21,0
Kozmetik,310.0,0.1,3,0,2,0.44,27.0,4.3,4,Kart,0,13,0
Giyim,790.0,0.0,1,1,3,0.07,33.0,3.6,2,Kart,0,15,0
Giyim,760.0,0.0,2,1,8,0.08,44.0,,3,Kart,0,10,0
Kozmetik,290.0,0.5,4,0,13,0.13,,3.4,2,Kapida odeme,0,20,0
Elektronik,2470.0,0.0,1,0,1,0.03,30.0,4.4,2,Kart,0,14,0
Giyim,690.0,0.1,2,0,7,0.15,26.0,3.3,5,Kart,0,12,1
Giyim,590.0,0.2,3,0,23,0.02,,3.9,3,Kart,0,18,1
Elektronik,1920.0,0.0,2,0,4,0.03,37.0,4.4,4,Kart,0,17,0
Ev,1130.0,0.2,3,0,10,0.07,43.0,4.6,6,Kapida odeme,1,16,0
Elektronik,6950.0,0.0,2,0,19,0.11,,4.6,2,Kart,1,6,0
Kozmetik,1090.0,0.0,2,0,8,0.02,34.0,4.5,4,Kart,1,5,0
Ayakkabi,1170.0,0.0,1,0,17,0.19,43.0,,5,Kart,0,0,1
Giyim,510.0,0.5,2,1,2,0.15,27.0,4.6,5,Kart,0,7,0
Ayakkabi,850.0,0.0,2,0,1,0.07,,3.9,3,Kart,0,11,0
Ayakkabi,1540.0,0.0,2,0,3,0.02,50.0,4.0,3,Kapida odeme,0,13,1
Giyim,710.0,0.5,5,1,14,0.21,32.0,4.5,3,Kart,0,6,0
Giyim,450.0,0.0,1,1,0,,32.0,4.7,2,Kart,0,22,0
Ayakkabi,1290.0,0.3,1,1,15,0.01,37.0,4.1,4,Kart,1,18,0
Ev,370.0,0.2,3,0,3,0.16,36.0,3.9,5,Kart,1,0,0
Giyim,990.0,0.1,2,0,8,0.22,46.0,3.9,2,Kart,0,7,0
Ayakkabi,990.0,0.2,2,1,0,,25.0,,2,Kart,0,10,1
Elektronik,4430.0,0.2,1,0,3,0.3,25.0,,3,Kart,0,7,0
Elektronik,2370.0,0.0,2,0,14,0.04,37.0,,3,Kapida odeme,0,2,1
Ev,690.0,0.5,4,0,5,0.05,39.0,4.4,4,Kart,0,7,0
Ev,790.0,0.5,2,0,0,,34.0,4.2,5,Kapida odeme,0,4,0
Ev,900.0,0.3,1,0,1,0.07,43.0,,3,Kart,0,17,0
Giyim,810.0,0.1,2,1,0,,48.0,4.2,1,Kart,0,16,0
Ayakkabi,2680.0,0.1,3,0,8,0.4,41.0,4.8,4,Kart,0,3,1
Elektronik,6260.0,0.1,1,0,5,0.49,38.0,3.7,2,Kart,0,13,0
Giyim,1000.0,0.0,3,0,2,0.2,32.0,4.3,5,Kart,0,5,1
Giyim,1250.0,0.1,1,0,6,0.15,35.0,3.8,4,Kapida odeme,0,14,1
Giyim,840.0,0.1,2,0,0,,20.0,3.8,4,Kart,0,15,1
Ayakkabi,1380.0,0.2,3,1,0,,22.0,,2,Kart,1,3,1
Ayakkabi,2200.0,0.0,4,1,1,0.22,47.0,4.2,3,Kart,0,8,0
Giyim,1050.0,0.1,3,1,11,0.24,52.0,4.0,3,Kart,0,0,0
Ev,1210.0,0.1,2,0,5,0.03,20.0,3.3,3,Kart,0,18,0
Kozmetik,180.0,0.0,4,0,4,0.06,,4.0,3,Kart,1,8,0
Giyim,450.0,0.5,2,1,3,0.24,19.0,3.9,3,Kart,0,3,0
Kozmetik,310.0,0.2,2,0,5,0.11,50.0,3.4,1,Kart,0,17,0
Giyim,920.0,0.0,1,0,15,0.2,34.0,,6,Kart,0,7,1
Kozmetik,350.0,0.0,1,0,10,0.1,59.0,4.5,1,Kapida odeme,0,1,0
Kozmetik,580.0,0.2,2,0,17,0.02,28.0,4.5,3,Kart,0,12,0
Giyim,1170.0,0.0,3,1,8,0.17,29.0,5.0,4,Kart,0,5,0
Ev,1540.0,0.3,3,0,0,,38.0,3.7,4,Kart,0,11,0
Kozmetik,600.0,0.0,2,0,13,0.19,43.0,3.7,5,Kapida odeme,0,4,0
Kozmetik,220.0,0.0,1,0,0,,42.0,4.2,2,Kart,0,4,0
Kozmetik,430.0,0.0,2,0,11,0.15,44.0,4.1,3,Kart,0,13,0
Elektronik,3420.0,0.2,2,0,0,,32.0,4.3,1,Kart,1,12,0
Giyim,310.0,0.5,2,0,5,0.29,44.0,,2,Kapida odeme,0,21,1
Ev,790.0,0.3,1,0,6,0.32,56.0,4.1,1,Kart,1,16,0
Elektronik,8170.0,0.1,1,0,3,0.3,,4.7,5,Kart,0,12,0
Elektronik,5540.0,0.3,1,0,4,0.14,,3.9,2,Kart,1,15,1
Ayakkabi,3470.0,0.0,3,0,5,0.22,38.0,4.0,4,Kart,0,17,1
Elektronik,4870.0,0.1,2,0,3,0.23,18.0,3.7,4,Kart,0,15,0
Giyim,1960.0,0.5,5,0,1,0.13,41.0,2.7,2,Kart,0,9,1
Ev,970.0,0.0,1,0,0,,18.0,3.4,2,Kart,1,18,0
Giyim,660.0,0.5,2,0,6,0.04,41.0,4.6,1,Kart,0,23,0
Ev,510.0,0.0,1,0,11,0.19,34.0,4.7,2,Kart,0,6,0
Ev,1480.0,0.0,2,0,0,,44.0,3.6,3,Kart,0,9,0
Ayakkabi,1120.0,0.1,3,1,1,0.59,34.0,4.6,1,Kart,0,6,1
Ayakkabi,1050.0,0.3,1,0,4,0.11,48.0,,5,Kart,0,0,0
Giyim,1160.0,0.0,2,0,15,0.36,40.0,3.7,2,Kapida odeme,0,8,1
Kozmetik,590.0,0.3,1,0,2,0.17,,4.0,5,Kart,1,20,0
Ev,1500.0,0.0,5,0,0,,30.0,,6,Kart,0,14,0
Ayakkabi,1190.0,0.2,2,1,2,0.25,30.0,5.0,4,Kart,0,22,0
Giyim,640.0,0.1,4,1,0,,20.0,4.0,4,Kart,0,12,1
Giyim,630.0,0.0,5,1,5,0.04,,4.2,4,Kapida odeme,0,12,1
Ayakkabi,1990.0,0.2,2,0,2,0.08,35.0,4.7,7,Kart,0,13,0
Kozmetik,700.0,0.2,1,0,5,0.11,35.0,,5,Kart,1,0,0
Ev,1060.0,0.1,3,0,11,0.07,38.0,4.7,4,Kapida odeme,0,19,0
Giyim,1580.0,0.0,1,1,0,,27.0,3.7,5,Kapida odeme,0,7,1
Ev,1350.0,0.0,4,0,33,0.12,36.0,4.6,2,Kart,1,2,0
Ayakkabi,1260.0,0.5,2,0,2,0.0,47.0,3.9,3,Kart,0,12,0
Ev,1310.0,0.2,1,0,4,0.01,38.0,4.8,3,Kart,0,20,0
Giyim,1400.0,0.3,3,1,3,0.14,,4.5,5,Kart,1,4,1
Elektronik,11060.0,0.2,1,0,4,0.01,37.0,3.7,6,Kart,0,4,0
Kozmetik,600.0,0.3,1,0,3,0.43,46.0,4.7,1,Kart,0,12,0
Giyim,660.0,0.0,2,0,1,0.15,36.0,4.4,6,Kart,0,22,0
Ev,820.0,0.1,1,0,15,0.07,29.0,4.4,6,Kart,1,12,0
Kozmetik,450.0,0.2,1,0,0,,29.0,4.2,4,Kart,0,3,0
Giyim,1380.0,0.0,2,0,7,0.01,29.0,4.0,3,Kapida odeme,0,0,0
Giyim,790.0,0.0,1,1,1,0.04,28.0,4.5,4,Kart,0,16,0
Elektronik,5520.0,0.1,3,0,7,0.3,42.0,5.0,4,Kart,0,2,0
Giyim,670.0,0.3,3,1,5,0.02,51.0,5.0,3,Kart,0,17,0
Giyim,560.0,0.2,1,0,1,0.06,30.0,4.1,3,Kapida odeme,0,9,0
Ayakkabi,1300.0,0.0,2,1,32,0.35,25.0,3.3,5,Kart,0,21,1
Ev,960.0,0.5,2,0,5,0.32,21.0,4.0,2,Kart,1,19,0
Giyim,1410.0,0.0,1,1,1,0.1,51.0,4.3,4,Kart,0,5,0
Giyim,580.0,0.0,1,0,0,,44.0,4.3,4,Kapida odeme,0,12,1
Ev,920.0,0.5,1,0,2,0.18,27.0,4.6,4,Kart,0,3,0
Ayakkabi,950.0,0.2,1,0,15,0.16,35.0,,1,Kapida odeme,0,16,1
Ev,1240.0,0.5,2,0,9,0.25,48.0,,5,Kapida odeme,0,1,1
Ayakkabi,2590.0,0.3,3,0,4,0.25,33.0,3.9,4,Kart,0,3,0
Kozmetik,730.0,0.2,1,0,6,0.37,43.0,4.0,3,Kart,0,15,0
Elektronik,4930.0,0.0,3,0,4,0.25,32.0,3.7,4,Kart,0,7,0
Giyim,840.0,0.0,1,0,5,0.07,31.0,4.3,2,Kart,0,7,0
Kozmetik,330.0,0.5,3,0,10,0.09,18.0,4.6,2,Kart,0,22,0
Ayakkabi,1780.0,0.3,4,1,7,0.12,30.0,4.7,3,Kart,0,10,0
Giyim,750.0,0.0,2,1,16,0.11,29.0,3.1,3,Kart,0,17,0
Giyim,670.0,0.0,2,0,5,0.05,,4.4,3,Kart,0,7,0
Ev,960.0,0.0,5,0,8,0.47,36.0,3.7,3,Kapida odeme,1,21,1
Giyim,800.0,0.0,1,1,0,,36.0,4.5,5,Kart,0,20,0
Giyim,570.0,0.3,2,0,2,0.16,44.0,3.7,3,Kart,1,14,1
Giyim,580.0,0.0,1,1,7,0.13,18.0,4.5,1,Kart,0,11,0
Ayakkabi,3020.0,0.0,2,0,6,0.13,34.0,3.9,4,Kart,0,5,0
Ayakkabi,4740.0,0.5,1,1,0,,22.0,3.9,4,Kart,0,8,0
Ayakkabi,810.0,0.1,4,0,4,0.05,21.0,4.6,3,Kart,0,18,1
Giyim,370.0,0.1,3,0,12,0.16,31.0,4.0,9,Kart,0,8,0
Giyim,420.0,0.0,4,0,14,0.21,34.0,4.6,6,Kart,1,12,0
Elektronik,4300.0,0.0,2,0,5,0.2,39.0,4.5,2,Kart,0,10,0
Ayakkabi,2100.0,0.0,1,1,3,0.03,,4.1,2,Kart,0,8,0
Elektronik,5870.0,0.0,1,0,14,0.14,26.0,4.0,3,Kart,0,19,0
Giyim,700.0,0.0,2,0,7,0.06,32.0,4.8,2,Kart,0,18,0
Giyim,820.0,0.0,3,0,0,,48.0,,3,Kart,0,2,1
Giyim,480.0,0.0,3,0,7,0.2,50.0,,3,Kart,0,13,1
Ayakkabi,1250.0,0.0,4,1,3,0.15,31.0,3.4,5,Kapida odeme,0,13,1
Ayakkabi,1390.0,0.5,3,1,1,0.18,35.0,4.1,2,Kart,0,9,0
Ev,440.0,0.0,1,0,2,0.13,25.0,4.0,6,Kart,0,14,0
Ayakkabi,830.0,0.0,2,0,4,0.05,44.0,4.4,4,Kart,0,8,0
Elektronik,2720.0,0.3,2,0,10,0.33,57.0,3.8,4,Kapida odeme,0,4,1
Elektronik,6350.0,0.0,3,0,19,0.07,29.0,3.8,4,Kart,0,4,0
Giyim,730.0,0.1,1,0,8,0.01,46.0,4.2,4,Kart,1,5,0
Ayakkabi,1840.0,0.3,1,0,8,0.26,41.0,3.4,1,Kapida odeme,0,6,1
Giyim,280.0,0.1,1,0,11,0.08,32.0,3.3,8,Kart,0,7,1
Ayakkabi,720.0,0.0,2,1,3,0.16,27.0,4.1,4,Kart,0,8,0
Giyim,880.0,0.2,2,0,2,0.11,59.0,5.0,4,Kart,0,19,0
Ev,260.0,0.2,1,0,2,0.09,,4.3,2,Kart,0,20,0
Kozmetik,610.0,0.0,3,0,3,0.21,44.0,4.0,4,Kapida odeme,0,10,0
Giyim,290.0,0.0,1,0,6,0.18,32.0,4.4,5,Kart,0,18,0
Elektronik,6580.0,0.0,2,0,10,0.08,35.0,4.5,3,Kart,0,7,0
Ev,600.0,0.3,4,0,1,0.1,22.0,,5,Kart,0,7,0
Giyim,1040.0,0.0,3,1,4,0.28,42.0,3.9,3,Kart,0,16,0
Ev,3810.0,0.0,3,0,0,,30.0,3.5,3,Kart,0,23,0
Elektronik,1620.0,0.1,2,0,4,0.22,24.0,,1,Kapida odeme,1,21,1
Kozmetik,480.0,0.5,2,0,15,0.06,,4.0,5,Kart,0,19,0
Kozmetik,160.0,0.0,1,0,8,0.31,58.0,4.4,5,Kapida odeme,0,14,0
Giyim,790.0,0.0,1,0,0,,31.0,4.7,3,Kart,0,19,0
Ayakkabi,1280.0,0.0,1,1,4,0.07,38.0,,3,Kart,0,14,0
Elektronik,4770.0,0.2,1,0,21,0.39,22.0,3.5,6,Kart,0,7,0
Giyim,430.0,0.1,1,0,2,0.14,32.0,,4,Kart,1,12,0
Giyim,920.0,0.3,2,1,5,0.24,20.0,,3,Kart,0,8,1
Kozmetik,180.0,0.0,3,0,7,0.15,38.0,4.4,3,Kart,0,9,0
Giyim,1140.0,0.0,2,0,4,0.08,,,3,Kapida odeme,0,19,1
Ayakkabi,1160.0,0.0,2,1,1,0.29,42.0,3.9,4,Kapida odeme,0,8,1
Ev,480.0,0.0,3,0,3,0.18,18.0,4.0,3,Kart,0,3,0
Giyim,1330.0,0.1,2,0,0,,28.0,4.4,4,Kapida odeme,0,4,1
Ayakkabi,1360.0,0.2,3,0,2,0.1,46.0,4.6,3,Kapida odeme,0,15,0
Kozmetik,830.0,0.0,4,0,18,0.11,49.0,5.0,5,Kart,0,8,0
Ayakkabi,2430.0,0.2,3,0,18,0.23,34.0,5.0,5,Kapida odeme,0,11,0
Giyim,450.0,0.0,2,1,10,0.35,30.0,4.1,6,Kapida odeme,0,11,0
Giyim,630.0,0.1,1,0,5,0.28,,3.9,4,Kart,0,21,1
Kozmetik,370.0,0.0,2,0,3,0.2,55.0,3.9,2,Kart,1,10,0
Giyim,1290.0,0.1,3,0,20,0.04,31.0,3.6,7,Kart,0,17,1
Ayakkabi,1700.0,0.0,3,0,4,0.18,,,4,Kart,0,20,1
Giyim,700.0,0.5,4,1,3,0.39,23.0,3.8,6,Kart,1,15,1
Ayakkabi,1280.0,0.3,2,1,4,0.11,27.0,3.7,5,Kart,0,20,0
Kozmetik,340.0,0.3,3,0,0,,38.0,3.7,4,Kapida odeme,1,21,0
Ayakkabi,2520.0,0.3,3,0,2,0.52,43.0,4.6,2,Kapida odeme,0,1,0
Kozmetik,350.0,0.0,2,0,3,0.06,37.0,4.2,3,Kapida odeme,0,20,0
Giyim,540.0,0.1,2,1,2,0.15,42.0,3.6,4,Kart,0,7,0
Ayakkabi,1090.0,0.0,3,0,18,0.06,24.0,,4,Kart,1,22,1
Ev,700.0,0.3,3,0,10,0.01,23.0,4.7,3,Kart,0,6,0
Ayakkabi,740.0,0.0,3,1,2,0.26,42.0,4.0,3,Kart,0,3,1
Giyim,460.0,0.0,3,1,6,0.2,29.0,3.8,3,Kapida odeme,0,22,1
Ev,1770.0,0.2,1,0,11,0.45,22.0,3.8,4,Kapida odeme,0,12,0
Ayakkabi,1280.0,0.0,3,0,1,0.17,36.0,4.3,4,Kart,0,12,1
Elektronik,6180.0,0.2,1,0,10,0.23,35.0,4.6,2,Kart,0,17,0
Kozmetik,110.0,0.0,1,0,24,0.23,32.0,4.3,3,Kart,0,20,0
Giyim,840.0,0.2,2,0,7,0.32,50.0,3.6,2,Kapida odeme,1,11,0
Giyim,600.0,0.3,2,0,14,0.02,53.0,4.7,4,Kart,0,23,0
Giyim,520.0,0.1,2,1,1,0.13,44.0,4.2,1,Kart,0,17,0
Ayakkabi,1520.0,0.0,2,1,6,0.07,38.0,4.1,3,Kart,1,14,0
Giyim,520.0,0.0,2,0,4,0.02,48.0,4.4,4,Kart,0,10,0
Ev,350.0,0.0,2,0,2,0.11,36.0,,4,Kart,1,21,1
Giyim,980.0,0.0,1,1,3,0.1,32.0,3.7,2,Kapida odeme,0,3,0
Elektronik,5020.0,0.1,2,0,4,0.19,28.0,,3,Kart,0,22,0
Giyim,560.0,0.0,2,0,2,0.35,26.0,4.2,3,Kart,0,12,0
Ayakkabi,910.0,0.0,1,0,16,0.26,,4.2,4,Kart,0,5,0
Giyim,340.0,0.0,2,0,5,0.33,19.0,4.6,6,Kart,0,1,0
Ev,1000.0,0.5,1,0,3,0.26,28.0,4.8,3,Kapida odeme,0,13,0
Ayakkabi,2890.0,0.0,4,0,0,,30.0,4.0,5,Kart,0,20,1
Ayakkabi,1530.0,0.0,3,0,3,0.15,20.0,4.3,2,Kart,0,13,1
Ev,480.0,0.1,3,0,1,0.27,30.0,4.4,3,Kart,0,1,0
Elektronik,4980.0,0.0,3,0,4,0.11,35.0,,5,Kapida odeme,0,13,1
Giyim,630.0,0.5,6,1,7,0.06,44.0,3.5,3,Kapida odeme,0,22,1
Kozmetik,520.0,0.0,2,0,4,0.01,29.0,4.4,3,Kapida odeme,0,5,0
Giyim,850.0,0.2,2,0,3,0.17,35.0,3.8,4,Kart,0,5,0
Giyim,170.0,0.1,4,1,0,,19.0,4.5,3,Kart,0,19,1
Ayakkabi,1790.0,0.3,2,1,4,0.17,22.0,3.7,4,Kart,0,15,1
Giyim,410.0,0.2,3,0,1,0.27,18.0,4.2,7,Kapida odeme,1,7,1
Giyim,340.0,0.2,1,0,0,,,4.1,2,Kart,0,20,1
Ev,830.0,0.0,2,0,1,0.22,,5.0,2,Kapida odeme,0,14,0
Giyim,780.0,0.1,4,1,9,0.09,36.0,3.8,2,Kart,0,21,1
Ev,430.0,0.2,1,0,3,0.32,39.0,3.8,4,Kart,0,21,0
Kozmetik,480.0,0.1,3,0,1,0.42,42.0,,4,Kart,0,11,0
Elektronik,6340.0,0.1,2,0,9,0.31,54.0,4.6,3,Kapida odeme,0,1,0
Ev,920.0,0.0,1,0,8,0.26,34.0,4.3,2,Kapida odeme,0,1,0
Ev,610.0,0.0,4,0,3,0.12,27.0,4.0,4,Kart,0,9,0
Kozmetik,230.0,0.0,3,0,5,0.42,41.0,3.7,2,Kart,0,14,0
Giyim,1030.0,0.0,2,0,1,0.05,58.0,4.0,5,Kart,0,21,0
Giyim,330.0,0.0,1,0,0,,29.0,3.9,4,Kart,0,12,1
Ayakkabi,2260.0,0.0,3,1,18,0.07,26.0,,3,Kart,0,19,1
Elektronik,4180.0,0.1,1,0,3,0.17,18.0,3.9,2,Kart,0,3,0
Giyim,620.0,0.2,2,1,13,0.53,,3.9,5,Kart,1,17,0
Elektronik,2090.0,0.1,2,0,0,,48.0,,1,Kart,0,6,0
Giyim,610.0,0.2,2,1,5,0.29,32.0,3.6,5,Kapida odeme,1,19,0
Kozmetik,460.0,0.0,3,0,0,,23.0,4.4,4,Kart,1,20,0
Giyim,360.0,0.0,3,0,8,0.11,34.0,4.3,3,Kart,0,15,0
Giyim,810.0,0.2,2,1,5,0.29,60.0,4.2,2,Kart,0,12,0
Giyim,680.0,0.3,2,1,8,0.24,34.0,,3,Kart,0,3,0
Giyim,490.0,0.2,2,0,7,0.13,53.0,4.4,4,Kapida odeme,0,9,0
Giyim,950.0,0.2,1,1,4,0.37,25.0,4.2,2,Kapida odeme,0,10,1
Giyim,240.0,0.2,2,1,5,0.07,,4.7,5,Kart,0,18,0
Giyim,760.0,0.2,3,1,1,0.14,28.0,3.1,3,Kapida odeme,0,17,1
Giyim,1350.0,0.2,2,0,7,0.27,26.0,5.0,1,Kart,1,15,0
Ayakkabi,2680.0,0.2,6,0,9,0.02,25.0,4.7,2,Kart,0,6,0
Ayakkabi,1670.0,0.0,2,1,6,0.47,31.0,,5,Kart,0,6,1
Giyim,570.0,0.0,3,0,5,0.21,44.0,,1,Kapida odeme,0,17,1
Giyim,490.0,0.0,4,0,1,0.02,29.0,4.2,4,Kapida odeme,0,14,0
Giyim,570.0,0.1,3,0,0,,45.0,4.3,4,Kapida odeme,1,21,1
Giyim,830.0,0.2,3,0,2,0.32,27.0,4.0,3,Kart,0,8,1
Giyim,450.0,0.0,2,0,0,,33.0,4.3,6,Kart,0,18,1
Ev,1270.0,0.0,4,0,2,0.56,29.0,4.3,4,Kapida odeme,0,18,1
Kozmetik,910.0,0.2,2,0,11,0.08,52.0,3.6,3,Kart,0,8,0
Kozmetik,340.0,0.0,2,0,0,,39.0,,5,Kart,1,13,0
Ayakkabi,760.0,0.3,2,1,2,0.12,37.0,4.5,3,Kapida odeme,0,20,0
Elektronik,2460.0,0.0,3,0,1,0.09,31.0,,6,Kart,0,0,1
Giyim,920.0,0.0,1,0,4,0.04,28.0,3.6,3,Kart,0,8,0
Ev,880.0,0.0,1,0,3,0.0,24.0,4.2,4,Kart,0,6,0
Ev,1340.0,0.0,1,0,2,0.09,47.0,3.8,2,Kart,0,16,0
Ev,710.0,0.0,3,0,5,0.28,,4.3,3,Kapida odeme,0,17,0
Kozmetik,510.0,0.0,1,0,9,0.33,30.0,,3,Kart,1,16,0
Ayakkabi,1300.0,0.0,3,0,0,,43.0,4.9,2,Kart,0,7,1
Ev,650.0,0.0,1,0,7,0.01,18.0,,3,Kart,1,23,0
Ev,750.0,0.2,2,0,8,0.01,36.0,,6,Kart,1,5,0
Giyim,380.0,0.0,4,1,2,0.1,25.0,4.2,1,Kart,0,12,0
Kozmetik,860.0,0.0,1,0,5,0.19,34.0,3.5,2,Kart,0,19,0
Giyim,620.0,0.0,3,1,1,0.06,32.0,3.8,4,Kart,0,16,0
Kozmetik,470.0,0.5,2,0,10,0.28,18.0,3.5,3,Kart,0,23,0
Ev,710.0,0.2,4,0,3,0.2,40.0,4.3,3,Kart,0,16,0
Giyim,400.0,0.5,3,0,0,,24.0,,4,Kart,0,1,1
Elektronik,4050.0,0.3,2,0,8,0.37,29.0,4.0,8,Kart,0,7,0
Giyim,1070.0,0.0,2,1,7,0.31,35.0,4.8,3,Kart,0,2,0
Ev,710.0,0.2,1,0,4,0.07,38.0,3.8,3,Kart,0,10,0
Ev,610.0,0.0,1,0,7,0.29,38.0,4.0,2,Kart,1,3,0
Elektronik,4830.0,0.3,2,0,4,0.14,42.0,4.6,3,Kart,0,7,0
Ev,1130.0,0.0,2,0,4,0.14,18.0,4.5,4,Kart,1,2,0
Giyim,1360.0,0.0,3,1,2,0.22,39.0,4.4,4,Kart,0,12,0
Giyim,760.0,0.3,2,0,0,,34.0,4.7,2,Kart,0,3,0
Ayakkabi,1870.0,0.3,2,0,11,0.08,28.0,4.2,5,Kart,0,8,0
Giyim,900.0,0.5,1,0,4,0.23,,4.3,5,Kart,0,0,0
Ayakkabi,830.0,0.0,1,1,7,0.12,,3.9,1,Kart,0,22,0
Giyim,420.0,0.0,5,0,1,0.18,25.0,5.0,4,Kapida odeme,0,6,0
Ayakkabi,860.0,0.0,1,1,1,0.2,48.0,4.0,3,Kapida odeme,0,0,1
Ayakkabi,770.0,0.0,1,1,1,0.03,45.0,4.1,4,Kapida odeme,0,7,0
Ev,1290.0,0.1,3,0,9,0.27,38.0,4.3,3,Kart,0,5,0
Giyim,740.0,0.0,1,1,4,0.16,22.0,4.5,2,Kart,0,11,0
Kozmetik,360.0,0.2,3,0,2,0.11,56.0,4.5,3,Kart,1,7,0
Ayakkabi,440.0,0.0,3,0,2,0.0,37.0,3.0,4,Kapida odeme,0,5,1
Giyim,1640.0,0.2,3,1,3,0.01,35.0,,2,Kart,0,4,1
Ayakkabi,940.0,0.3,2,1,4,0.4,,4.9,4,Kart,0,7,0
Ayakkabi,3520.0,0.1,1,1,2,0.04,40.0,4.8,3,Kapida odeme,0,20,0
Giyim,340.0,0.0,1,1,4,0.17,43.0,,4,Kapida odeme,1,1,1
Ayakkabi,970.0,0.0,1,1,1,0.19,,4.8,6,Kapida odeme,0,12,1
Giyim,240.0,0.0,1,0,5,0.48,22.0,4.3,3,Kart,0,22,1
Ayakkabi,1650.0,0.2,4,0,2,0.44,44.0,4.3,6,Kart,1,13,1
Elektronik,2740.0,0.1,3,0,5,0.39,26.0,4.5,3,Kart,0,2,0
Ayakkabi,860.0,0.0,1,0,0,,24.0,4.4,2,Kart,0,2,1
Ev,490.0,0.5,1,0,0,,33.0,4.7,4,Kart,0,5,0
Giyim,920.0,0.2,2,1,2,0.08,29.0,3.2,5,Kart,0,2,0
Kozmetik,480.0,0.3,2,0,3,0.02,38.0,4.2,4,Kart,0,6,0
Ev,2030.0,0.0,3,0,1,0.01,40.0,,7,Kart,0,19,1
Kozmetik,260.0,0.5,3,0,13,0.35,29.0,4.6,5,Kapida odeme,0,20,0
Ev,990.0,0.0,3,0,2,0.05,35.0,3.8,3,Kart,1,17,0
Giyim,360.0,0.0,5,0,4,0.05,29.0,4.1,4,Kart,0,11,1
Ayakkabi,1200.0,0.3,1,1,3,0.37,42.0,4.6,3,Kart,0,0,0
Giyim,510.0,0.3,1,0,5,0.14,39.0,4.8,3,Kart,0,8,0
Ev,1110.0,0.1,6,0,0,,41.0,4.6,3,Kart,0,19,0
Elektronik,7110.0,0.0,1,0,0,,31.0,4.5,2,Kart,0,7,1
Giyim,1020.0,0.0,3,1,4,0.17,37.0,3.7,2,Kart,0,10,1
Kozmetik,240.0,0.2,3,0,0,,39.0,3.7,1,Kart,0,12,0
Giyim,1020.0,0.3,4,0,7,0.15,41.0,3.6,2,Kart,1,15,1
Elektronik,4410.0,0.0,2,0,0,,41.0,,6,Kart,0,2,1
Ev,780.0,0.0,5,0,7,0.18,,4.3,2,Kapida odeme,0,12,0
Giyim,470.0,0.2,2,1,1,0.04,23.0,4.7,3,Kapida odeme,0,22,0
Elektronik,3500.0,0.2,1,0,2,0.2,39.0,,2,Kart,0,2,0
Ev,1970.0,0.0,5,0,3,0.18,39.0,3.4,5,Kart,0,9,0
Giyim,750.0,0.1,1,1,11,0.68,23.0,4.2,3,Kart,1,4,1
Ayakkabi,1510.0,0.5,1,1,4,0.06,42.0,4.1,1,Kart,1,8,0
Giyim,580.0,0.0,2,0,4,0.06,36.0,3.2,4,Kart,0,7,0
Elektronik,13530.0,0.1,1,0,1,0.07,33.0,4.6,5,Kart,0,15,0
Giyim,1170.0,0.1,2,1,10,0.22,36.0,4.6,2,Kart,1,6,0
Kozmetik,250.0,0.1,2,0,9,0.35,43.0,3.9,2,Kart,1,5,0
Kozmetik,310.0,0.3,2,0,6,0.37,50.0,4.1,3,Kart,0,15,0
Giyim,590.0,0.1,2,1,2,0.11,33.0,4.3,3,Kapida odeme,0,14,0
Giyim,690.0,0.1,1,0,1,0.35,32.0,4.4,3,Kapida odeme,1,7,1
Elektronik,3280.0,0.0,3,0,6,0.1,40.0,,1,Kart,0,18,1
Ev,1100.0,0.2,3,0,1,0.18,21.0,3.8,3,Kapida odeme,0,0,0
Ayakkabi,2690.0,0.0,1,0,0,,43.0,,5,Kart,0,17,1
Giyim,360.0,0.0,3,1,1,0.25,20.0,4.9,4,Kart,0,12,0
Giyim,390.0,0.1,3,0,1,0.17,20.0,4.7,4,Kart,0,11,1
Kozmetik,280.0,0.1,1,0,10,0.62,50.0,3.7,1,Kart,1,16,0
Ayakkabi,1150.0,0.5,1,0,3,0.16,18.0,3.8,4,Kart,0,8,1
Ev,2210.0,0.2,1,0,6,0.04,47.0,,4,Kapida odeme,0,8,1
Ayakkabi,2200.0,0.3,4,0,1,0.16,50.0,3.5,2,Kapida odeme,0,14,1
Kozmetik,540.0,0.0,3,0,8,0.07,37.0,5.0,3,Kapida odeme,0,7,0
Giyim,580.0,0.1,2,1,1,0.2,40.0,3.9,1,Kapida odeme,1,18,0
Giyim,570.0,0.5,1,1,0,,18.0,4.5,4,Kart,0,1,0
Kozmetik,180.0,0.0,1,0,10,0.68,,4.0,6,Kapida odeme,0,6,1
Kozmetik,500.0,0.3,2,0,4,0.26,,4.1,4,Kart,0,9,0
Giyim,810.0,0.1,1,0,9,0.1,37.0,4.1,2,Kart,1,3,1
Ayakkabi,2500.0,0.0,2,0,2,0.08,38.0,4.4,2,Kart,0,18,1
Ayakkabi,1270.0,0.1,4,0,3,0.17,37.0,4.1,5,Kart,0,15,1
Ayakkabi,1310.0,0.0,3,0,1,0.15,34.0,4.5,4,Kart,0,20,1
Giyim,700.0,0.0,3,1,1,0.11,22.0,4.7,5,Kapida odeme,0,4,0
Kozmetik,520.0,0.0,1,0,2,0.06,38.0,3.9,2,Kapida odeme,1,7,0
Giyim,340.0,0.0,3,0,1,0.14,23.0,4.3,2,Kapida odeme,0,8,1
Ev,1250.0,0.0,1,0,7,0.04,30.0,3.5,4,Kart,1,18,0
Giyim,640.0,0.3,1,1,0,,48.0,4.0,6,Kapida odeme,0,4,1
Giyim,400.0,0.0,3,1,13,0.3,18.0,4.2,2,Kart,0,22,0
Elektronik,1760.0,0.3,3,0,3,0.35,33.0,4.1,3,Kart,0,10,0
Giyim,610.0,0.1,2,1,1,0.05,43.0,4.2,2,Kart,0,0,0
Elektronik,8630.0,0.0,2,0,2,0.52,40.0,4.4,3,Kart,0,14,0
Giyim,1380.0,0.0,2,0,1,0.01,37.0,4.5,4,Kart,0,8,1
Kozmetik,410.0,0.5,4,0,0,,27.0,3.2,4,Kapida odeme,0,10,0
Ev,2180.0,0.1,2,0,10,0.09,47.0,,1,Kart,0,16,0
Ev,880.0,0.5,4,0,2,0.37,22.0,4.1,4,Kapida odeme,0,3,0
Giyim,1000.0,0.0,1,0,11,0.04,41.0,4.0,6,Kart,0,6,0
Giyim,530.0,0.2,2,0,0,,36.0,4.8,3,Kapida odeme,0,1,1
Ayakkabi,1110.0,0.2,1,0,1,0.13,26.0,3.4,1,Kart,0,16,1
Elektronik,3320.0,0.5,2,0,5,0.06,30.0,4.2,4,Kart,1,6,0
Giyim,260.0,0.0,1,0,3,0.15,52.0,4.8,6,Kart,0,19,1
Giyim,1160.0,0.5,1,0,2,0.04,22.0,4.2,7,Kart,0,4,1
Ayakkabi,1050.0,0.0,2,0,7,0.04,18.0,3.8,5,Kart,0,16,0
Giyim,450.0,0.3,1,0,15,0.27,28.0,4.1,7,Kart,1,18,1
Ayakkabi,820.0,0.1,3,0,13,0.05,38.0,5.0,4,Kart,0,13,0
Giyim,590.0,0.1,2,0,6,0.22,48.0,,4,Kart,1,6,1
Giyim,1440.0,0.0,4,1,7,0.04,34.0,4.0,4,Kapida odeme,0,16,0
Elektronik,11550.0,0.3,2,0,2,0.09,18.0,,6,Kart,1,8,0
Ayakkabi,660.0,0.0,3,0,1,0.03,,,3,Kart,0,8,0
Giyim,550.0,0.1,3,0,7,0.19,43.0,3.1,2,Kart,0,9,1
Elektronik,2830.0,0.1,3,0,24,0.05,37.0,4.2,4,Kapida odeme,0,5,0
Ev,1400.0,0.2,4,0,5,0.15,,5.0,2,Kart,0,16,0
Ayakkabi,1590.0,0.1,4,0,11,0.27,18.0,4.1,5,Kart,0,14,1
Elektronik,3380.0,0.2,3,0,34,0.19,21.0,4.9,3,Kapida odeme,1,11,0
Kozmetik,360.0,0.1,2,0,0,,33.0,3.6,4,Kart,0,10,0
Ayakkabi,1130.0,0.2,3,0,6,0.27,45.0,3.6,4,Kart,0,4,1
Kozmetik,720.0,0.2,2,0,18,0.08,26.0,4.7,3,Kart,0,22,0
Ev,1150.0,0.2,3,0,2,0.37,36.0,4.6,3,Kapida odeme,0,4,0
Giyim,880.0,0.3,3,0,9,0.33,36.0,4.2,3,Kart,0,20,1
Ayakkabi,420.0,0.1,1,0,6,0.13,24.0,4.6,4,Kapida odeme,0,7,0
Ev,870.0,0.0,3,0,1,0.31,27.0,,3,Kapida odeme,0,23,0
Kozmetik,890.0,0.2,3,0,0,,34.0,3.7,4,Kapida odeme,0,10,0
Ayakkabi,2540.0,0.0,2,1,8,0.05,30.0,4.4,1,Kart,0,18,0
Giyim,280.0,0.0,2,0,10,0.21,,4.1,2,Kart,1,8,0
Elektronik,3910.0,0.2,2,0,14,0.24,30.0,4.4,3,Kart,0,13,0
Giyim,380.0,0.0,1,0,0,,43.0,4.3,1,Kart,0,14,0
Ev,1940.0,0.1,3,0,11,0.08,30.0,4.0,5,Kart,0,10,0
Ayakkabi,1560.0,0.5,2,0,0,,34.0,5.0,4,Kart,0,17,0
Ev,640.0,0.0,2,0,3,0.08,42.0,3.7,2,Kapida odeme,0,1,1
Ev,910.0,0.0,2,0,4,0.04,33.0,4.3,3,Kapida odeme,0,18,0
Elektronik,1390.0,0.0,4,0,1,0.38,30.0,4.2,2,Kart,1,2,1
Elektronik,2760.0,0.0,1,0,19,0.23,33.0,4.3,2,Kart,0,9,0
Ev,910.0,0.2,1,0,1,0.5,43.0,4.2,4,Kart,0,20,0
Ev,1320.0,0.2,2,0,0,,37.0,4.7,3,Kart,1,11,0
Ev,380.0,0.1,2,0,12,0.1,18.0,4.3,2,Kapida odeme,0,20,0
Giyim,550.0,0.0,3,0,1,0.05,27.0,,2,Kart,1,22,1
Elektronik,7090.0,0.1,5,0,10,0.07,,3.7,2,Kart,0,19,0
Giyim,340.0,0.0,2,1,1,0.32,40.0,3.9,1,Kapida odeme,1,14,1
Ev,1000.0,0.2,3,0,7,0.2,,3.8,3,Kapida odeme,0,5,0
Elektronik,4640.0,0.1,1,0,6,0.15,37.0,,3,Kapida odeme,0,14,0
Ayakkabi,3030.0,0.0,2,0,11,0.08,40.0,4.2,6,Kart,1,20,1
Giyim,590.0,0.3,3,1,4,0.01,40.0,4.4,3,Kart,1,13,0
Giyim,600.0,0.2,1,1,6,0.16,33.0,3.6,5,Kart,1,18,0
Ev,1320.0,0.0,2,0,14,0.08,,4.1,4,Kart,0,1,0
Giyim,360.0,0.1,4,1,7,0.09,31.0,4.4,2,Kapida odeme,0,8,0
Giyim,590.0,0.1,2,1,2,0.2,,4.7,3,Kapida odeme,0,2,0
Kozmetik,290.0,0.0,2,0,9,0.23,28.0,3.5,4,Kart,0,14,0
Ev,850.0,0.0,3,0,1,0.03,56.0,4.9,5,Kart,0,6,0
Giyim,950.0,0.2,2,1,3,0.22,,4.8,3,Kart,0,4,0
Giyim,830.0,0.5,1,1,1,0.04,33.0,,2,Kart,1,19,1
Kozmetik,250.0,0.1,3,0,6,0.27,36.0,4.8,7,Kapida odeme,0,4,0
Ev,960.0,0.1,2,0,5,0.14,38.0,,2,Kart,0,11,0
Elektronik,8800.0,0.1,3,0,14,0.15,28.0,,5,Kart,0,2,0
Giyim,450.0,0.0,4,1,4,0.32,30.0,4.2,2,Kart,0,16,1
Giyim,690.0,0.0,2,1,11,0.23,54.0,4.3,4,Kart,0,10,0
Giyim,600.0,0.0,1,1,1,0.08,49.0,3.9,3,Kapida odeme,0,4,0
Ev,870.0,0.3,3,0,10,0.1,,4.5,2,Kart,0,11,0
Giyim,310.0,0.3,5,1,5,0.28,26.0,4.8,4,Kart,0,11,0
Giyim,1230.0,0.5,2,0,6,0.07,18.0,4.6,3,Kart,0,22,0
Ev,640.0,0.0,2,0,4,0.21,56.0,4.2,2,Kart,0,19,0
Kozmetik,560.0,0.1,2,0,18,0.11,44.0,3.1,3,Kart,0,16,0
Ev,680.0,0.1,3,0,4,0.21,46.0,3.5,4,Kart,1,23,0
Ayakkabi,1060.0,0.0,1,1,3,0.39,29.0,4.2,4,Kapida odeme,0,9,1
Ayakkabi,2420.0,0.0,1,1,11,0.41,28.0,4.5,5,Kart,0,0,1
Ayakkabi,2190.0,0.2,2,0,3,0.12,25.0,3.6,3,Kart,0,6,1
Giyim,710.0,0.2,2,0,2,0.27,,4.2,7,Kart,0,8,1
Ayakkabi,1970.0,0.1,3,0,1,0.16,25.0,,3,Kapida odeme,0,7,1
Ayakkabi,1230.0,0.0,4,0,0,,37.0,4.2,4,Kart,1,7,1
Elektronik,4480.0,0.1,1,0,10,0.15,36.0,3.9,4,Kapida odeme,0,14,0
Kozmetik,260.0,0.0,3,0,1,0.37,28.0,3.5,5,Kart,0,10,0
Kozmetik,530.0,0.0,1,0,6,0.1,41.0,4.5,2,Kapida odeme,0,18,0
Giyim,480.0,0.1,1,1,2,0.12,27.0,,7,Kapida odeme,0,18,1
Ayakkabi,2730.0,0.0,2,0,3,0.15,42.0,4.9,5,Kart,0,14,0
Giyim,560.0,0.5,3,0,14,0.1,42.0,4.3,3,Kart,0,1,0
Ayakkabi,1410.0,0.1,1,0,0,,42.0,4.4,5,Kart,0,19,1
Giyim,910.0,0.0,1,0,5,0.02,,,7,Kart,0,22,1
Giyim,660.0,0.0,2,1,2,0.18,26.0,,1,Kart,0,9,0
Ev,790.0,0.2,4,0,16,0.15,,4.4,5,Kart,1,20,0
Ayakkabi,1380.0,0.0,3,1,3,0.17,18.0,3.9,2,Kapida odeme,0,9,1
Kozmetik,520.0,0.0,2,0,15,0.24,42.0,,2,Kart,1,1,0
Giyim,480.0,0.0,3,1,2,0.12,18.0,3.8,3,Kart,0,9,0
Giyim,610.0,0.0,1,0,4,0.35,,4.0,5,Kart,0,8,1
Ayakkabi,1410.0,0.1,3,0,4,0.12,36.0,5.0,2,Kapida odeme,0,9,0
Giyim,960.0,0.1,1,1,16,0.09,,3.8,5,Kapida odeme,1,12,0
Giyim,620.0,0.0,1,0,1,0.16,33.0,4.5,3,Kart,1,4,0
Kozmetik,790.0,0.2,3,0,0,,37.0,4.1,1,Kart,0,13,0
Giyim,610.0,0.0,2,1,3,0.28,31.0,3.7,8,Kart,0,1,1
Giyim,580.0,0.1,2,0,1,0.05,39.0,4.6,2,Kart,1,15,0
Elektronik,4170.0,0.0,3,0,3,0.1,30.0,4.0,4,Kart,0,11,0
Ayakkabi,770.0,0.1,2,1,3,0.12,31.0,4.0,4,Kapida odeme,0,12,0
Elektronik,2820.0,0.0,1,0,9,0.06,,4.7,2,Kart,0,7,0
Ayakkabi,1100.0,0.1,3,0,10,0.44,33.0,,4,Kart,0,19,1
Ev,1500.0,0.0,2,0,1,0.19,34.0,4.3,4,Kart,0,11,0
Giyim,640.0,0.5,3,0,2,0.27,25.0,4.2,2,Kapida odeme,0,22,1
Ayakkabi,1130.0,0.0,3,1,1,0.12,38.0,,3,Kapida odeme,0,2,1
Ev,1560.0,0.3,2,0,4,0.23,18.0,3.6,4,Kart,0,9,0
Ev,1810.0,0.3,1,0,6,0.14,,4.6,6,Kapida odeme,0,13,0
Ayakkabi,2460.0,0.0,3,0,3,0.26,20.0,4.3,4,Kapida odeme,0,13,1
Elektronik,3070.0,0.0,1,0,0,,44.0,4.6,4,Kart,0,20,0
Giyim,520.0,0.0,1,0,14,0.38,40.0,4.3,2,Kapida odeme,0,20,0
Giyim,1470.0,0.5,1,1,1,0.12,44.0,4.7,5,Kart,0,5,0
Giyim,720.0,0.1,2,0,2,0.22,,4.3,3,Kart,0,18,1
Ev,800.0,0.1,4,0,14,0.11,32.0,,2,Kapida odeme,0,12,1
Giyim,900.0,0.0,5,1,2,0.29,37.0,3.8,3,Kart,0,6,0
Ev,1420.0,0.3,1,0,3,0.14,38.0,3.8,1,Kart,0,21,0
Giyim,500.0,0.0,4,1,3,0.07,42.0,5.0,6,Kapida odeme,0,0,0
Ev,990.0,0.0,1,0,5,0.09,41.0,4.6,3,Kapida odeme,0,5,0
Ev,1370.0,0.0,3,0,9,0.05,39.0,5.0,8,Kapida odeme,0,15,0
Giyim,390.0,0.1,3,1,3,0.27,39.0,4.5,4,Kapida odeme,0,12,1
Giyim,650.0,0.3,1,1,6,0.02,41.0,4.1,2,Kart,1,9,0
Giyim,390.0,0.2,3,0,5,0.05,34.0,5.0,5,Kapida odeme,0,3,0
Ev,580.0,0.0,1,0,6,0.13,45.0,3.4,5,Kart,1,0,0
Giyim,500.0,0.0,1,1,3,0.41,33.0,4.6,3,Kart,0,23,0
Elektronik,5580.0,0.2,2,0,3,0.19,18.0,,3,Kart,0,0,0
Ayakkabi,1210.0,0.1,1,0,9,0.13,46.0,4.9,2,Kart,1,12,1
Ev,670.0,0.0,2,0,16,0.05,39.0,,7,Kart,0,21,0
Ayakkabi,1430.0,0.0,5,0,3,0.35,33.0,4.1,4,Kart,0,22,1
Ayakkabi,840.0,0.1,2,0,18,0.09,35.0,3.8,5,Kart,0,2,0
Kozmetik,420.0,0.5,1,0,27,0.02,49.0,4.5,3,Kart,0,0,0
Giyim,1080.0,0.2,2,1,3,0.22,35.0,4.1,4,Kart,0,19,1
Ev,870.0,0.0,1,0,0,,49.0,4.8,5,Kart,0,5,0
Giyim,590.0,0.2,2,1,9,0.13,39.0,3.9,5,Kart,1,17,0
Ayakkabi,1660.0,0.0,1,0,13,0.07,30.0,3.7,5,Kart,0,0,1
Kozmetik,140.0,0.3,1,0,10,0.06,21.0,4.0,4,Kart,1,13,0
Elektronik,5730.0,0.0,1,0,8,0.04,35.0,4.9,5,Kart,0,10,0
Ev,3630.0,0.0,2,0,6,0.15,47.0,4.7,3,Kapida odeme,0,19,0
Giyim,620.0,0.1,1,0,0,,28.0,4.7,6,Kart,0,6,0
Ayakkabi,1330.0,0.0,4,0,6,0.13,38.0,4.0,5,Kart,0,14,1
Ayakkabi,1960.0,0.0,4,0,0,,49.0,3.6,7,Kart,0,3,1
Ayakkabi,2940.0,0.1,1,0,5,0.19,18.0,4.8,7,Kart,0,12,1
Ayakkabi,2170.0,0.2,1,1,5,0.03,,,2,Kart,0,11,1
Giyim,250.0,0.3,2,0,22,0.26,40.0,4.2,4,Kapida odeme,0,1,0
Giyim,840.0,0.0,2,0,10,0.21,38.0,3.9,7,Kart,0,15,1
Giyim,2070.0,0.0,2,0,7,0.05,18.0,,3,Kapida odeme,0,3,1
Ayakkabi,1850.0,0.1,2,0,3,0.07,26.0,3.4,5,Kart,1,1,0
Giyim,390.0,0.0,3,0,5,0.31,18.0,4.6,3,Kart,0,16,1
Ev,1020.0,0.0,5,0,10,0.19,21.0,4.8,2,Kapida odeme,0,1,0
Elektronik,2530.0,0.3,5,0,8,0.09,42.0,4.7,2,Kart,0,16,0
Giyim,1130.0,0.5,1,0,2,0.02,31.0,3.7,4,Kapida odeme,0,13,1
Ev,590.0,0.0,4,0,5,0.23,42.0,,1,Kart,0,16,0
Ev,930.0,0.2,2,0,1,0.24,42.0,4.1,2,Kart,0,8,0
Giyim,440.0,0.1,2,1,8,0.12,23.0,4.2,3,Kapida odeme,0,16,0
Giyim,510.0,0.0,3,1,12,0.24,,4.9,3,Kart,0,19,0
Giyim,1270.0,0.1,3,1,12,0.32,18.0,4.0,2,Kart,1,13,0
Giyim,680.0,0.0,4,1,8,0.22,37.0,4.5,5,Kart,0,20,1
Ev,700.0,0.0,1,0,3,0.13,38.0,3.4,3,Kart,0,16,0
Kozmetik,210.0,0.5,2,0,8,0.21,32.0,4.2,4,Kart,0,0,0
Giyim,280.0,0.1,3,0,2,0.05,18.0,4.6,2,Kapida odeme,0,11,0
Ev,510.0,0.0,3,0,0,,19.0,4.1,4,Kart,0,4,0
Giyim,680.0,0.1,1,1,0,,59.0,4.5,4,Kart,0,9,0
Elektronik,6990.0,0.5,2,0,2,0.2,40.0,3.8,5,Kart,1,13,0
Ev,700.0,0.0,1,0,3,0.08,31.0,4.0,5,Kart,0,0,0
Ayakkabi,2840.0,0.3,2,0,2,0.27,44.0,4.1,5,Kart,0,13,1
Giyim,470.0,0.3,3,1,5,0.38,49.0,4.0,2,Kart,0,18,0
Elektronik,4040.0,0.0,2,0,8,0.04,,4.6,4,Kapida odeme,0,23,0
Kozmetik,220.0,0.2,4,0,2,0.08,32.0,4.7,6,Kart,1,8,0
Giyim,1020.0,0.2,2,0,7,0.39,31.0,4.5,2,Kart,1,7,0
Giyim,1670.0,0.2,1,0,8,0.13,42.0,3.1,2,Kapida odeme,0,21,0
Giyim,290.0,0.0,1,1,6,0.12,32.0,4.1,3,Kart,1,18,1
Elektronik,3850.0,0.0,1,0,1,0.04,46.0,4.6,3,Kart,0,8,0
Elektronik,7950.0,0.0,2,0,7,0.06,35.0,4.1,3,Kart,0,14,0
Ev,470.0,0.1,3,0,3,0.05,42.0,4.1,3,Kart,0,12,0
Ev,1160.0,0.2,1,0,3,0.14,44.0,4.6,1,Kart,0,20,0
Kozmetik,610.0,0.2,2,0,0,,21.0,4.6,4,Kapida odeme,0,19,0
Ev,930.0,0.1,1,0,1,0.24,35.0,4.5,6,Kart,0,8,0
Giyim,830.0,0.0,4,0,3,0.13,45.0,3.5,3,Kart,0,22,1
Elektronik,9940.0,0.0,2,0,2,0.08,26.0,,3,Kart,0,22,1
Giyim,1560.0,0.2,2,1,4,0.37,29.0,4.4,3,Kart,0,20,0
Giyim,630.0,0.1,2,0,13,0.23,46.0,3.3,2,Kapida odeme,0,22,1
Kozmetik,280.0,0.2,2,0,4,0.27,49.0,4.9,3,Kapida odeme,0,19,0
Ev,590.0,0.0,1,0,3,0.13,18.0,4.3,2,Kart,0,19,0
Kozmetik,540.0,0.0,4,0,10,0.32,46.0,3.9,1,Kart,0,5,0
Ayakkabi,760.0,0.3,1,0,0,,18.0,,2,Kart,1,17,1
Elektronik,4020.0,0.0,2,0,8,0.03,33.0,4.7,3,Kapida odeme,0,1,0
Ayakkabi,1470.0,0.0,2,1,26,0.15,20.0,3.6,2,Kart,0,20,0
Giyim,520.0,0.2,3,0,0,,29.0,3.3,4,Kart,0,7,1
Giyim,740.0,0.1,2,0,6,0.02,,3.8,4,Kart,0,4,0
Ayakkabi,4440.0,0.5,1,1,7,0.37,39.0,4.3,7,Kart,0,4,0
Giyim,620.0,0.3,2,0,0,,48.0,4.9,3,Kart,0,2,1
Kozmetik,290.0,0.2,3,0,0,,21.0,4.7,4,Kart,0,19,0
Giyim,1030.0,0.0,4,1,23,0.25,46.0,4.0,6,Kart,0,22,0
Giyim,720.0,0.1,2,1,4,0.24,31.0,4.3,3,Kart,0,23,0
Ev,1720.0,0.3,1,0,6,0.03,31.0,4.4,4,Kapida odeme,1,2,0
Giyim,700.0,0.0,1,1,4,0.21,,4.3,1,Kart,0,1,0
Kozmetik,310.0,0.5,3,0,13,0.29,42.0,3.3,1,Kart,0,9,0
Ev,400.0,0.2,2,0,6,0.06,18.0,4.1,3,Kart,1,17,0
Giyim,310.0,0.0,4,1,14,0.14,33.0,4.6,4,Kart,0,15,0
Ev,390.0,0.1,2,0,10,0.18,27.0,5.0,1,Kapida odeme,1,17,0
Elektronik,5340.0,0.2,2,0,3,0.26,30.0,4.4,2,Kart,0,7,0
Ev,490.0,0.0,3,0,4,0.02,33.0,4.7,4,Kart,0,1,0
Ev,1580.0,0.0,1,0,10,0.02,39.0,,5,Kart,0,11,0
Ev,910.0,0.2,3,0,6,0.39,21.0,4.0,7,Kart,1,17,0
Elektronik,4030.0,0.0,2,0,2,0.11,32.0,3.6,3,Kart,0,5,0
Giyim,440.0,0.0,3,1,9,0.22,30.0,,6,Kart,0,23,1
Ev,1190.0,0.2,2,0,11,0.13,38.0,5.0,7,Kart,0,18,0
Kozmetik,240.0,0.2,2,0,5,0.17,33.0,4.0,1,Kart,0,5,0
Elektronik,2890.0,0.1,2,0,11,0.07,43.0,4.7,2,Kart,0,23,0
Elektronik,7680.0,0.5,2,0,2,0.13,,4.3,2,Kart,0,10,0
Ayakkabi,1640.0,0.5,2,0,0,,40.0,3.6,2,Kapida odeme,0,18,1
Ev,810.0,0.1,3,0,0,,36.0,,4,Kart,0,7,1
Kozmetik,470.0,0.0,3,0,1,0.06,23.0,3.9,4,Kapida odeme,0,6,0
Giyim,650.0,0.2,4,1,0,,30.0,4.4,2,Kart,0,17,0
Giyim,770.0,0.0,2,0,3,0.16,27.0,4.4,4,Kart,0,14,0
Elektronik,3120.0,0.3,3,0,14,0.15,42.0,,2,Kapida odeme,0,16,1
Ayakkabi,3550.0,0.1,1,0,7,0.16,43.0,3.6,4,Kapida odeme,0,21,1
Elektronik,3470.0,0.0,1,0,4,0.12,,4.0,3,Kart,0,11,0
Giyim,1310.0,0.1,3,0,4,0.22,,4.9,1,Kart,0,3,1
Ayakkabi,1290.0,0.1,4,0,0,,18.0,3.7,2,Kart,0,9,0
Elektronik,6470.0,0.5,2,0,6,0.13,30.0,4.5,2,Kart,0,2,0
Elektronik,6260.0,0.0,2,0,2,0.14,18.0,4.5,4,Kart,0,19,0
Elektronik,7540.0,0.5,1,0,6,0.08,42.0,4.0,3,Kart,0,20,0
Ev,620.0,0.0,3,0,1,0.15,56.0,3.8,5,Kapida odeme,0,2,0
Elektronik,7300.0,0.2,2,0,3,0.11,,4.5,4,Kart,0,16,0
Ev,2070.0,0.3,2,0,6,0.21,36.0,4.2,5,Kapida odeme,0,21,0
Elektronik,4010.0,0.0,1,0,6,0.3,38.0,4.0,2,Kart,0,16,0
Elektronik,4570.0,0.0,1,0,3,0.15,23.0,4.4,2,Kapida odeme,0,9,0
Elektronik,3560.0,0.3,3,0,1,0.08,33.0,,3,Kart,0,15,0
Giyim,560.0,0.3,2,0,4,0.26,39.0,4.8,4,Kart,0,13,0
Giyim,1400.0,0.0,4,0,6,0.13,36.0,4.3,4,Kart,0,22,0
Ayakkabi,890.0,0.1,2,0,5,0.43,,2.7,4,Kart,0,14,1
Ev,590.0,0.3,2,0,5,0.12,31.0,4.1,3,Kart,0,17,0
Elektronik,9290.0,0.0,3,0,0,,26.0,3.7,2,Kapida odeme,1,19,0
Giyim,860.0,0.1,3,0,11,0.18,41.0,,5,Kart,0,1,1
Elektronik,11680.0,0.0,3,0,4,0.24,,,2,Kapida odeme,0,3,1
Giyim,530.0,0.0,2,1,15,0.5,18.0,4.1,4,Kart,0,11,0
Ev,950.0,0.3,1,0,7,0.08,18.0,4.7,3,Kart,0,4,0
Ev,670.0,0.0,3,0,3,0.52,22.0,4.1,4,Kart,1,2,0
Elektronik,4800.0,0.5,1,0,0,,30.0,,6,Kart,0,12,1
Elektronik,2030.0,0.1,3,0,6,0.12,31.0,4.4,4,Kart,0,8,0
Giyim,880.0,0.1,2,0,4,0.08,35.0,3.7,3,Kart,0,15,0
Ayakkabi,1620.0,0.0,3,0,15,0.02,35.0,4.0,4,Kapida odeme,0,18,1
Ev,880.0,0.0,3,0,2,0.12,33.0,3.6,3,Kart,0,3,0
Ev,760.0,0.3,1,0,14,0.16,47.0,4.5,4,Kart,0,4,0
Ayakkabi,940.0,0.2,2,0,0,,25.0,4.3,4,Kapida odeme,0,6,1
Ayakkabi,1940.0,0.2,2,0,7,0.08,43.0,5.0,3,Kapida odeme,0,4,0
Giyim,380.0,0.0,1,0,1,0.16,54.0,3.5,5,Kapida odeme,0,8,1
Giyim,820.0,0.0,1,0,4,0.09,19.0,4.6,3,Kart,0,4,0
Giyim,1650.0,0.0,1,0,2,0.14,18.0,3.4,6,Kapida odeme,0,19,1
Ayakkabi,2730.0,0.2,1,0,0,,36.0,3.8,2,Kart,0,7,1
Kozmetik,180.0,0.0,3,0,10,0.09,40.0,3.2,3,Kapida odeme,0,9,0
Ayakkabi,1100.0,0.1,2,0,3,0.17,34.0,4.2,8,Kart,0,0,0
Giyim,790.0,0.1,1,0,1,0.16,18.0,4.3,4,Kart,1,22,0
Giyim,630.0,0.0,2,0,0,,18.0,4.1,1,Kapida odeme,1,20,0
Giyim,350.0,0.2,2,1,8,0.37,29.0,3.2,5,Kapida odeme,0,7,1
Ev,1070.0,0.1,3,0,1,0.35,38.0,4.0,3,Kart,0,14,0
Ayakkabi,1390.0,0.5,2,0,29,0.15,30.0,,2,Kart,0,3,1
Ev,2130.0,0.0,1,0,4,0.11,36.0,3.8,2,Kapida odeme,0,9,0
Ev,800.0,0.1,1,0,14,0.08,36.0,,4,Kart,0,2,0
Giyim,1100.0,0.0,5,0,0,,,4.7,2,Kapida odeme,0,10,1
Elektronik,2540.0,0.3,6,0,5,0.08,,3.9,2,Kart,0,16,0
Kozmetik,220.0,0.1,4,0,8,0.23,,3.7,4,Kart,0,2,0
Ayakkabi,1940.0,0.0,1,1,0,,48.0,4.2,4,Kart,0,16,1
Giyim,1060.0,0.3,5,0,0,,,5.0,5,Kart,0,10,1
Kozmetik,230.0,0.1,2,0,3,0.38,,4.4,2,Kart,0,17,0
Kozmetik,350.0,0.0,1,0,17,0.21,35.0,3.5,2,Kart,0,23,0
Ayakkabi,750.0,0.1,2,1,6,0.04,23.0,4.8,2,Kart,1,9,0
Elektronik,4150.0,0.0,3,0,16,0.14,22.0,4.0,1,Kart,0,8,0
Giyim,950.0,0.3,2,1,2,0.44,31.0,4.1,5,Kart,0,8,1
Ev,740.0,0.2,2,0,3,0.27,32.0,,2,Kart,1,18,0
Ayakkabi,1250.0,0.2,3,1,0,,,4.3,3,Kart,0,0,1
Giyim,390.0,0.3,1,1,5,0.06,25.0,3.3,5,Kart,0,16,0
Ev,670.0,0.2,1,0,1,0.11,34.0,3.7,1,Kart,1,8,0
Kozmetik,770.0,0.0,2,0,3,0.03,46.0,,4,Kapida odeme,0,6,0
Ev,930.0,0.0,1,0,0,,46.0,4.3,4,Kart,0,1,0
Giyim,410.0,0.0,2,0,7,0.3,33.0,3.9,6,Kapida odeme,1,4,1
Giyim,560.0,0.5,1,1,13,0.36,36.0,4.1,3,Kart,1,14,1
Kozmetik,170.0,0.5,2,0,4,0.08,25.0,,2,Kart,0,18,0
Kozmetik,220.0,0.2,3,0,5,0.07,37.0,4.4,6,Kart,1,1,0
Elektronik,8300.0,0.0,2,0,3,0.08,49.0,4.5,3,Kart,0,3,0
Elektronik,4220.0,0.0,1,0,10,0.19,47.0,3.7,1,Kapida odeme,1,21,0
Ayakkabi,3280.0,0.3,2,0,3,0.12,,3.9,3,Kart,1,21,0
Ayakkabi,1340.0,0.0,4,0,5,0.02,,5.0,3,Kapida odeme,0,12,1
Giyim,640.0,0.1,3,1,12,0.3,27.0,4.0,2,Kapida odeme,0,13,1
Giyim,870.0,0.0,3,0,1,0.08,25.0,,5,Kapida odeme,0,19,1
Giyim,200.0,0.0,1,1,0,,30.0,,4,Kapida odeme,1,13,1
Ev,990.0,0.2,1,0,2,0.28,37.0,4.3,2,Kart,1,13,0
Giyim,640.0,0.5,2,1,2,0.04,41.0,3.8,5,Kapida odeme,0,0,1
Giyim,1270.0,0.2,1,0,19,0.33,33.0,,6,Kart,0,14,1
Elektronik,6950.0,0.1,1,0,3,0.34,38.0,4.1,4,Kart,0,15,0
Giyim,390.0,0.0,3,1,7,0.4,18.0,,6,Kart,0,18,1
Giyim,1140.0,0.3,3,0,2,0.09,36.0,3.4,3,Kart,0,22,1
Elektronik,4000.0,0.1,3,0,4,0.02,28.0,4.3,2,Kart,0,2,0
Ayakkabi,930.0,0.1,2,0,4,0.31,21.0,4.4,4,Kart,0,7,1
Elektronik,4920.0,0.2,1,0,0,,39.0,4.6,1,Kart,0,3,0
Kozmetik,320.0,0.0,3,0,2,0.3,48.0,3.7,4,Kapida odeme,1,2,0
Giyim,1300.0,0.0,1,0,3,0.43,,,4,Kart,1,21,1
Kozmetik,410.0,0.3,4,0,6,0.04,43.0,4.4,3,Kart,0,21,0
Kozmetik,380.0,0.1,4,0,14,0.07,,4.9,4,Kapida odeme,0,3,0
Ev,1350.0,0.0,2,0,5,0.03,55.0,4.6,4,Kart,0,16,0
Elektronik,7360.0,0.0,1,0,3,0.23,18.0,4.7,2,Kart,0,22,0
Elektronik,6400.0,0.5,2,0,25,0.37,33.0,4.3,3,Kart,0,1,0
Elektronik,8520.0,0.1,1,0,0,,42.0,4.0,4,Kart,0,2,1
Ev,1180.0,0.1,2,0,3,0.24,34.0,4.8,5,Kart,0,16,1
Giyim,700.0,0.0,1,0,0,,48.0,3.6,6,Kart,0,15,1
Kozmetik,610.0,0.5,2,0,16,0.05,,4.9,2,Kart,0,23,0
Elektronik,4320.0,0.3,4,0,3,0.03,,4.6,1,Kart,0,19,0
Ev,910.0,0.1,1,0,3,0.3,32.0,,3,Kart,0,15,0
Ayakkabi,3040.0,0.0,2,0,2,0.12,33.0,3.5,5,Kart,1,17,1
Giyim,1350.0,0.2,3,1,9,0.07,18.0,4.2,4,Kapida odeme,0,22,1
Ayakkabi,1390.0,0.3,3,1,7,0.21,31.0,3.9,7,Kart,1,18,1
Ayakkabi,1140.0,0.2,1,0,8,0.04,31.0,3.5,4,Kart,0,2,0
Ayakkabi,2700.0,0.5,2,1,2,0.15,,3.9,2,Kapida odeme,0,8,0
Giyim,930.0,0.1,3,1,17,0.03,45.0,4.6,4,Kart,1,11,0
Giyim,750.0,0.0,4,0,3,0.06,35.0,4.2,3,Kart,0,22,0
Ayakkabi,1210.0,0.1,2,0,8,0.09,38.0,4.1,4,Kapida odeme,0,2,1
Ayakkabi,1630.0,0.3,2,0,6,0.08,47.0,3.5,2,Kart,0,12,0
Kozmetik,350.0,0.0,3,0,3,0.36,,4.1,3,Kapida odeme,0,16,0
Giyim,480.0,0.0,2,0,8,0.1,18.0,4.9,4,Kart,0,4,0
Giyim,690.0,0.2,1,1,4,0.19,42.0,,2,Kart,0,10,0
Giyim,730.0,0.0,3,1,0,,42.0,4.0,6,Kart,1,21,1
Elektronik,3800.0,0.3,2,0,26,0.18,31.0,4.5,2,Kapida odeme,0,10,0
Ayakkabi,2100.0,0.0,2,1,5,0.04,29.0,4.8,3,Kart,0,20,0
Elektronik,8040.0,0.0,2,0,2,0.12,23.0,4.8,4,Kart,0,0,0
Kozmetik,540.0,0.0,3,0,7,0.17,18.0,4.4,2,Kart,0,14,0
Giyim,570.0,0.2,2,1,13,0.25,42.0,3.5,2,Kart,0,17,0
Ev,1260.0,0.2,2,0,8,0.08,42.0,4.6,2,Kart,0,10,0
Giyim,670.0,0.1,2,1,0,,33.0,4.0,4,Kart,0,18,0
Giyim,370.0,0.1,1,1,7,0.24,41.0,4.0,6,Kart,0,19,0
Ayakkabi,1890.0,0.0,2,0,0,,44.0,3.8,4,Kart,0,22,0
Giyim,690.0,0.2,2,1,6,0.12,18.0,,4,Kart,0,18,1
Elektronik,14460.0,0.5,3,0,11,0.29,,4.6,2,Kapida odeme,0,2,0
Elektronik,8670.0,0.2,2,0,2,0.2,32.0,3.9,4,Kart,0,12,0
Ev,1240.0,0.0,2,0,1,0.09,38.0,4.5,2,Kart,0,7,0
Ayakkabi,1570.0,0.1,2,0,8,0.15,36.0,4.7,2,Kapida odeme,1,5,1
Elektronik,4840.0,0.0,1,0,1,0.08,42.0,4.4,4,Kapida odeme,0,9,0
Ayakkabi,890.0,0.0,1,1,2,0.14,18.0,4.2,5,Kapida odeme,0,17,0
Giyim,300.0,0.0,4,1,2,0.21,,4.1,4,Kart,0,2,1
Giyim,440.0,0.0,1,0,4,0.17,29.0,3.9,3,Kart,1,19,0
Elektronik,4400.0,0.0,4,0,10,0.06,33.0,4.5,1,Kart,0,6,0
Kozmetik,140.0,0.2,2,0,7,0.37,,4.7,1,Kart,0,4,0
Giyim,510.0,0.0,2,0,0,,33.0,4.3,2,Kart,0,2,0
Elektronik,4030.0,0.2,2,0,8,0.38,34.0,4.0,5,Kapida odeme,0,3,1
Ev,820.0,0.5,4,0,12,0.09,33.0,4.4,1,Kapida odeme,0,1,0
Ev,670.0,0.1,3,0,19,0.19,27.0,3.8,8,Kart,0,18,0
Elektronik,3860.0,0.1,2,0,8,0.1,22.0,4.8,4,Kapida odeme,0,21,0
Elektronik,9780.0,0.2,2,0,6,0.03,40.0,4.7,1,Kapida odeme,1,20,0
Ev,1210.0,0.0,2,0,2,0.03,18.0,4.4,5,Kapida odeme,0,1,0
Ev,700.0,0.0,3,0,9,0.06,42.0,4.0,1,Kapida odeme,0,7,0
Giyim,630.0,0.1,2,0,4,0.05,51.0,4.1,5,Kart,0,11,0
Kozmetik,350.0,0.3,2,0,8,0.13,56.0,3.4,7,Kart,0,14,0
Giyim,460.0,0.3,2,0,5,0.02,23.0,3.9,7,Kapida odeme,0,8,1
Ev,640.0,0.3,1,0,6,0.05,40.0,4.5,9,Kart,1,2,0
Giyim,1020.0,0.2,2,0,9,0.12,28.0,,3,Kart,1,13,1
Giyim,540.0,0.1,3,1,14,0.34,46.0,5.0,3,Kart,0,18,0
Giyim,400.0,0.3,2,1,6,0.38,38.0,4.0,4,Kapida odeme,0,22,1
Ayakkabi,1370.0,0.3,2,0,1,0.18,,3.8,3,Kart,0,19,0
Giyim,690.0,0.1,3,0,14,0.18,25.0,4.4,1,Kart,0,9,0
Giyim,270.0,0.5,2,0,5,0.04,30.0,4.4,4,Kart,0,4,0
Ayakkabi,1370.0,0.3,2,0,6,0.27,27.0,4.8,4,Kapida odeme,0,22,1
Ayakkabi,2070.0,0.1,1,1,3,0.17,34.0,,6,Kart,1,17,1
Ev,1100.0,0.0,2,0,7,0.0,34.0,3.8,4,Kart,0,18,0
Kozmetik,950.0,0.0,2,0,1,0.05,28.0,3.9,2,Kart,0,9,0
Elektronik,7900.0,0.2,1,0,1,0.52,28.0,4.7,2,Kart,0,5,0
Giyim,1250.0,0.0,2,0,2,0.33,40.0,4.9,3,Kart,1,12,0
Giyim,2290.0,0.1,3,0,3,0.25,41.0,3.9,1,Kart,1,23,1
Kozmetik,490.0,0.1,4,0,0,,26.0,4.1,3,Kapida odeme,0,21,0
Giyim,700.0,0.3,3,1,4,0.16,33.0,4.8,5,Kart,0,11,0
Ayakkabi,2170.0,0.3,1,0,0,,,4.5,3,Kart,0,20,1
Kozmetik,270.0,0.2,1,0,10,0.09,60.0,,4,Kart,0,17,0
Kozmetik,370.0,0.0,5,0,1,0.08,25.0,,2,Kapida odeme,0,10,0
Ayakkabi,1050.0,0.0,2,0,12,0.15,37.0,3.9,4,Kapida odeme,0,0,0
Elektronik,5380.0,0.2,1,0,7,0.08,38.0,4.6,9,Kart,1,20,0
Ayakkabi,1040.0,0.0,1,1,4,0.24,27.0,3.5,5,Kart,1,3,0
Ev,660.0,0.1,2,0,29,0.05,,4.3,2,Kart,0,6,0
Giyim,780.0,0.5,2,1,5,0.4,31.0,4.0,5,Kart,0,20,1
Giyim,610.0,0.1,2,0,4,0.29,25.0,3.9,3,Kart,0,3,0
Elektronik,1890.0,0.1,1,0,6,0.56,,4.0,3,Kart,0,0,0
Giyim,340.0,0.2,2,0,2,0.07,26.0,,5,Kart,0,9,0
Elektronik,2690.0,0.3,4,0,1,0.13,35.0,4.4,3,Kart,1,17,0
Ayakkabi,940.0,0.0,1,0,3,0.46,,,4,Kart,0,11,1
Kozmetik,420.0,0.1,3,0,4,0.16,26.0,,5,Kart,0,8,0
Ev,990.0,0.0,1,0,2,0.05,30.0,3.4,3,Kart,0,13,0
Ayakkabi,2260.0,0.1,3,0,4,0.05,44.0,4.3,2,Kart,0,11,1
Ev,1260.0,0.0,3,0,0,,18.0,4.2,2,Kart,0,4,0
Giyim,1050.0,0.1,3,0,3,0.34,44.0,4.0,4,Kart,0,3,0
Ayakkabi,1840.0,0.2,2,1,4,0.12,41.0,3.3,5,Kart,0,11,0
Giyim,710.0,0.0,4,1,2,0.21,18.0,4.6,4,Kart,0,14,0
Ev,1480.0,0.1,3,0,10,0.05,,2.9,5,Kapida odeme,0,4,0
Ev,1360.0,0.0,3,0,0,,25.0,4.5,1,Kart,0,4,0
Kozmetik,410.0,0.0,2,0,10,0.28,,,4,Kart,1,8,0
Ev,1590.0,0.0,2,0,2,0.02,40.0,4.5,4,Kart,0,1,0
Kozmetik,120.0,0.0,1,0,3,0.2,42.0,4.2,9,Kart,1,14,0
Giyim,570.0,0.5,5,1,3,0.1,28.0,3.2,2,Kapida odeme,0,5,1
Kozmetik,310.0,0.5,3,0,6,0.5,41.0,,2,Kapida odeme,0,8,0
Elektronik,7560.0,0.2,3,0,10,0.14,49.0,3.8,6,Kart,0,10,1
Ayakkabi,2840.0,0.1,1,1,2,0.29,31.0,5.0,4,Kart,0,0,0
Elektronik,2340.0,0.2,2,0,0,,32.0,4.6,2,Kart,1,15,0
Giyim,1230.0,0.3,2,1,3,0.41,41.0,4.1,4,Kart,0,16,1
Giyim,380.0,0.1,2,0,9,0.18,18.0,3.9,3,Kart,0,11,1
Giyim,390.0,0.0,3,0,22,0.08,24.0,4.2,3,Kart,1,12,0
Giyim,580.0,0.2,1,0,6,0.43,44.0,4.6,2,Kart,0,12,1
Ayakkabi,1210.0,0.5,1,1,6,0.06,36.0,4.3,1,Kapida odeme,0,3,0
Kozmetik,170.0,0.0,3,0,5,0.18,32.0,3.6,4,Kart,0,1,0
Elektronik,6030.0,0.1,2,0,0,,25.0,4.8,6,Kart,0,2,0
Ayakkabi,1900.0,0.0,4,1,9,0.09,,4.4,1,Kart,0,12,0
Ayakkabi,2250.0,0.0,3,1,0,,29.0,,3,Kart,0,9,1
Ayakkabi,1150.0,0.2,4,1,25,0.15,18.0,4.3,2,Kart,0,6,0
Giyim,640.0,0.0,3,0,5,0.04,47.0,4.7,1,Kart,0,22,1
Ev,890.0,0.5,3,0,30,0.08,27.0,,4,Kart,0,10,0
Giyim,1390.0,0.2,3,1,9,0.32,31.0,4.4,1,Kart,1,8,1
Ev,250.0,0.0,1,0,1,0.24,18.0,4.9,2,Kart,0,5,0
Ev,590.0,0.3,3,0,8,0.08,,3.9,2,Kart,1,23,0
Elektronik,4510.0,0.2,7,0,1,0.26,44.0,3.8,4,Kart,0,18,0
Ev,550.0,0.1,5,0,8,0.17,43.0,4.0,5,Kart,0,17,0
Giyim,580.0,0.1,2,1,3,0.28,34.0,,2,Kart,0,0,1
Kozmetik,330.0,0.3,1,0,7,0.14,28.0,4.6,6,Kart,1,23,0
Ev,670.0,0.0,3,0,0,,34.0,4.3,4,Kapida odeme,1,10,0
Ev,930.0,0.0,1,0,13,0.08,39.0,3.8,3,Kart,0,20,0
Elektronik,5970.0,0.0,2,0,8,0.22,19.0,5.0,5,Kart,0,9,0
Ev,810.0,0.0,1,0,10,0.08,37.0,3.7,2,Kart,0,19,0
Kozmetik,290.0,0.2,1,0,2,0.06,42.0,4.0,2,Kapida odeme,0,7,0
Ayakkabi,1300.0,0.0,4,1,5,0.06,33.0,3.9,4,Kart,0,4,0
Ev,900.0,0.1,1,0,3,0.13,34.0,4.7,4,Kapida odeme,1,16,0
Ev,410.0,0.1,3,0,15,0.0,27.0,,5,Kart,0,7,0
Ayakkabi,1720.0,0.3,4,0,7,0.07,37.0,4.9,3,Kapida odeme,1,5,1
Kozmetik,290.0,0.1,1,0,9,0.19,50.0,4.6,3,Kart,1,16,0
Ayakkabi,2470.0,0.5,1,0,2,0.29,48.0,3.8,5,Kart,0,12,0
Elektronik,5870.0,0.3,3,0,1,0.69,,4.1,3,Kapida odeme,1,7,1
Giyim,1100.0,0.0,1,1,4,0.11,30.0,4.0,8,Kart,0,19,0
Giyim,410.0,0.2,1,0,3,0.26,48.0,4.8,5,Kart,0,13,0
Ev,760.0,0.0,3,0,0,,40.0,4.6,4,Kart,1,19,0
Ayakkabi,800.0,0.3,4,0,3,0.1,40.0,3.5,1,Kart,0,2,1
Ayakkabi,1020.0,0.1,1,0,0,,,,3,Kart,1,11,1
Giyim,1140.0,0.0,5,0,2,0.02,43.0,4.2,2,Kart,0,11,0
Ayakkabi,2730.0,0.0,3,0,15,0.12,31.0,3.6,2,Kart,0,3,1
Ev,540.0,0.0,2,0,2,0.08,36.0,3.8,2,Kart,0,17,0
Kozmetik,280.0,0.3,3,0,12,0.19,,4.1,4,Kart,0,23,0
Giyim,630.0,0.2,3,0,0,,50.0,3.2,7,Kart,0,18,1
Elektronik,5860.0,0.0,2,0,6,0.02,24.0,,5,Kart,0,5,0
Ayakkabi,630.0,0.0,3,0,2,0.14,54.0,,3,Kart,0,9,1
Elektronik,2190.0,0.0,2,0,7,0.16,34.0,4.1,4,Kart,0,1,0
Ayakkabi,1750.0,0.1,1,1,8,0.24,,4.2,1,Kart,0,17,0
Ayakkabi,580.0,0.0,3,1,7,0.15,25.0,4.1,3,Kart,1,22,0
Ayakkabi,1150.0,0.0,2,0,1,0.35,29.0,3.7,2,Kart,1,13,1
Elektronik,4840.0,0.3,2,0,3,0.4,32.0,3.9,4,Kart,0,20,0
Ayakkabi,1690.0,0.1,1,0,1,0.16,35.0,3.9,2,Kapida odeme,0,8,1
Ayakkabi,1310.0,0.2,1,0,0,,39.0,4.5,2,Kapida odeme,1,9,1
Ev,760.0,0.1,1,0,3,0.08,32.0,3.7,5,Kapida odeme,0,1,0
Ev,1320.0,0.1,4,0,4,0.06,,,3,Kart,0,21,0
Giyim,740.0,0.1,1,1,22,0.02,46.0,4.2,7,Kart,0,1,0
Ev,670.0,0.0,3,0,3,0.13,45.0,3.5,4,Kart,0,12,0
Ev,920.0,0.0,2,0,0,,40.0,4.0,4,Kart,0,3,0
Giyim,770.0,0.5,3,1,8,0.29,39.0,4.2,3,Kart,0,17,1
Elektronik,9750.0,0.3,3,0,12,0.21,23.0,4.3,3,Kart,0,19,0
Giyim,930.0,0.2,2,1,2,0.22,36.0,4.4,5,Kart,0,1,0
Ev,1550.0,0.0,3,0,7,0.19,23.0,3.9,5,Kart,1,2,0
Giyim,490.0,0.0,1,0,5,0.02,44.0,3.7,4,Kart,0,22,0
Elektronik,3550.0,0.0,7,0,0,,37.0,4.0,3,Kart,0,11,0
Giyim,580.0,0.5,1,0,2,0.07,45.0,,2,Kart,0,15,1
Ayakkabi,1310.0,0.3,3,1,3,0.37,46.0,,5,Kart,0,2,1
Kozmetik,220.0,0.1,3,0,9,0.29,38.0,3.7,4,Kart,0,22,0
Ayakkabi,2470.0,0.5,2,0,1,0.11,27.0,5.0,3,Kart,0,16,0
Ev,1340.0,0.0,1,0,1,0.2,18.0,3.8,2,Kapida odeme,0,22,0
Kozmetik,310.0,0.1,1,0,3,0.29,39.0,3.6,6,Kart,1,1,0
Ev,1200.0,0.0,3,0,5,0.08,32.0,3.9,3,Kapida odeme,1,22,1
Giyim,720.0,0.0,2,0,0,,42.0,,5,Kart,0,14,1
Ev,1240.0,0.5,1,0,3,0.34,41.0,4.5,6,Kapida odeme,1,8,0
Giyim,350.0,0.3,2,1,12,0.27,40.0,5.0,6,Kapida odeme,1,16,1
Ayakkabi,1310.0,0.0,2,1,7,0.27,,3.7,5,Kapida odeme,0,18,0
Ev,880.0,0.0,2,0,4,0.05,18.0,4.1,2,Kart,1,4,0
Ev,1190.0,0.1,5,0,2,0.15,47.0,,6,Kart,1,16,0
Elektronik,3390.0,0.0,1,0,3,0.35,21.0,,4,Kart,0,5,0
Ayakkabi,450.0,0.1,1,0,4,0.08,28.0,4.7,2,Kart,0,14,0
Ev,550.0,0.1,1,0,11,0.07,31.0,4.2,3,Kart,0,23,0
Ev,880.0,0.0,1,0,6,0.37,,3.8,4,Kart,0,7,1
Ayakkabi,1440.0,0.0,2,1,12,0.25,31.0,3.4,5,Kart,0,2,1
Kozmetik,750.0,0.0,2,0,2,0.33,,4.4,3,Kapida odeme,0,12,0
Giyim,840.0,0.5,2,0,4,0.28,,4.9,4,Kart,1,19,0
Giyim,670.0,0.0,2,1,7,0.33,,,6,Kapida odeme,0,5,1
Elektronik,4430.0,0.1,2,0,1,0.23,,4.4,6,Kart,0,16,0
Kozmetik,580.0,0.0,3,0,7,0.15,18.0,4.3,4,Kart,1,11,0
Giyim,500.0,0.2,1,1,0,,24.0,4.6,2,Kart,0,5,0
Giyim,610.0,0.0,1,1,44,0.43,18.0,4.8,3,Kart,0,11,0
Giyim,400.0,0.0,3,1,5,0.36,41.0,2.9,7,Kapida odeme,0,21,1
Ev,1700.0,0.2,2,0,0,,36.0,,3,Kart,0,22,1
Giyim,780.0,0.2,2,0,3,0.12,26.0,3.9,7,Kart,0,1,1
Ayakkabi,1020.0,0.0,4,1,5,0.13,18.0,4.3,3,Kart,0,22,1
Kozmetik,330.0,0.0,2,0,3,0.01,19.0,4.0,2,Kart,0,13,0
Giyim,820.0,0.5,6,1,3,0.19,23.0,4.4,2,Kapida odeme,0,8,0
Elektronik,4020.0,0.0,1,0,11,0.21,30.0,4.4,3,Kart,1,3,1
Ayakkabi,1100.0,0.0,2,0,6,0.16,42.0,3.3,3,Kart,0,17,0
Ev,670.0,0.0,2,0,0,,20.0,3.2,3,Kapida odeme,0,13,0
Ayakkabi,1630.0,0.0,3,0,10,0.11,,4.5,3,Kart,0,21,0
Ayakkabi,1190.0,0.1,5,0,4,0.12,18.0,3.8,2,Kapida odeme,0,13,1
Giyim,530.0,0.2,1,1,3,0.22,34.0,5.0,1,Kart,0,9,0
Ev,490.0,0.1,6,0,1,0.03,,4.6,4,Kart,0,0,0
Ev,930.0,0.1,4,0,3,0.01,18.0,3.4,5,Kart,0,4,0
Giyim,600.0,0.0,1,0,1,0.09,39.0,3.8,4,Kart,0,19,0
Ayakkabi,1210.0,0.2,4,0,6,0.43,49.0,4.3,1,Kart,1,0,1
Kozmetik,380.0,0.0,2,0,14,0.15,35.0,4.0,4,Kart,0,4,0
Giyim,910.0,0.0,3,1,2,0.38,,4.1,1,Kart,1,18,1
Giyim,890.0,0.2,2,1,4,0.18,,3.7,2,Kart,0,2,1
Elektronik,5770.0,0.0,4,0,8,0.26,29.0,4.4,2,Kart,0,18,0
Giyim,580.0,0.0,1,0,0,,29.0,4.2,6,Kart,0,18,1
Giyim,500.0,0.0,2,1,0,,29.0,4.5,3,Kart,0,20,0
Ayakkabi,880.0,0.2,2,0,2,0.2,49.0,4.2,4,Kapida odeme,0,3,1
Giyim,500.0,0.0,1,0,12,0.05,39.0,3.9,6,Kart,0,1,0
Ayakkabi,1410.0,0.2,2,0,12,0.13,39.0,4.3,2,Kapida odeme,0,23,1
Ev,630.0,0.2,2,0,2,0.08,37.0,4.4,5,Kart,1,7,0
Elektronik,4700.0,0.1,2,0,17,0.15,29.0,4.2,4,Kart,0,21,0
Giyim,420.0,0.0,1,1,3,0.03,31.0,,4,Kart,0,2,1
Ev,430.0,0.3,2,0,3,0.11,24.0,3.7,6,Kapida odeme,0,2,0
Giyim,940.0,0.0,2,0,3,0.06,30.0,4.6,4,Kart,0,13,0
Ev,730.0,0.3,1,0,1,0.05,37.0,3.7,3,Kart,0,13,0
Ayakkabi,960.0,0.2,1,1,1,0.07,32.0,4.5,5,Kart,0,12,0
Ev,550.0,0.0,2,0,11,0.18,42.0,3.3,3,Kart,0,14,0
Giyim,790.0,0.2,1,1,0,,,4.1,3,Kapida odeme,0,2,1
Giyim,1210.0,0.1,4,1,4,0.1,36.0,,1,Kart,1,1,1
Ayakkabi,1170.0,0.1,2,1,0,,25.0,4.0,2,Kart,0,13,0
Giyim,590.0,0.0,3,0,13,0.23,22.0,4.2,2,Kart,0,22,0
Giyim,1050.0,0.1,4,1,9,0.1,23.0,4.3,4,Kart,1,22,0
Ev,400.0,0.2,2,0,10,0.14,45.0,3.1,4,Kart,0,7,0
Ev,2180.0,0.3,2,0,3,0.15,18.0,,2,Kart,0,6,1
Giyim,1950.0,0.0,2,0,13,0.11,36.0,,3,Kart,0,1,1
Kozmetik,100.0,0.1,4,0,7,0.2,36.0,4.6,4,Kart,0,18,0
Ev,860.0,0.2,2,0,0,,27.0,4.1,4,Kart,0,23,0
Ev,650.0,0.2,1,0,5,0.04,34.0,,7,Kart,0,4,0
Ev,800.0,0.1,2,0,3,0.27,36.0,3.7,4,Kart,0,4,0
Elektronik,3730.0,0.0,2,0,7,0.21,,4.5,3,Kart,0,1,0
Ayakkabi,2020.0,0.2,1,0,5,0.05,,4.2,4,Kapida odeme,0,8,0
Elektronik,4280.0,0.0,4,0,1,0.12,33.0,3.5,2,Kart,0,16,0
Kozmetik,230.0,0.0,1,0,0,,33.0,3.9,4,Kart,1,12,0
Giyim,600.0,0.1,1,1,2,0.03,20.0,4.5,6,Kart,0,18,0
Giyim,820.0,0.0,1,0,20,0.05,34.0,4.2,1,Kart,0,6,0
Giyim,380.0,0.0,2,1,16,0.03,34.0,4.5,4,Kart,0,18,0
Kozmetik,170.0,0.0,2,0,3,0.08,43.0,4.0,3,Kapida odeme,0,20,0
Ayakkabi,3430.0,0.2,2,0,7,0.36,33.0,4.7,3,Kart,0,1,0
Elektronik,3370.0,0.5,2,0,8,0.04,29.0,4.8,2,Kart,0,12,0
Ev,850.0,0.1,4,0,1,0.03,41.0,3.4,2,Kapida odeme,0,19,0
Kozmetik,290.0,0.0,3,0,3,0.02,44.0,4.4,2,Kart,0,14,0
Giyim,830.0,0.3,2,0,10,0.28,,4.9,3,Kart,0,8,0
Ev,2000.0,0.0,2,0,18,0.06,28.0,4.4,5,Kart,0,16,0
Kozmetik,450.0,0.5,2,0,1,0.14,18.0,4.2,3,Kart,1,17,0
Giyim,330.0,0.1,2,0,1,0.34,24.0,3.6,2,Kart,0,22,1
Ev,480.0,0.0,1,0,14,0.17,48.0,,3,Kart,0,20,0
Ayakkabi,1170.0,0.1,2,1,3,0.18,22.0,3.9,6,Kart,0,18,1
Elektronik,3990.0,0.0,1,0,8,0.08,38.0,4.6,1,Kart,0,6,0
Ayakkabi,650.0,0.2,1,0,3,0.19,37.0,,4,Kapida odeme,0,4,1
Giyim,940.0,0.0,1,0,2,0.04,27.0,4.1,4,Kart,0,1,0
Giyim,400.0,0.3,3,0,1,0.24,29.0,,5,Kart,0,18,1
Giyim,1270.0,0.2,3,0,11,0.13,47.0,,4,Kart,0,8,1
Giyim,1470.0,0.3,2,0,1,0.37,43.0,4.4,5,Kapida odeme,1,13,0
Elektronik,4020.0,0.3,3,0,2,0.37,55.0,4.4,2,Kart,0,4,0
Ayakkabi,1710.0,0.0,4,1,5,0.09,18.0,3.2,5,Kart,0,21,1
Giyim,370.0,0.1,1,0,2,0.03,,4.4,3,Kart,0,19,0
Ev,1190.0,0.3,2,0,1,0.38,18.0,4.6,3,Kart,0,22,0
Ev,720.0,0.0,1,0,0,,33.0,2.9,4,Kart,0,14,0
Elektronik,2760.0,0.0,2,0,3,0.13,31.0,3.7,6,Kart,1,22,0
Kozmetik,310.0,0.0,1,0,3,0.23,22.0,,4,Kart,0,10,0
Ayakkabi,1140.0,0.0,3,1,8,0.05,27.0,4.2,3,Kapida odeme,1,15,1
Ev,780.0,0.3,2,0,8,0.19,30.0,5.0,3,Kapida odeme,1,18,0
Giyim,1000.0,0.1,2,1,0,,37.0,4.3,4,Kart,0,17,1
Ev,630.0,0.2,1,0,14,0.33,22.0,4.7,3,Kart,0,17,0
Kozmetik,760.0,0.5,2,0,2,0.4,26.0,4.1,5,Kapida odeme,1,9,1
Ev,500.0,0.0,1,0,1,0.42,,3.9,3,Kart,1,18,0
Elektronik,9310.0,0.2,1,0,0,,40.0,3.5,3,Kart,0,19,1
Elektronik,2850.0,0.0,2,0,3,0.18,,4.4,1,Kart,1,7,0
Ayakkabi,1400.0,0.0,3,1,8,0.09,35.0,,4,Kart,0,0,1
Elektronik,3610.0,0.0,4,0,4,0.31,39.0,3.8,5,Kapida odeme,1,21,0
Ev,770.0,0.0,2,0,0,,31.0,3.5,3,Kart,0,11,0
Kozmetik,500.0,0.0,2,0,15,0.09,47.0,4.2,2,Kart,0,1,0
Ayakkabi,2750.0,0.1,1,1,8,0.31,24.0,4.5,6,Kart,0,20,1
Giyim,1110.0,0.0,2,1,0,,32.0,4.1,5,Kart,0,1,0
Elektronik,3750.0,0.0,2,0,0,,36.0,4.0,5,Kart,0,22,0
Giyim,710.0,0.2,2,1,0,,38.0,4.9,5,Kart,1,15,1
Giyim,460.0,0.0,2,1,6,0.49,42.0,,2,Kart,0,20,1
Giyim,420.0,0.3,3,0,8,0.12,31.0,5.0,5,Kart,0,4,0
Ev,540.0,0.5,2,0,1,0.13,42.0,3.6,6,Kapida odeme,0,0,0
Giyim,530.0,0.2,1,0,6,0.23,19.0,4.1,3,Kart,0,6,0
Giyim,730.0,0.1,3,1,1,0.09,36.0,4.4,1,Kart,0,16,1
Giyim,270.0,0.2,3,0,2,0.16,18.0,4.6,5,Kart,0,15,1
Ev,880.0,0.2,2,0,3,0.08,31.0,3.5,6,Kart,0,14,0
Ev,1780.0,0.5,3,0,4,0.17,58.0,4.3,3,Kapida odeme,0,14,1
Giyim,1080.0,0.5,2,0,13,0.32,36.0,3.9,3,Kart,0,0,0
Giyim,500.0,0.0,1,0,8,0.12,28.0,4.6,4,Kapida odeme,0,11,0
Elektronik,2400.0,0.1,1,0,0,,,3.9,6,Kapida odeme,0,7,0
Giyim,800.0,0.3,1,0,4,0.08,33.0,3.3,5,Kart,1,21,0
Elektronik,1590.0,0.0,1,0,17,0.12,,4.4,2,Kart,0,1,0
Ayakkabi,2310.0,0.1,3,0,15,0.04,18.0,4.2,4,Kart,0,6,1
Kozmetik,320.0,0.2,2,0,0,,33.0,5.0,3,Kart,0,12,0
Giyim,1480.0,0.2,3,1,8,0.13,31.0,4.6,5,Kart,0,20,0
Elektronik,2070.0,0.0,1,0,18,0.16,30.0,3.8,1,Kart,0,15,0
Giyim,980.0,0.0,2,0,8,0.12,41.0,4.6,7,Kart,1,4,1
Kozmetik,330.0,0.0,1,0,8,0.01,47.0,4.2,2,Kart,0,17,0
Kozmetik,300.0,0.1,3,0,0,,40.0,,4,Kapida odeme,0,19,1
Ev,490.0,0.3,3,0,4,0.08,30.0,3.9,6,Kapida odeme,0,2,1
Ayakkabi,1830.0,0.3,3,1,3,0.27,35.0,4.0,2,Kart,0,16,1
Giyim,880.0,0.0,1,0,1,0.25,44.0,4.5,3,Kart,0,12,0
Ev,2010.0,0.0,2,0,27,0.03,42.0,4.5,4,Kart,0,17,0
Ev,1420.0,0.2,2,0,8,0.15,,3.3,1,Kart,0,9,0
Giyim,500.0,0.2,2,0,15,0.35,28.0,,4,Kart,0,8,1
Ayakkabi,890.0,0.1,3,1,0,,44.0,3.8,3,Kart,1,12,1
Ayakkabi,760.0,0.0,1,1,4,0.13,47.0,4.3,7,Kart,0,22,1
Ev,1750.0,0.0,1,0,1,0.13,42.0,3.5,5,Kart,0,20,0
Ev,630.0,0.2,3,0,21,0.27,63.0,,4,Kart,0,12,0
Elektronik,8760.0,0.1,2,0,0,,41.0,4.5,2,Kart,0,22,0
Elektronik,5700.0,0.0,3,0,5,0.02,45.0,3.8,5,Kapida odeme,1,12,0
Giyim,750.0,0.3,2,1,4,0.19,40.0,4.4,4,Kart,0,1,0
Ayakkabi,1220.0,0.2,1,1,25,0.38,33.0,4.2,2,Kapida odeme,1,19,0
Giyim,880.0,0.5,1,0,5,0.04,,4.5,4,Kart,0,6,0
Ev,890.0,0.1,2,0,5,0.25,26.0,3.6,2,Kart,0,12,0
Ayakkabi,1190.0,0.1,2,1,3,0.18,26.0,3.7,4,Kapida odeme,0,22,0
Ayakkabi,1910.0,0.5,5,1,0,,22.0,3.9,1,Kart,1,16,1
Giyim,610.0,0.5,1,1,6,0.1,31.0,,3,Kart,0,15,0
Giyim,450.0,0.5,2,0,2,0.12,34.0,4.9,2,Kart,0,19,0
Elektronik,5890.0,0.3,3,0,2,0.17,46.0,,4,Kart,1,17,0
Giyim,630.0,0.1,2,1,2,0.08,22.0,4.6,3,Kart,0,9,0
Giyim,810.0,0.0,2,0,11,0.11,43.0,3.8,2,Kart,0,10,0
Ev,730.0,0.0,2,0,1,0.16,37.0,,3,Kart,0,12,0
Ayakkabi,810.0,0.5,4,1,0,,38.0,3.9,4,Kapida odeme,0,2,1
Ayakkabi,3060.0,0.0,3,0,8,0.25,33.0,4.1,3,Kapida odeme,0,17,1
Ayakkabi,2810.0,0.2,4,0,6,0.49,55.0,4.5,4,Kart,0,9,1
Ev,1340.0,0.5,2,0,14,0.07,26.0,4.0,2,Kart,0,8,0
Giyim,550.0,0.5,1,0,3,0.28,28.0,4.1,2,Kart,0,1,1
Ev,790.0,0.5,2,0,2,0.34,,4.5,2,Kart,0,4,0
Kozmetik,650.0,0.1,1,0,11,0.07,38.0,,2,Kart,0,3,0
Elektronik,3840.0,0.1,3,0,13,0.06,36.0,3.9,2,Kart,0,20,0
Ayakkabi,1050.0,0.5,2,1,0,,,,3,Kart,0,13,1
Ev,2090.0,0.0,2,0,12,0.15,39.0,5.0,3,Kart,0,6,0
Ayakkabi,1370.0,0.0,1,1,2,0.12,40.0,4.6,1,Kart,0,11,0
Ayakkabi,3100.0,0.5,7,0,3,0.17,34.0,5.0,7,Kart,1,20,1
Ayakkabi,750.0,0.2,3,0,1,0.18,52.0,,3,Kart,0,8,1
Giyim,820.0,0.1,2,1,0,,38.0,4.4,3,Kart,0,17,1
Giyim,1650.0,0.0,3,1,8,0.11,31.0,4.0,4,Kart,0,14,0
Ayakkabi,1420.0,0.1,1,0,0,,46.0,4.1,7,Kart,0,18,1
Giyim,580.0,0.5,1,1,1,0.24,18.0,3.5,4,Kart,0,14,0
Ayakkabi,830.0,0.1,3,1,9,0.17,23.0,4.8,2,Kart,1,23,0
Elektronik,7320.0,0.0,4,0,0,,32.0,3.5,4,Kapida odeme,1,16,0
Kozmetik,250.0,0.1,1,0,8,0.35,22.0,4.6,4,Kart,0,7,0
Giyim,620.0,0.3,4,0,4,0.15,42.0,4.0,3,Kart,0,8,0
Elektronik,2580.0,0.3,2,0,4,0.12,42.0,3.8,2,Kart,1,19,0
Ayakkabi,2820.0,0.0,3,0,11,0.14,50.0,,4,Kart,0,16,1
Giyim,1090.0,0.1,3,1,15,0.24,28.0,,2,Kapida odeme,0,5,1
Giyim,640.0,0.0,2,1,1,0.01,,4.0,4,Kart,0,19,0
Giyim,390.0,0.1,1,0,2,0.11,47.0,4.2,7,Kart,0,11,1
Giyim,1300.0,0.0,2,0,11,0.17,36.0,3.3,2,Kart,0,22,1
Giyim,550.0,0.1,2,0,1,0.23,44.0,3.3,6,Kapida odeme,0,17,1
Ayakkabi,850.0,0.1,2,0,1,0.17,33.0,,4,Kart,0,2,1
Ayakkabi,630.0,0.0,4,0,4,0.02,47.0,4.6,1,Kart,1,2,0
Giyim,490.0,0.0,3,0,6,0.1,26.0,4.9,3,Kart,0,17,0
Giyim,340.0,0.0,4,1,0,,18.0,4.1,5,Kart,0,13,1
Giyim,490.0,0.0,3,0,4,0.09,30.0,4.5,3,Kart,0,2,1
Elektronik,6290.0,0.2,3,0,0,,33.0,4.4,5,Kart,0,4,0
Giyim,550.0,0.0,3,0,1,0.02,38.0,,2,Kart,0,9,1
Elektronik,5280.0,0.0,3,0,3,0.12,39.0,4.7,5,Kart,0,23,0
Giyim,470.0,0.5,2,0,1,0.08,27.0,3.6,4,Kart,0,10,1
Giyim,670.0,0.0,2,1,3,0.22,24.0,4.3,5,Kart,0,20,0
Kozmetik,830.0,0.3,2,0,10,0.04,50.0,,2,Kart,0,1,0
Giyim,560.0,0.1,1,0,9,0.43,33.0,4.6,3,Kart,1,15,1
Giyim,770.0,0.2,1,1,4,0.08,29.0,4.5,2,Kart,1,10,0
Giyim,320.0,0.1,2,1,5,0.49,37.0,4.2,5,Kart,1,8,1
Kozmetik,690.0,0.0,3,0,4,0.19,,4.5,3,Kapida odeme,0,6,0
Elektronik,3630.0,0.3,2,0,2,0.12,27.0,3.6,3,Kart,0,20,0
Elektronik,7220.0,0.3,1,0,4,0.17,42.0,3.6,3,Kapida odeme,1,7,1
Kozmetik,330.0,0.0,2,0,14,0.1,24.0,4.9,2,Kapida odeme,0,23,0
Giyim,860.0,0.2,2,1,2,0.13,21.0,4.7,4,Kart,0,13,0
Kozmetik,470.0,0.1,4,0,6,0.24,30.0,4.9,2,Kapida odeme,0,17,0
Giyim,530.0,0.3,3,1,2,0.11,37.0,4.1,3,Kart,0,16,1
Elektronik,7360.0,0.3,2,0,9,0.16,48.0,3.8,1,Kart,0,3,0
Ayakkabi,990.0,0.0,3,0,8,0.29,37.0,4.1,2,Kart,0,21,0
Ayakkabi,1990.0,0.3,1,1,3,0.21,39.0,5.0,2,Kart,0,15,0
Kozmetik,290.0,0.5,5,0,7,0.03,24.0,3.8,4,Kart,0,17,0
Giyim,760.0,0.2,2,0,15,0.46,36.0,4.1,5,Kart,1,13,0
Kozmetik,280.0,0.0,2,0,0,,23.0,4.7,6,Kart,0,18,0
Ayakkabi,1430.0,0.3,2,1,2,0.03,43.0,4.2,3,Kart,0,10,0
Elektronik,2770.0,0.1,3,0,23,0.04,35.0,4.0,2,Kart,0,18,0
Kozmetik,390.0,0.0,1,0,0,,33.0,4.5,3,Kart,0,22,0
Giyim,660.0,0.3,4,0,4,0.3,39.0,4.0,3,Kart,0,2,1
Kozmetik,270.0,0.1,2,0,9,0.0,29.0,4.4,1,Kart,0,0,0
Elektronik,4390.0,0.3,2,0,8,0.22,29.0,3.1,2,Kapida odeme,0,8,0
Ev,960.0,0.2,2,0,0,,24.0,3.4,2,Kart,1,0,0
Giyim,490.0,0.0,3,1,3,0.08,,4.1,2,Kart,0,13,0
Elektronik,4250.0,0.5,2,0,5,0.42,32.0,4.8,4,Kart,0,22,1
Elektronik,2860.0,0.1,3,0,12,0.14,31.0,4.1,1,Kapida odeme,0,9,1
Ayakkabi,4020.0,0.1,1,1,0,,41.0,4.2,3,Kart,0,15,0
Giyim,1050.0,0.0,1,1,5,0.32,,4.3,3,Kart,0,19,0
Giyim,730.0,0.0,1,1,7,0.07,18.0,4.0,3,Kart,0,1,0
Ev,1530.0,0.2,1,0,3,0.25,54.0,3.5,3,Kart,0,12,0
Giyim,270.0,0.0,2,0,1,0.06,29.0,4.5,3,Kart,0,13,0
Ev,280.0,0.5,2,0,0,,26.0,4.3,2,Kart,1,1,0
Kozmetik,290.0,0.5,1,0,8,0.33,32.0,4.4,4,Kart,0,18,0
Giyim,350.0,0.2,1,0,5,0.05,,,4,Kart,0,4,1
Giyim,580.0,0.0,1,0,8,0.06,29.0,,2,Kart,1,9,1
Elektronik,4940.0,0.2,2,0,27,0.14,35.0,4.0,3,Kart,0,19,0
Giyim,980.0,0.0,3,0,13,0.33,18.0,4.8,3,Kart,0,17,1
Elektronik,2700.0,0.3,1,0,2,0.32,41.0,3.3,5,Kart,0,20,0
Ev,1080.0,0.1,3,0,2,0.01,44.0,4.0,4,Kart,1,17,0
Elektronik,4530.0,0.5,6,0,3,0.21,18.0,4.9,2,Kart,0,23,0
Ayakkabi,1640.0,0.0,3,1,5,0.21,39.0,4.1,4,Kart,0,8,1
Ev,710.0,0.0,2,0,0,,25.0,3.1,4,Kart,0,18,0
Elektronik,8390.0,0.5,3,0,6,0.21,30.0,3.8,3,Kart,1,7,0
Giyim,620.0,0.1,1,0,7,0.23,38.0,4.3,5,Kapida odeme,0,18,1
Elektronik,10000.0,0.3,2,0,5,0.07,,4.8,2,Kart,0,22,0
Kozmetik,250.0,0.3,2,0,1,0.36,37.0,4.1,5,Kart,0,8,0
Elektronik,6290.0,0.1,2,0,0,,,4.7,7,Kart,0,9,0
Ayakkabi,1360.0,0.1,1,0,12,0.23,35.0,4.4,1,Kart,0,16,1
Giyim,560.0,0.1,1,1,8,0.13,39.0,4.0,3,Kart,0,16,0
Giyim,860.0,0.3,2,0,8,0.11,,4.6,4,Kapida odeme,0,10,0
Giyim,570.0,0.5,3,1,1,0.15,26.0,4.6,4,Kart,1,2,0
Giyim,200.0,0.0,5,1,2,0.2,33.0,4.1,5,Kart,0,18,0
Kozmetik,90.0,0.2,2,0,2,0.41,40.0,3.9,3,Kapida odeme,0,18,0
Giyim,1150.0,0.0,1,0,1,0.02,28.0,3.5,4,Kapida odeme,0,0,1
Ev,1570.0,0.1,2,0,0,,,,4,Kart,0,1,0
Giyim,1520.0,0.3,2,0,1,0.05,21.0,3.9,2,Kart,0,14,0
Giyim,640.0,0.3,2,0,2,0.24,37.0,4.4,1,Kart,0,0,1
Ayakkabi,780.0,0.0,1,1,11,0.14,18.0,4.3,3,Kapida odeme,1,7,0
Giyim,540.0,0.0,1,1,5,0.04,37.0,4.4,2,Kapida odeme,0,22,1
Ev,900.0,0.0,4,0,8,0.35,43.0,4.1,4,Kart,1,14,0
Kozmetik,220.0,0.0,4,0,7,0.18,32.0,3.6,5,Kart,0,21,0
Ev,1890.0,0.0,2,0,2,0.54,40.0,,3,Kart,0,21,0
Giyim,1780.0,0.3,2,1,11,0.14,36.0,,3,Kapida odeme,0,6,1
Ev,1120.0,0.0,3,0,1,0.13,20.0,5.0,5,Kart,0,15,0
Giyim,650.0,0.0,2,0,10,0.08,22.0,3.9,3,Kart,0,7,0
Kozmetik,200.0,0.2,3,0,4,0.04,30.0,,5,Kart,0,12,0
Ayakkabi,2810.0,0.0,3,1,4,0.01,33.0,,4,Kart,0,8,0
Giyim,670.0,0.0,3,0,5,0.02,26.0,,2,Kart,0,7,1
Giyim,570.0,0.5,2,0,11,0.24,22.0,4.6,2,Kapida odeme,0,15,0
Giyim,810.0,0.0,5,1,12,0.31,18.0,4.6,2,Kart,1,22,1
Giyim,500.0,0.0,3,0,6,0.04,51.0,4.9,4,Kart,1,18,0
Kozmetik,370.0,0.1,1,0,0,,51.0,4.4,6,Kart,0,2,0
Ev,470.0,0.0,3,0,4,0.21,26.0,3.7,4,Kart,0,6,0
Kozmetik,570.0,0.0,1,0,24,0.15,20.0,4.3,6,Kart,0,4,0
Giyim,620.0,0.0,2,0,3,0.21,49.0,3.3,3,Kart,0,12,1
Elektronik,7580.0,0.0,2,0,1,0.12,18.0,4.0,3,Kapida odeme,0,21,0
Giyim,590.0,0.3,2,1,2,0.15,44.0,4.0,3,Kapida odeme,1,5,0
Elektronik,4230.0,0.0,2,0,19,0.28,40.0,4.4,2,Kapida odeme,0,17,0
Giyim,380.0,0.0,2,0,0,,31.0,,3,Kart,0,0,1
Giyim,910.0,0.0,3,0,0,,48.0,3.9,6,Kart,0,0,1
Elektronik,3030.0,0.5,1,0,1,0.1,27.0,3.9,2,Kapida odeme,0,20,0
Giyim,520.0,0.0,2,0,7,0.03,42.0,4.2,3,Kart,0,10,0
Ayakkabi,1400.0,0.3,1,1,12,0.01,32.0,4.4,4,Kart,0,15,0
Elektronik,4750.0,0.0,4,0,0,,22.0,4.5,1,Kart,0,18,0
Giyim,300.0,0.5,1,0,3,0.03,54.0,4.0,6,Kart,0,0,1
Kozmetik,320.0,0.0,3,0,1,0.12,27.0,4.2,5,Kart,0,23,0
Ayakkabi,2000.0,0.0,2,1,6,0.07,30.0,3.7,4,Kart,1,21,0
Ev,760.0,0.1,1,0,2,0.46,42.0,3.7,6,Kart,0,19,0
Elektronik,4070.0,0.0,1,0,4,0.64,,3.3,7,Kart,0,21,0
Ev,970.0,0.2,5,0,6,0.1,21.0,,7,Kart,1,9,0
Ev,850.0,0.2,3,0,2,0.18,48.0,4.8,4,Kart,0,7,0
Ev,570.0,0.2,3,0,3,0.03,34.0,4.8,2,Kart,0,19,0
Elektronik,4430.0,0.0,1,0,1,0.15,33.0,4.5,6,Kart,0,21,0
Giyim,1020.0,0.2,4,1,1,0.45,32.0,4.7,3,Kart,0,20,1
Giyim,410.0,0.0,1,0,0,,,4.6,5,Kart,0,8,1
Elektronik,3800.0,0.5,2,0,29,0.23,18.0,4.3,4,Kart,0,5,0
Giyim,350.0,0.2,1,1,3,0.21,38.0,3.1,3,Kart,0,6,0
Giyim,990.0,0.1,2,1,4,0.17,36.0,5.0,6,Kart,0,22,1
Giyim,620.0,0.3,3,1,4,0.73,,4.1,2,Kart,0,9,1
Elektronik,3070.0,0.1,3,0,25,0.35,36.0,,2,Kart,0,8,0
Giyim,680.0,0.1,1,1,3,0.46,32.0,4.9,4,Kapida odeme,1,9,1
Elektronik,2620.0,0.0,2,0,12,0.17,,,4,Kart,0,6,0
Ev,570.0,0.2,3,0,3,0.24,38.0,5.0,4,Kart,1,9,0
Ev,470.0,0.0,1,0,6,0.08,32.0,,5,Kart,0,22,0
Giyim,400.0,0.0,3,0,2,0.25,26.0,4.7,6,Kart,0,8,1
Elektronik,8290.0,0.3,1,0,5,0.13,42.0,4.1,4,Kart,0,16,0
Elektronik,3240.0,0.0,1,0,1,0.32,23.0,4.2,5,Kart,0,5,0
Ayakkabi,1730.0,0.2,2,0,6,0.29,45.0,3.8,3,Kart,0,20,1
Elektronik,3090.0,0.0,2,0,11,0.14,31.0,3.9,4,Kart,0,12,0
Giyim,910.0,0.0,2,0,5,0.1,43.0,4.8,5,Kart,0,10,0
Kozmetik,220.0,0.3,1,0,6,0.18,48.0,4.4,4,Kart,1,16,0
Giyim,660.0,0.0,4,1,5,0.3,33.0,4.4,4,Kart,1,14,1
Ev,920.0,0.2,2,0,1,0.01,43.0,3.5,2,Kapida odeme,0,7,0
Elektronik,12830.0,0.1,3,0,10,0.05,40.0,3.5,1,Kart,0,23,1
Giyim,860.0,0.3,1,0,13,0.18,36.0,3.8,2,Kart,1,16,1
Ev,690.0,0.0,1,0,1,0.11,40.0,4.0,3,Kart,0,16,0
Giyim,880.0,0.2,1,0,8,0.41,31.0,4.2,3,Kart,1,17,1
Ev,2360.0,0.1,2,0,11,0.19,,4.3,6,Kart,1,21,0
Elektronik,2160.0,0.0,2,0,1,0.18,35.0,4.7,2,Kart,0,3,0
Giyim,440.0,0.0,1,1,1,0.17,27.0,4.9,2,Kart,0,22,0
Giyim,580.0,0.0,1,0,8,0.15,30.0,4.3,4,Kart,0,3,0
Ev,750.0,0.1,1,0,4,0.01,,3.8,3,Kart,0,14,0
Giyim,560.0,0.0,2,0,5,0.05,25.0,4.5,2,Kart,0,12,0
Kozmetik,190.0,0.0,5,0,1,0.08,53.0,4.3,4,Kart,1,23,0
Ev,1690.0,0.2,2,0,2,0.25,47.0,4.4,5,Kart,0,23,0
Ev,470.0,0.1,2,0,3,0.05,22.0,4.7,3,Kart,0,19,0
Giyim,590.0,0.0,3,0,1,0.09,42.0,,2,Kapida odeme,0,18,1
Ev,1440.0,0.0,1,0,23,0.09,24.0,4.9,5,Kart,1,7,0
Kozmetik,350.0,0.0,1,0,1,0.03,26.0,3.6,7,Kapida odeme,0,17,0
Giyim,420.0,0.2,1,1,18,0.11,29.0,,2,Kart,0,13,0
Giyim,350.0,0.3,2,1,29,0.35,27.0,,2,Kart,0,23,1
Giyim,590.0,0.1,3,0,2,0.04,,4.3,7,Kart,0,12,1
Ayakkabi,1000.0,0.2,4,1,18,0.13,37.0,4.3,2,Kart,0,23,1
Ev,990.0,0.0,2,0,2,0.1,38.0,4.0,3,Kart,0,9,0
Ayakkabi,750.0,0.5,4,0,13,0.26,34.0,3.9,3,Kart,0,10,1
Elektronik,6490.0,0.0,3,0,12,0.21,29.0,3.8,3,Kart,1,12,0
Giyim,680.0,0.0,3,1,6,0.19,29.0,4.3,5,Kart,0,15,1
Giyim,710.0,0.0,1,0,6,0.25,45.0,4.5,9,Kart,0,19,0
Giyim,1240.0,0.0,3,0,7,0.24,31.0,5.0,4,Kart,0,11,0
Ev,740.0,0.2,2,0,1,0.2,48.0,4.1,4,Kart,0,14,0
Elektronik,3250.0,0.0,4,0,1,0.15,28.0,,4,Kart,0,16,0
Ayakkabi,1090.0,0.0,1,0,4,0.15,34.0,4.4,2,Kart,0,21,1
Ev,830.0,0.0,2,0,7,0.46,37.0,3.4,3,Kart,1,2,0
Giyim,620.0,0.5,2,0,8,0.3,,4.9,4,Kart,0,14,0
Giyim,450.0,0.2,3,0,7,0.05,44.0,4.5,10,Kart,0,20,0
Giyim,260.0,0.5,2,1,4,0.1,37.0,3.7,4,Kapida odeme,0,9,1
Kozmetik,270.0,0.3,2,0,9,0.01,,,5,Kapida odeme,0,22,0
Ev,1060.0,0.3,4,0,7,0.14,25.0,,4,Kapida odeme,0,18,0
Elektronik,4780.0,0.1,1,0,6,0.2,32.0,4.4,5,Kapida odeme,0,22,0
Giyim,1120.0,0.0,2,1,19,0.07,,3.9,3,Kapida odeme,1,5,0
Giyim,1570.0,0.0,3,1,5,0.13,,4.5,3,Kart,0,17,0
Elektronik,6330.0,0.0,3,0,7,0.3,28.0,4.6,2,Kapida odeme,0,13,0
Ayakkabi,2610.0,0.2,3,1,12,0.47,20.0,3.9,5,Kart,0,23,1
Kozmetik,490.0,0.0,4,0,3,0.14,27.0,4.6,5,Kart,1,19,0
Ev,1940.0,0.0,1,0,1,0.54,22.0,4.7,4,Kapida odeme,0,16,0
Ayakkabi,3220.0,0.2,2,0,9,0.12,22.0,,4,Kart,0,21,1
Ev,1380.0,0.0,1,0,7,0.26,37.0,4.4,5,Kart,0,18,0
Kozmetik,480.0,0.0,2,0,1,0.06,41.0,3.9,3,Kart,0,4,0
Ayakkabi,1280.0,0.0,3,1,2,0.1,,5.0,3,Kart,0,10,0
Elektronik,4420.0,0.2,2,0,6,0.38,,3.8,3,Kart,0,21,0
Kozmetik,300.0,0.0,1,0,0,,18.0,4.0,5,Kart,0,0,0
Giyim,860.0,0.0,2,0,0,,18.0,4.6,4,Kart,1,14,0
Kozmetik,250.0,0.0,2,0,2,0.3,,4.0,3,Kart,0,12,0
Giyim,600.0,0.2,2,1,3,0.11,24.0,4.1,3,Kart,0,4,0
Elektronik,1560.0,0.0,2,0,4,0.17,29.0,3.6,3,Kapida odeme,0,8,1
Ev,1950.0,0.0,2,0,3,0.2,37.0,,2,Kart,0,0,1
Elektronik,4070.0,0.3,3,0,0,,30.0,,3,Kart,0,3,0
Ayakkabi,1720.0,0.3,3,0,2,0.66,50.0,4.0,4,Kart,0,8,1
Elektronik,8670.0,0.0,3,0,1,0.1,57.0,4.8,2,Kart,0,3,0
Giyim,740.0,0.0,5,0,2,0.24,33.0,4.0,3,Kart,0,10,1
Giyim,1250.0,0.0,1,1,15,0.26,18.0,3.7,1,Kapida odeme,0,16,0
Giyim,370.0,0.2,3,1,14,0.34,29.0,,1,Kapida odeme,0,6,1
Elektronik,13240.0,0.0,1,0,2,0.4,31.0,4.5,3,Kart,0,7,0
Ayakkabi,2280.0,0.5,1,1,13,0.28,41.0,3.2,1,Kart,1,0,0
Giyim,710.0,0.3,1,0,2,0.18,21.0,5.0,6,Kart,0,2,0
Kozmetik,660.0,0.1,2,0,7,0.18,18.0,4.4,3,Kart,1,11,0
Ayakkabi,830.0,0.0,3,0,5,0.18,37.0,4.0,3,Kart,0,18,1
Ayakkabi,1230.0,0.3,2,1,2,0.38,29.0,3.8,3,Kart,0,22,1
Ayakkabi,2680.0,0.2,2,0,1,0.16,28.0,4.0,1,Kapida odeme,0,11,0
Giyim,280.0,0.2,1,0,8,0.28,25.0,4.7,3,Kapida odeme,0,22,1
Ev,1160.0,0.0,3,0,2,0.27,30.0,,2,Kart,0,15,0
Ayakkabi,1780.0,0.2,2,1,4,0.19,36.0,4.2,2,Kapida odeme,0,11,1
Giyim,1580.0,0.3,1,0,4,0.09,18.0,4.7,3,Kart,0,8,0
Kozmetik,170.0,0.5,1,0,7,0.3,,3.3,6,Kart,0,21,0
Ev,1860.0,0.1,4,0,1,0.03,41.0,3.9,2,Kart,1,4,0
Ev,700.0,0.1,4,0,8,0.17,38.0,3.5,3,Kart,0,2,0
Ev,740.0,0.0,3,0,1,0.24,55.0,3.6,1,Kart,0,19,0
Kozmetik,200.0,0.2,2,0,1,0.08,30.0,4.3,3,Kart,1,20,0
Giyim,400.0,0.5,3,0,16,0.36,33.0,,3,Kart,0,20,1
Elektronik,5400.0,0.1,2,0,6,0.72,47.0,,3,Kart,0,13,1
Elektronik,2730.0,0.0,3,0,9,0.06,35.0,3.5,2,Kart,0,6,0
Giyim,910.0,0.0,1,1,0,,49.0,3.8,3,Kart,0,1,0
Giyim,480.0,0.1,4,1,5,0.12,42.0,4.4,2,Kapida odeme,0,14,1
Giyim,380.0,0.3,2,0,3,0.17,35.0,4.2,3,Kart,0,1,0
Elektronik,3550.0,0.0,3,0,9,0.08,34.0,3.7,7,Kart,0,5,0
Ev,1050.0,0.0,1,0,5,0.34,32.0,4.0,3,Kart,1,0,0
Ev,790.0,0.5,2,0,1,0.14,34.0,4.6,4,Kart,0,23,0
Giyim,660.0,0.1,1,0,5,0.14,26.0,4.3,5,Kart,0,7,1
Giyim,890.0,0.0,1,1,7,0.11,41.0,3.7,2,Kart,0,12,0
Ayakkabi,2280.0,0.0,2,1,10,0.1,53.0,4.3,4,Kapida odeme,0,13,0
Elektronik,3910.0,0.0,4,0,5,0.11,18.0,3.9,1,Kart,0,13,0
Kozmetik,220.0,0.0,2,0,7,0.1,46.0,3.9,6,Kart,0,18,0
Ev,930.0,0.2,2,0,4,0.5,36.0,4.3,5,Kart,1,15,0
Kozmetik,430.0,0.1,1,0,3,0.14,44.0,3.7,5,Kart,0,14,0
Ev,470.0,0.1,1,0,1,0.15,28.0,4.0,6,Kart,1,22,0
Kozmetik,230.0,0.1,2,0,7,0.27,32.0,4.7,2,Kart,0,11,0
Ayakkabi,1010.0,0.0,1,0,7,0.19,47.0,5.0,3,Kart,1,5,0
Giyim,590.0,0.0,2,0,5,0.03,34.0,3.4,8,Kapida odeme,0,5,1
Giyim,460.0,0.0,2,0,4,0.01,42.0,3.8,2,Kart,0,23,0
Ayakkabi,1920.0,0.0,2,1,5,0.13,28.0,,2,Kart,0,14,0
Giyim,320.0,0.2,1,0,5,0.22,32.0,3.6,1,Kart,0,21,1
Giyim,320.0,0.0,3,0,1,0.03,39.0,4.1,6,Kapida odeme,0,23,1
Kozmetik,300.0,0.2,2,0,14,0.06,38.0,5.0,7,Kart,0,15,0
Giyim,600.0,0.0,1,1,21,0.02,42.0,3.9,1,Kart,1,22,0
Kozmetik,180.0,0.0,2,0,6,0.19,31.0,4.1,3,Kart,0,23,0
Ev,680.0,0.0,3,0,5,0.26,34.0,3.6,4,Kapida odeme,0,9,0
Elektronik,3760.0,0.1,3,0,7,0.32,,4.5,1,Kart,0,9,0
Elektronik,3770.0,0.1,3,0,4,0.18,48.0,3.4,4,Kart,1,11,0
Giyim,700.0,0.3,3,1,5,0.16,26.0,3.9,2,Kart,0,15,1
Elektronik,3340.0,0.0,4,0,11,0.12,46.0,3.6,4,Kart,0,10,0
Giyim,1260.0,0.1,1,1,1,0.27,26.0,4.1,5,Kart,0,13,1
Kozmetik,440.0,0.2,2,0,2,0.3,36.0,,1,Kart,0,13,1
Giyim,450.0,0.0,3,0,22,0.24,37.0,,2,Kart,0,13,1
Giyim,680.0,0.0,1,1,0,,29.0,4.3,3,Kapida odeme,0,9,0
Ev,950.0,0.0,3,0,2,0.17,32.0,4.3,2,Kart,0,7,0
Elektronik,7770.0,0.0,1,0,13,0.09,18.0,4.2,5,Kart,0,5,0
Ayakkabi,1070.0,0.3,1,0,2,0.41,41.0,4.8,3,Kart,0,17,0
Elektronik,6360.0,0.0,3,0,10,0.05,,4.5,3,Kapida odeme,1,4,0
Giyim,660.0,0.1,3,0,5,0.21,34.0,3.6,4,Kart,0,3,1
Elektronik,8800.0,0.2,1,0,1,0.03,28.0,4.6,7,Kapida odeme,0,19,0
Giyim,1160.0,0.0,1,0,9,0.72,41.0,4.3,4,Kart,0,20,1
Giyim,710.0,0.1,1,1,14,0.01,36.0,4.4,2,Kart,0,12,0
Giyim,580.0,0.0,4,0,3,0.05,23.0,3.3,4,Kart,1,15,1
Giyim,820.0,0.1,4,0,2,0.03,33.0,,2,Kart,0,3,1
Giyim,600.0,0.0,1,1,7,0.33,24.0,,1,Kart,0,2,0
Ayakkabi,2980.0,0.0,3,0,5,0.08,34.0,3.9,2,Kapida odeme,0,13,1
Giyim,670.0,0.0,2,1,11,0.07,41.0,4.7,3,Kart,1,10,0
Giyim,540.0,0.2,2,1,2,0.02,,,2,Kart,1,16,1
Elektronik,3660.0,0.2,3,0,8,0.2,38.0,5.0,2,Kapida odeme,0,20,0
Giyim,380.0,0.2,2,1,2,0.45,45.0,3.7,3,Kart,0,4,0
Ev,1160.0,0.0,2,0,15,0.15,26.0,4.4,1,Kart,0,2,0
Kozmetik,240.0,0.5,3,0,6,0.38,30.0,4.3,4,Kart,0,23,0
Ayakkabi,2290.0,0.0,3,1,4,0.03,18.0,4.7,5,Kart,0,4,0
Kozmetik,200.0,0.3,2,0,6,0.12,30.0,5.0,2,Kapida odeme,0,3,0
Giyim,690.0,0.2,3,1,1,0.4,28.0,4.0,5,Kart,0,15,1
Giyim,1090.0,0.1,3,0,1,0.37,41.0,4.3,3,Kart,0,12,1
Ev,340.0,0.0,4,0,8,0.24,39.0,,4,Kart,0,13,0
Ev,2230.0,0.2,5,0,2,0.27,49.0,3.8,3,Kart,0,0,0
Ev,740.0,0.2,1,0,5,0.11,,4.2,6,Kart,0,23,0
Giyim,690.0,0.0,3,0,1,0.1,38.0,,3,Kart,0,19,0
Ev,1160.0,0.2,2,0,3,0.52,41.0,4.2,2,Kart,0,23,0
Ayakkabi,1940.0,0.0,1,0,10,0.13,,4.0,2,Kart,1,2,1
Giyim,740.0,0.1,2,0,20,0.16,38.0,4.4,4,Kapida odeme,0,3,1
Giyim,1020.0,0.1,2,1,24,0.18,34.0,,4,Kart,1,17,1
Kozmetik,440.0,0.3,3,0,0,,35.0,,4,Kart,0,3,0
Giyim,1440.0,0.1,3,0,2,0.16,39.0,4.5,4,Kart,0,7,1
Ev,1140.0,0.0,1,0,5,0.05,48.0,4.9,2,Kart,0,9,0
Elektronik,10890.0,0.1,2,0,10,0.29,,3.6,4,Kart,0,12,0
Ev,1350.0,0.0,2,0,2,0.23,,4.3,6,Kart,0,5,0
Ev,400.0,0.1,2,0,7,0.02,60.0,4.4,2,Kapida odeme,0,18,0
Ev,2910.0,0.1,1,0,3,0.23,,4.6,1,Kapida odeme,0,2,0
Giyim,500.0,0.2,1,1,13,0.14,,,2,Kart,1,22,1
Giyim,1270.0,0.0,2,1,3,0.31,38.0,,4,Kart,0,23,1
Elektronik,4550.0,0.0,2,0,9,0.34,,4.3,2,Kart,1,4,0
Ayakkabi,2260.0,0.1,1,0,2,0.2,22.0,3.8,1,Kart,1,16,0
Giyim,480.0,0.0,3,1,5,0.04,61.0,4.0,4,Kart,0,20,1
Giyim,860.0,0.0,1,0,3,0.17,36.0,4.8,4,Kapida odeme,0,6,1
Giyim,580.0,0.0,1,1,1,0.18,29.0,3.8,2,Kart,0,5,0
Giyim,1320.0,0.1,2,0,4,0.18,21.0,4.4,2,Kapida odeme,0,20,0
Giyim,790.0,0.0,2,0,1,0.1,18.0,4.6,2,Kapida odeme,1,1,0
Kozmetik,530.0,0.1,1,0,9,0.03,41.0,4.5,3,Kart,0,21,0
Giyim,250.0,0.3,2,0,10,0.32,26.0,4.6,2,Kart,0,20,1
Kozmetik,340.0,0.1,2,0,17,0.17,31.0,4.2,2,Kart,1,16,0
Kozmetik,420.0,0.0,2,0,9,0.23,28.0,4.2,1,Kapida odeme,0,7,0
Giyim,720.0,0.0,2,1,3,0.32,39.0,5.0,3,Kart,0,17,0
Ev,1390.0,0.0,1,0,0,,38.0,5.0,1,Kart,0,19,0
Elektronik,3820.0,0.1,2,0,15,0.14,42.0,4.9,2,Kart,0,8,0
Ev,920.0,0.2,1,0,4,0.13,42.0,4.4,6,Kart,0,21,0
Giyim,1110.0,0.0,1,0,1,0.18,,3.9,3,Kapida odeme,0,18,0
Giyim,230.0,0.0,2,1,11,0.19,21.0,4.3,1,Kart,1,14,0
Giyim,850.0,0.0,4,1,6,0.26,33.0,4.1,2,Kapida odeme,0,9,1
Elektronik,3870.0,0.0,4,0,0,,39.0,4.7,3,Kapida odeme,0,8,0
Kozmetik,230.0,0.5,4,0,9,0.14,35.0,,3,Kapida odeme,0,0,0
Elektronik,5240.0,0.0,5,0,5,0.27,18.0,4.5,4,Kart,1,3,0
Ev,1560.0,0.0,2,0,0,,35.0,4.2,3,Kart,0,10,0
Kozmetik,560.0,0.0,2,0,3,0.37,24.0,3.1,2,Kapida odeme,0,4,1
Elektronik,4230.0,0.0,1,0,6,0.11,34.0,4.8,6,Kart,0,1,0
Giyim,960.0,0.0,5,0,6,0.25,44.0,4.2,2,Kart,0,15,1
Ev,1330.0,0.0,1,0,5,0.17,,,1,Kart,0,2,0
Ayakkabi,1350.0,0.0,2,0,1,0.14,49.0,4.0,6,Kart,0,11,0
Giyim,480.0,0.0,2,0,4,0.47,24.0,4.9,2,Kapida odeme,0,13,1
Ayakkabi,1050.0,0.1,1,0,2,0.03,44.0,4.0,2,Kapida odeme,0,16,1
Kozmetik,510.0,0.1,3,0,2,0.24,42.0,4.2,4,Kart,0,13,0
Giyim,640.0,0.0,3,0,6,0.25,31.0,4.2,4,Kart,1,1,1
Ayakkabi,870.0,0.3,3,1,12,0.07,39.0,3.5,1,Kart,0,23,0
Giyim,300.0,0.0,2,0,1,0.04,27.0,,6,Kart,1,6,1
Giyim,950.0,0.5,1,1,8,0.01,18.0,4.6,5,Kart,0,3,0
Giyim,510.0,0.5,2,1,4,0.17,45.0,4.4,2,Kart,1,4,0
Ev,1040.0,0.0,2,0,3,0.12,27.0,5.0,5,Kapida odeme,1,6,0
Ev,1570.0,0.0,3,0,11,0.04,,3.8,7,Kart,0,22,0
Giyim,360.0,0.3,3,0,0,,43.0,3.4,4,Kapida odeme,0,17,1
Giyim,640.0,0.0,4,1,15,0.35,26.0,3.7,3,Kart,0,5,0
Giyim,600.0,0.0,3,1,1,0.02,40.0,4.2,3,Kart,0,5,0
Giyim,770.0,0.1,4,1,0,,39.0,4.7,3,Kapida odeme,0,1,0
Elektronik,7860.0,0.1,3,0,1,0.39,51.0,4.3,4,Kart,0,0,0
Ev,490.0,0.3,3,0,0,,29.0,4.0,2,Kart,0,2,0
Elektronik,5820.0,0.2,2,0,1,0.09,32.0,4.9,2,Kart,0,23,0
Ayakkabi,2230.0,0.3,2,0,2,0.17,,,4,Kart,1,12,1
Elektronik,4140.0,0.2,2,0,2,0.15,34.0,3.6,3,Kapida odeme,0,8,0
Giyim,610.0,0.1,3,0,0,,20.0,4.6,3,Kart,0,0,1
Giyim,780.0,0.1,3,0,9,0.0,44.0,4.5,5,Kart,0,23,0
Kozmetik,410.0,0.5,5,0,2,0.26,50.0,4.3,4,Kart,0,6,0
Ev,1170.0,0.5,1,0,2,0.35,36.0,4.9,3,Kart,0,10,0
Kozmetik,450.0,0.3,1,0,5,0.13,21.0,4.2,5,Kapida odeme,0,13,0
Kozmetik,220.0,0.2,2,0,1,0.31,33.0,4.3,1,Kart,0,18,0
Elektronik,7030.0,0.1,2,0,1,0.29,25.0,3.8,3,Kart,1,2,0
Kozmetik,590.0,0.0,1,0,13,0.08,31.0,3.9,4,Kart,1,9,0
Ayakkabi,1520.0,0.3,2,0,4,0.29,,4.0,5,Kart,1,11,1
Giyim,330.0,0.0,1,0,3,0.22,41.0,4.5,4,Kart,0,8,1
Giyim,620.0,0.0,4,0,0,,48.0,3.9,1,Kapida odeme,1,18,1
Giyim,710.0,0.0,2,1,3,0.03,40.0,4.2,6,Kapida odeme,0,1,1
Giyim,390.0,0.1,2,1,9,0.37,23.0,4.1,3,Kart,0,18,0
Ayakkabi,1190.0,0.1,2,1,4,0.28,41.0,,4,Kapida odeme,0,2,1
Ev,480.0,0.0,5,0,7,0.22,31.0,3.9,4,Kart,0,4,0
Ev,1180.0,0.0,1,0,3,0.22,32.0,4.1,3,Kart,0,1,0
Elektronik,4850.0,0.0,1,0,0,,34.0,3.7,2,Kart,0,4,0
Giyim,310.0,0.0,3,1,3,0.16,35.0,4.2,3,Kart,0,14,0
Ev,1050.0,0.0,2,0,3,0.0,44.0,,5,Kart,1,20,0
Ayakkabi,1360.0,0.2,2,1,13,0.18,39.0,,4,Kapida odeme,1,20,0
Giyim,820.0,0.0,1,1,7,0.18,,4.5,5,Kart,0,17,0
Giyim,540.0,0.0,1,0,2,0.28,19.0,5.0,2,Kart,0,16,0
Giyim,450.0,0.0,2,0,5,0.06,41.0,3.5,4,Kapida odeme,0,9,1
Giyim,460.0,0.1,2,0,5,0.02,,,3,Kart,0,3,0
Ev,710.0,0.3,2,0,0,,47.0,3.8,2,Kart,1,19,0
Ev,910.0,0.0,2,0,16,0.24,33.0,4.3,6,Kart,0,17,0
Ev,960.0,0.0,1,0,0,,37.0,4.5,4,Kapida odeme,0,1,0
Giyim,600.0,0.2,4,1,2,0.24,39.0,3.7,6,Kart,0,6,1
Ev,740.0,0.0,1,0,1,0.04,18.0,4.3,4,Kart,0,4,0
Elektronik,3840.0,0.3,1,0,0,,18.0,4.6,1,Kart,0,16,0
Giyim,2010.0,0.5,1,1,13,0.5,41.0,4.4,1,Kart,1,14,0
Elektronik,3180.0,0.1,2,0,4,0.29,38.0,,2,Kart,0,7,0
Ayakkabi,1090.0,0.5,1,1,2,0.17,47.0,4.5,3,Kart,1,14,0
Ayakkabi,6160.0,0.0,1,0,3,0.08,,4.1,4,Kart,0,23,0
Giyim,790.0,0.0,1,1,9,0.1,31.0,4.6,2,Kart,0,15,1
Ayakkabi,750.0,0.0,2,0,1,0.24,30.0,4.4,3,Kart,0,12,1
Giyim,950.0,0.0,2,0,0,,20.0,4.1,2,Kapida odeme,0,16,1
Giyim,430.0,0.0,3,0,1,0.16,39.0,,7,Kart,0,14,1
Giyim,980.0,0.1,1,0,1,0.22,18.0,4.2,2,Kapida odeme,1,8,0
Kozmetik,320.0,0.1,3,0,1,0.08,,3.7,4,Kart,0,15,0
Giyim,530.0,0.0,1,0,2,0.21,,3.7,6,Kapida odeme,0,6,1
Ayakkabi,2890.0,0.1,1,1,4,0.15,,4.0,5,Kart,0,8,0
Giyim,840.0,0.0,1,1,2,0.01,34.0,4.2,1,Kart,1,14,0
Kozmetik,540.0,0.0,3,0,4,0.19,32.0,3.7,2,Kart,0,9,0
Elektronik,5470.0,0.0,1,0,1,0.32,23.0,,2,Kart,0,23,0
Kozmetik,290.0,0.2,1,0,4,0.49,18.0,4.1,3,Kapida odeme,0,2,1
Giyim,860.0,0.1,1,0,1,0.2,41.0,3.9,2,Kart,0,10,1
Giyim,1120.0,0.2,2,1,2,0.04,32.0,4.1,6,Kart,0,12,0
Elektronik,4780.0,0.0,7,0,18,0.07,37.0,4.5,3,Kart,0,1,0
Giyim,1460.0,0.0,1,1,6,0.15,33.0,4.0,7,Kart,0,9,0
Ev,1320.0,0.5,1,0,0,,33.0,4.5,3,Kart,1,18,0
Ev,990.0,0.0,3,0,8,0.08,36.0,,2,Kapida odeme,0,18,0
Ayakkabi,1570.0,0.0,4,1,0,,32.0,4.7,2,Kart,0,9,1
Kozmetik,370.0,0.0,1,0,1,0.24,31.0,4.6,1,Kapida odeme,0,4,0
Elektronik,2560.0,0.0,2,0,1,0.2,24.0,4.1,2,Kapida odeme,1,4,0
Giyim,620.0,0.1,2,1,4,0.12,59.0,3.9,3,Kapida odeme,1,4,0
Ayakkabi,1550.0,0.0,1,0,0,,44.0,4.4,3,Kart,0,2,0
Giyim,540.0,0.1,2,1,4,0.13,49.0,4.0,2,Kart,1,15,0
Ev,1050.0,0.5,3,0,0,,,3.5,4,Kart,0,21,0
Giyim,660.0,0.0,2,0,0,,31.0,4.5,5,Kart,1,6,1
Giyim,920.0,0.0,1,0,6,0.15,32.0,3.9,3,Kapida odeme,0,22,1
Elektronik,6060.0,0.3,5,0,1,0.15,34.0,3.3,4,Kapida odeme,0,22,0
Giyim,700.0,0.1,2,0,2,0.03,30.0,,3,Kart,0,17,1
Giyim,350.0,0.3,6,0,15,0.47,43.0,4.6,3,Kart,1,3,1
Ev,2010.0,0.0,3,0,6,0.14,26.0,,2,Kart,1,7,1
Giyim,610.0,0.1,3,1,3,0.19,23.0,4.0,2,Kart,0,8,1
Ayakkabi,1350.0,0.5,3,0,16,0.58,21.0,,1,Kart,1,16,1
Giyim,560.0,0.0,1,1,13,0.3,31.0,4.0,3,Kart,0,1,0
Giyim,520.0,0.3,2,0,8,0.29,,4.2,1,Kart,0,8,0
Giyim,1300.0,0.1,2,0,5,0.32,28.0,4.6,4,Kart,0,22,0
Ev,1680.0,0.3,1,0,0,,35.0,4.5,6,Kapida odeme,0,4,0
Kozmetik,430.0,0.0,1,0,10,0.14,22.0,4.3,6,Kapida odeme,0,0,0
Giyim,620.0,0.0,5,0,12,0.04,41.0,3.4,2,Kapida odeme,0,19,0
Kozmetik,460.0,0.0,1,0,4,0.18,23.0,4.5,6,Kart,0,13,0
Elektronik,4650.0,0.5,1,0,1,0.04,22.0,4.0,3,Kart,0,17,0
Elektronik,4130.0,0.0,2,0,0,,28.0,4.4,3,Kapida odeme,1,22,0
Ev,1050.0,0.0,4,0,4,0.52,33.0,3.5,2,Kart,0,20,1
Ev,740.0,0.3,4,0,0,,43.0,4.6,2,Kart,0,7,0
Ev,1010.0,0.0,2,0,5,0.11,33.0,3.8,7,Kart,0,21,0
Ayakkabi,1530.0,0.1,4,0,5,0.18,18.0,,2,Kart,0,21,1
Elektronik,5900.0,0.0,3,0,2,0.13,39.0,4.6,6,Kart,0,18,0
Giyim,490.0,0.1,1,0,2,0.13,39.0,,2,Kart,0,0,1
Giyim,890.0,0.0,3,0,12,0.1,28.0,4.4,5,Kart,0,16,1
Elektronik,2990.0,0.1,2,0,15,0.14,36.0,4.2,3,Kart,0,1,1
Giyim,500.0,0.1,2,1,2,0.07,,3.7,3,Kart,0,1,0
Giyim,510.0,0.0,2,0,2,0.21,25.0,4.8,4,Kart,0,10,0
Giyim,400.0,0.0,2,1,7,0.15,44.0,4.7,3,Kapida odeme,0,3,0
Giyim,1030.0,0.0,2,1,3,0.14,47.0,4.0,3,Kart,0,10,0
Elektronik,2910.0,0.2,3,0,2,0.12,36.0,2.7,3,Kart,1,6,0
Elektronik,3290.0,0.0,4,0,0,,22.0,4.7,4,Kart,0,7,0
Ayakkabi,2460.0,0.0,3,1,0,,47.0,3.4,2,Kart,0,1,1
Giyim,500.0,0.0,4,0,39,0.46,,4.4,4,Kart,1,0,1
Ayakkabi,1290.0,0.1,2,0,4,0.13,39.0,3.9,2,Kart,0,4,0
Ayakkabi,890.0,0.2,1,1,1,0.17,33.0,4.4,3,Kart,1,6,0
Ev,1310.0,0.0,3,0,1,0.31,46.0,3.7,4,Kart,0,3,0
Elektronik,6590.0,0.3,2,0,2,0.06,25.0,4.2,3,Kart,0,7,1
Ayakkabi,1950.0,0.2,6,1,18,0.15,43.0,3.4,7,Kart,1,23,1
Ayakkabi,1780.0,0.3,3,0,12,0.41,31.0,4.2,4,Kart,0,23,1
Kozmetik,360.0,0.2,3,0,0,,18.0,4.2,6,Kart,1,19,0
Ev,710.0,0.0,2,0,3,0.16,24.0,4.5,3,Kapida odeme,0,0,0
Ayakkabi,970.0,0.5,4,0,0,,38.0,4.0,4,Kart,0,1,1
Ayakkabi,2500.0,0.2,1,0,0,,36.0,4.3,2,Kart,1,15,1
Giyim,920.0,0.1,1,1,0,,38.0,4.0,4,Kart,1,1,0
Kozmetik,260.0,0.0,1,0,15,0.07,30.0,,4,Kart,1,23,0
Giyim,660.0,0.0,1,0,2,0.13,36.0,4.4,5,Kart,0,17,0
Giyim,570.0,0.1,2,0,4,0.05,40.0,4.6,2,Kart,1,14,1
Kozmetik,210.0,0.0,1,0,9,0.08,58.0,3.7,3,Kart,0,5,0
Ev,970.0,0.2,2,0,6,0.06,30.0,4.2,1,Kart,0,4,0
Giyim,540.0,0.0,1,0,6,0.16,44.0,4.3,5,Kart,0,21,0
Giyim,420.0,0.1,4,1,20,0.24,40.0,5.0,3,Kart,0,7,0
Giyim,330.0,0.0,2,0,8,0.14,35.0,5.0,3,Kart,0,23,0
Elektronik,2230.0,0.0,3,0,6,0.01,21.0,3.6,6,Kart,0,12,0
Giyim,550.0,0.0,3,1,0,,48.0,3.9,5,Kart,1,17,1
Kozmetik,340.0,0.3,1,0,1,0.17,36.0,3.1,6,Kart,0,21,0
Kozmetik,240.0,0.1,3,0,3,0.22,28.0,5.0,2,Kart,0,7,0
Elektronik,6030.0,0.5,1,0,1,0.49,25.0,4.3,3,Kart,0,21,0
Elektronik,4370.0,0.2,2,0,1,0.08,37.0,4.5,1,Kart,1,20,0
Giyim,840.0,0.2,3,0,1,0.04,25.0,4.1,6,Kart,0,8,1
Giyim,600.0,0.1,2,0,1,0.2,28.0,4.2,3,Kart,0,7,0
Ev,630.0,0.3,2,0,7,0.13,28.0,4.7,2,Kart,0,21,0
Giyim,680.0,0.5,1,0,2,0.01,34.0,3.7,4,Kart,1,12,0
Giyim,370.0,0.2,3,0,2,0.09,40.0,,2,Kapida odeme,0,16,1
Giyim,830.0,0.0,1,0,6,0.15,31.0,4.1,8,Kapida odeme,0,1,1
Giyim,430.0,0.2,3,0,4,0.13,32.0,4.2,3,Kart,0,6,1
Ayakkabi,2120.0,0.0,3,0,1,0.18,35.0,4.4,5,Kart,1,12,1
Ev,770.0,0.0,4,0,1,0.42,27.0,4.2,3,Kapida odeme,0,6,1
Ev,1450.0,0.2,4,0,0,,28.0,3.8,4,Kart,0,6,0
Elektronik,2720.0,0.3,2,0,1,0.33,29.0,4.0,3,Kart,1,13,0
Ev,660.0,0.0,2,0,3,0.15,,4.3,1,Kart,0,18,0
Ayakkabi,1660.0,0.0,2,0,7,0.19,50.0,4.5,2,Kapida odeme,1,13,1
Ev,1520.0,0.3,3,0,11,0.01,22.0,4.6,4,Kart,0,14,0
Ayakkabi,2960.0,0.0,4,0,2,0.02,36.0,4.1,1,Kapida odeme,0,6,1
Giyim,660.0,0.0,3,0,11,0.21,32.0,3.9,6,Kapida odeme,0,11,0
Kozmetik,800.0,0.2,2,0,16,0.18,32.0,3.8,2,Kapida odeme,0,14,0
Giyim,570.0,0.3,2,0,6,0.13,29.0,4.7,4,Kart,1,15,0
Giyim,1070.0,0.1,2,0,2,0.23,45.0,4.0,3,Kart,0,5,0
Giyim,430.0,0.1,1,0,0,,18.0,3.9,2,Kart,0,7,0
Ayakkabi,1690.0,0.0,1,0,7,0.36,23.0,4.3,2,Kart,0,7,0
Ayakkabi,490.0,0.0,1,0,3,0.06,,4.9,2,Kart,0,2,0
Ayakkabi,850.0,0.2,3,0,2,0.09,,3.8,5,Kart,0,16,1
Kozmetik,430.0,0.3,2,0,1,0.06,52.0,4.5,2,Kart,1,8,0
Giyim,360.0,0.0,3,1,0,,37.0,4.0,4,Kart,1,7,1
Ayakkabi,1700.0,0.0,1,1,3,0.35,39.0,4.2,3,Kart,0,14,1
Giyim,980.0,0.0,3,0,0,,18.0,4.6,3,Kart,0,8,1
Ev,720.0,0.0,1,0,0,,34.0,4.7,5,Kart,0,3,0
Giyim,420.0,0.0,5,0,5,0.1,,4.0,1,Kart,1,4,1
Giyim,530.0,0.0,2,1,15,0.14,29.0,4.5,6,Kart,1,12,0
Ayakkabi,910.0,0.2,1,0,3,0.04,33.0,4.3,3,Kapida odeme,0,9,1
Elektronik,4300.0,0.0,2,0,0,,46.0,4.4,5,Kart,0,18,0
Ev,940.0,0.2,3,0,4,0.17,49.0,4.8,2,Kart,0,6,0
Elektronik,3920.0,0.1,1,0,14,0.22,37.0,3.9,2,Kapida odeme,0,22,0
Ev,1910.0,0.3,3,0,0,,33.0,4.5,3,Kapida odeme,1,19,0
Ayakkabi,1010.0,0.5,2,0,0,,41.0,4.3,2,Kart,0,8,0
Giyim,1220.0,0.0,2,0,6,0.16,30.0,4.7,3,Kart,0,15,0
Giyim,410.0,0.0,2,0,0,,,,2,Kart,0,12,1
Giyim,670.0,0.2,1,1,3,0.11,29.0,,2,Kart,1,11,1
Giyim,1110.0,0.0,1,1,6,0.16,42.0,4.6,2,Kapida odeme,0,8,0
Ayakkabi,2330.0,0.0,1,1,5,0.18,34.0,3.9,2,Kart,0,17,0
Ayakkabi,1160.0,0.0,3,0,5,0.07,28.0,4.0,3,Kapida odeme,1,14,1
Elektronik,5780.0,0.3,1,0,3,0.21,38.0,3.9,5,Kart,0,22,0
Ayakkabi,1690.0,0.0,2,0,6,0.18,30.0,3.9,3,Kart,0,1,1
Elektronik,3530.0,0.1,2,0,9,0.13,44.0,3.0,5,Kart,0,5,0
Elektronik,5940.0,0.0,3,0,10,0.07,,4.0,2,Kart,1,1,0
Giyim,1500.0,0.2,7,0,0,,36.0,4.2,4,Kapida odeme,0,2,1
Giyim,800.0,0.0,1,1,0,,,4.5,3,Kart,1,13,0
Elektronik,5810.0,0.3,3,0,6,0.12,46.0,3.8,3,Kart,0,14,0
Elektronik,6090.0,0.2,1,0,10,0.13,41.0,,6,Kart,0,8,0
Giyim,340.0,0.0,1,1,14,0.16,34.0,4.1,1,Kart,1,3,0
Giyim,800.0,0.0,2,0,0,,34.0,4.5,4,Kart,0,10,0
Ev,570.0,0.3,1,0,7,0.18,51.0,4.3,4,Kart,1,9,0
Elektronik,3450.0,0.2,1,0,0,,42.0,4.4,7,Kart,0,11,0
Giyim,1720.0,0.0,2,1,1,0.14,26.0,4.6,3,Kart,0,1,0
Ayakkabi,1250.0,0.0,1,1,3,0.07,43.0,4.4,3,Kapida odeme,0,10,1
Kozmetik,250.0,0.0,2,0,7,0.08,28.0,3.9,3,Kart,0,23,0
Giyim,1090.0,0.0,1,0,6,0.28,36.0,5.0,6,Kapida odeme,0,3,0
Ev,590.0,0.0,2,0,0,,18.0,3.3,1,Kart,0,14,1
Giyim,530.0,0.0,1,1,3,0.05,42.0,,4,Kart,1,22,0
Ayakkabi,2460.0,0.0,3,0,4,0.05,27.0,,5,Kart,0,10,1
Ayakkabi,1430.0,0.3,1,0,0,,32.0,,2,Kart,0,4,1
Giyim,320.0,0.2,2,1,46,0.09,20.0,,7,Kart,0,15,1
Kozmetik,450.0,0.3,4,0,1,0.23,36.0,4.0,4,Kapida odeme,0,8,0
Ayakkabi,1170.0,0.1,1,1,3,0.11,,3.7,5,Kart,0,2,0
Kozmetik,700.0,0.1,4,0,1,0.26,21.0,3.7,2,Kart,0,10,0
Giyim,490.0,0.0,1,1,0,,,4.1,6,Kart,1,18,0
Ev,1440.0,0.2,1,0,3,0.16,31.0,3.8,2,Kart,0,16,0
Kozmetik,780.0,0.0,3,0,1,0.14,46.0,3.9,2,Kart,0,5,0
Elektronik,3070.0,0.1,2,0,3,0.46,27.0,3.7,3,Kart,0,2,0
Giyim,600.0,0.5,3,0,0,,39.0,4.7,3,Kapida odeme,0,19,1
Ev,1070.0,0.3,4,0,6,0.13,19.0,3.9,2,Kart,0,5,0
Elektronik,3060.0,0.0,1,0,1,0.06,35.0,4.4,4,Kart,1,15,0
Kozmetik,400.0,0.2,1,0,5,0.51,38.0,4.1,2,Kart,1,20,0
Ayakkabi,1270.0,0.0,1,0,8,0.02,,4.4,7,Kart,1,21,0
Giyim,580.0,0.0,3,1,5,0.23,33.0,4.1,2,Kapida odeme,0,15,0
Giyim,660.0,0.0,4,1,2,0.12,51.0,4.5,2,Kart,1,0,0
Ev,930.0,0.0,1,0,8,0.13,30.0,4.5,3,Kart,0,0,0
Kozmetik,380.0,0.2,5,0,2,0.06,39.0,4.7,5,Kapida odeme,0,20,0
Giyim,500.0,0.0,2,0,0,,31.0,3.9,4,Kapida odeme,1,17,1
Ev,700.0,0.0,2,0,18,0.18,26.0,3.8,3,Kart,0,12,0
Kozmetik,330.0,0.5,1,0,2,0.26,22.0,4.0,4,Kapida odeme,0,8,0
Giyim,640.0,0.1,1,1,4,0.35,25.0,4.3,4,Kart,0,9,0
Giyim,530.0,0.0,3,1,8,0.1,40.0,,4,Kart,0,18,1
Ev,1040.0,0.1,2,0,2,0.54,47.0,3.9,5,Kart,0,5,0
Elektronik,1990.0,0.1,2,0,1,0.26,40.0,4.3,3,Kart,0,2,0
Giyim,470.0,0.1,3,0,19,0.12,31.0,4.1,1,Kart,0,11,1
Ev,790.0,0.1,3,0,9,0.21,28.0,4.1,3,Kart,0,9,0
Ayakkabi,950.0,0.3,2,1,5,0.02,36.0,4.2,2,Kapida odeme,1,18,0
Kozmetik,730.0,0.0,3,0,8,0.18,24.0,4.9,3,Kart,1,11,0
Ev,910.0,0.1,2,0,1,0.42,43.0,4.6,4,Kart,0,7,0
Ev,970.0,0.0,2,0,2,0.04,38.0,4.7,5,Kart,0,21,0
Ayakkabi,1130.0,0.3,2,0,2,0.1,24.0,,3,Kart,0,14,0
Giyim,650.0,0.0,1,0,2,0.33,,5.0,3,Kart,1,22,0
Ayakkabi,810.0,0.0,1,1,8,0.06,22.0,,2,Kart,0,14,0
Giyim,600.0,0.5,2,1,1,0.08,35.0,3.6,5,Kart,0,10,1
Elektronik,2950.0,0.1,1,0,7,0.13,42.0,4.5,2,Kart,0,23,0
Giyim,570.0,0.0,2,0,4,0.04,41.0,4.4,5,Kart,0,12,0
Ayakkabi,440.0,0.0,3,0,4,0.35,28.0,4.5,2,Kart,0,16,1
Giyim,390.0,0.0,1,0,4,0.07,30.0,3.5,6,Kapida odeme,0,9,1
Giyim,1260.0,0.5,1,1,3,0.18,24.0,3.5,7,Kart,0,6,0
Giyim,940.0,0.0,3,1,3,0.02,36.0,4.2,2,Kart,0,6,0
Elektronik,8150.0,0.0,2,0,8,0.19,42.0,3.4,7,Kart,0,9,0
Ev,1680.0,0.1,2,0,12,0.07,,4.5,3,Kart,1,8,0
Giyim,880.0,0.0,1,1,0,,40.0,4.3,6,Kart,0,17,0
Ev,730.0,0.0,2,0,0,,,5.0,2,Kart,1,20,0
Ev,560.0,0.3,4,0,0,,33.0,4.4,5,Kart,0,15,0
Giyim,1090.0,0.0,1,0,7,0.08,23.0,4.5,4,Kart,0,20,0
Elektronik,4630.0,0.3,2,0,6,0.26,28.0,,3,Kart,0,21,1
Ayakkabi,4300.0,0.2,1,1,1,0.15,54.0,4.2,4,Kapida odeme,0,19,0
Giyim,550.0,0.0,2,0,5,0.03,31.0,4.3,5,Kart,0,17,0
Ayakkabi,3400.0,0.2,3,1,0,,34.0,4.2,4,Kart,1,0,0
Giyim,610.0,0.2,2,1,0,,25.0,3.1,4,Kapida odeme,0,10,1
Ev,1640.0,0.1,3,0,6,0.09,,4.7,3,Kart,1,8,0
Kozmetik,750.0,0.1,2,0,0,,39.0,4.7,5,Kart,1,4,0
Ev,570.0,0.0,1,0,3,0.19,34.0,4.6,3,Kart,0,16,0
Elektronik,3620.0,0.0,2,0,2,0.27,43.0,4.2,4,Kart,0,17,0
Elektronik,2830.0,0.2,1,0,0,,,4.1,1,Kart,0,23,0
Kozmetik,200.0,0.0,1,0,10,0.18,32.0,3.7,1,Kart,0,17,0
Giyim,880.0,0.0,4,0,7,0.24,33.0,3.6,5,Kart,1,0,1
Giyim,590.0,0.1,3,1,1,0.11,19.0,3.9,6,Kart,0,4,1
Elektronik,4610.0,0.0,2,0,10,0.2,30.0,4.3,3,Kart,1,0,0
Giyim,830.0,0.2,3,1,6,0.24,29.0,4.4,5,Kart,0,4,0
Giyim,280.0,0.3,1,0,4,0.15,37.0,4.0,2,Kapida odeme,0,3,1
Giyim,1160.0,0.3,3,0,0,,32.0,3.6,3,Kapida odeme,0,22,1
Elektronik,3850.0,0.0,2,0,7,0.13,41.0,3.9,3,Kart,0,22,0
Giyim,830.0,0.0,3,0,5,0.05,,4.1,3,Kapida odeme,0,7,1
Giyim,860.0,0.3,3,1,12,0.12,26.0,3.5,8,Kapida odeme,1,9,1
Giyim,1200.0,0.0,3,0,1,0.11,49.0,4.3,4,Kart,0,19,1
Ayakkabi,1340.0,0.2,1,1,4,0.18,30.0,4.9,7,Kart,0,8,0
Ev,350.0,0.1,1,0,3,0.09,40.0,3.8,1,Kart,0,8,0
Giyim,670.0,0.0,3,0,0,,21.0,5.0,3,Kart,0,10,0
Elektronik,4930.0,0.0,1,0,27,0.18,42.0,3.9,4,Kart,0,2,0
Ev,570.0,0.2,2,0,5,0.52,18.0,4.1,6,Kart,0,2,1
Giyim,690.0,0.0,2,1,2,0.22,53.0,,4,Kart,1,18,0
Ev,770.0,0.3,3,0,2,0.09,41.0,4.2,6,Kart,0,20,0
Ev,490.0,0.1,1,0,4,0.04,32.0,3.4,1,Kart,1,3,0
Elektronik,6090.0,0.0,1,0,1,0.1,40.0,4.3,2,Kart,0,11,0
Giyim,500.0,0.2,3,1,8,0.17,21.0,4.2,2,Kart,0,9,1
Giyim,540.0,0.0,3,1,2,0.14,,4.1,4,Kart,1,11,0
Kozmetik,280.0,0.0,3,0,3,0.07,41.0,4.2,2,Kart,0,15,0
Ev,1570.0,0.5,2,0,5,0.24,40.0,4.4,2,Kart,0,19,0
Kozmetik,340.0,0.2,1,0,9,0.05,34.0,3.8,3,Kart,0,12,0
Kozmetik,360.0,0.1,1,0,20,0.26,37.0,4.4,1,Kart,0,4,0
Giyim,530.0,0.3,1,0,1,0.1,45.0,3.9,7,Kart,0,22,0
Ev,1110.0,0.1,3,0,3,0.1,41.0,4.9,5,Kart,0,6,0
Ayakkabi,2570.0,0.0,1,0,8,0.44,18.0,4.7,3,Kapida odeme,0,8,1
Ev,1200.0,0.0,2,0,8,0.05,34.0,3.8,2,Kart,0,7,0
Giyim,890.0,0.0,1,0,5,0.15,34.0,,5,Kart,0,23,0
Giyim,850.0,0.0,1,0,5,0.13,21.0,4.4,1,Kart,0,6,1
Ev,480.0,0.1,3,0,1,0.13,,4.4,5,Kart,1,7,0
Ev,610.0,0.2,1,0,0,,49.0,4.1,5,Kapida odeme,0,8,0
Elektronik,4100.0,0.0,1,0,0,,27.0,,4,Kart,1,10,0
Giyim,470.0,0.1,2,1,10,0.18,30.0,4.1,6,Kapida odeme,0,18,0
Giyim,400.0,0.3,4,0,0,,26.0,3.8,4,Kart,0,18,1
Kozmetik,150.0,0.5,3,0,4,0.56,38.0,3.4,6,Kapida odeme,1,20,0
Ayakkabi,760.0,0.0,2,0,13,0.1,37.0,3.9,1,Kart,0,5,0
Ayakkabi,1250.0,0.3,2,0,0,,,3.9,2,Kart,0,2,1
Elektronik,4360.0,0.3,2,0,17,0.26,29.0,3.7,3,Kart,0,21,1
Ayakkabi,980.0,0.0,3,0,8,0.39,39.0,4.5,4,Kart,0,0,0
Elektronik,4660.0,0.0,2,0,1,0.04,,4.3,3,Kart,1,7,0
Ayakkabi,1150.0,0.0,2,0,0,,20.0,3.9,1,Kart,0,5,0
Ev,1470.0,0.2,2,0,13,0.13,47.0,4.1,1,Kart,1,22,0
Kozmetik,330.0,0.1,2,0,6,0.14,45.0,4.3,9,Kart,0,21,1
Kozmetik,480.0,0.1,3,0,18,0.27,38.0,3.9,4,Kart,0,3,0
Elektronik,4930.0,0.2,2,0,5,0.21,45.0,3.1,3,Kart,0,5,0
Ayakkabi,740.0,0.0,1,0,5,0.15,23.0,4.7,5,Kart,0,17,0
Ev,860.0,0.0,2,0,5,0.25,51.0,4.1,5,Kart,0,19,0
Ev,520.0,0.3,3,0,1,0.57,24.0,4.3,1,Kart,0,19,0
Elektronik,4290.0,0.5,1,0,2,0.14,37.0,4.3,6,Kart,0,2,0
Ev,640.0,0.2,2,0,2,0.09,62.0,3.6,3,Kart,0,21,0
Ev,1070.0,0.0,3,0,4,0.13,25.0,3.9,4,Kart,1,4,0
Elektronik,2460.0,0.0,3,0,7,0.01,47.0,4.2,2,Kart,0,7,0
Ev,910.0,0.0,3,0,1,0.25,44.0,4.1,3,Kart,1,10,0
Giyim,840.0,0.0,4,1,3,0.19,29.0,,2,Kart,0,2,0
Ayakkabi,2110.0,0.0,2,0,0,,55.0,4.4,4,Kart,1,15,1
Elektronik,3190.0,0.3,1,0,5,0.51,25.0,4.5,2,Kapida odeme,1,3,0
Giyim,660.0,0.2,5,0,1,0.26,34.0,4.0,3,Kapida odeme,0,11,1
Ev,980.0,0.0,4,0,6,0.04,40.0,,3,Kapida odeme,0,7,0
Elektronik,9030.0,0.0,3,0,12,0.24,,4.4,6,Kart,0,4,1
Giyim,330.0,0.0,2,1,3,0.23,65.0,4.4,2,Kart,0,10,0
Ev,600.0,0.1,1,0,3,0.2,21.0,4.0,2,Kart,0,3,0
Ev,3180.0,0.2,4,0,8,0.09,50.0,,3,Kart,0,23,1
Ev,800.0,0.0,1,0,26,0.1,,4.6,1,Kart,0,7,0
Ayakkabi,600.0,0.3,5,0,2,0.06,18.0,,2,Kart,0,20,1
Ev,690.0,0.0,2,0,0,,35.0,3.6,2,Kapida odeme,0,16,0
Ayakkabi,400.0,0.0,3,1,7,0.08,41.0,4.0,3,Kart,0,3,0
Elektronik,5020.0,0.5,3,0,0,,49.0,4.2,4,Kart,1,1,1
Giyim,940.0,0.0,1,1,9,0.17,50.0,4.2,7,Kart,1,8,0
Elektronik,2990.0,0.0,4,0,0,,36.0,4.4,6,Kart,0,23,0
Ev,730.0,0.1,2,0,2,0.19,39.0,4.3,6,Kart,0,13,0
Elektronik,6820.0,0.0,2,0,4,0.07,36.0,4.2,4,Kart,0,4,0
Ayakkabi,640.0,0.0,2,0,4,0.25,49.0,4.1,2,Kart,0,0,0
Ev,500.0,0.0,1,0,0,,22.0,,4,Kart,0,15,0
Ev,810.0,0.0,2,0,5,0.07,27.0,4.7,4,Kart,0,10,0
Giyim,460.0,0.1,1,0,0,,43.0,4.1,2,Kart,0,16,1
Kozmetik,310.0,0.0,1,0,7,0.17,45.0,4.4,3,Kart,0,3,0
Ev,510.0,0.2,4,0,17,0.06,47.0,4.1,2,Kart,1,14,0
Kozmetik,390.0,0.3,4,0,2,0.29,33.0,3.7,1,Kart,0,20,0
Kozmetik,330.0,0.0,1,0,3,0.47,29.0,3.4,11,Kart,0,10,1
Kozmetik,450.0,0.0,1,0,7,0.05,41.0,4.7,4,Kapida odeme,0,12,0
Ev,980.0,0.0,2,0,4,0.21,23.0,4.6,3,Kart,0,8,0
Elektronik,4940.0,0.0,2,0,3,0.09,51.0,4.4,1,Kart,0,22,0
Giyim,340.0,0.0,4,0,3,0.18,29.0,4.6,3,Kapida odeme,0,1,1
Elektronik,5620.0,0.2,3,0,2,0.17,31.0,3.8,2,Kart,0,10,0
Ev,780.0,0.0,2,0,16,0.07,42.0,4.6,1,Kapida odeme,1,9,0
Ayakkabi,1300.0,0.1,2,0,1,0.22,27.0,4.4,5,Kart,1,19,0
Ev,1440.0,0.2,2,0,8,0.53,23.0,4.0,6,Kart,0,6,0
Giyim,470.0,0.3,2,0,4,0.11,46.0,3.2,3,Kart,1,21,0
Ayakkabi,2570.0,0.0,2,1,5,0.08,24.0,3.6,2,Kapida odeme,0,10,0
Ayakkabi,2680.0,0.0,4,0,0,,37.0,5.0,3,Kart,0,1,0
Ayakkabi,1960.0,0.5,3,0,8,0.12,34.0,5.0,5,Kart,0,16,0
Giyim,420.0,0.0,5,1,0,,18.0,3.6,7,Kart,0,1,1
Giyim,240.0,0.2,1,0,5,0.19,24.0,3.3,2,Kart,0,8,1
Ev,1460.0,0.2,4,0,8,0.32,38.0,,4,Kart,0,10,1
Ayakkabi,1470.0,0.1,2,0,7,0.07,46.0,4.2,6,Kart,0,12,1
Giyim,460.0,0.0,3,0,9,0.1,26.0,3.9,4,Kart,0,2,1
Giyim,1100.0,0.0,2,0,4,0.22,25.0,3.6,4,Kapida odeme,0,22,1
Ayakkabi,950.0,0.1,3,0,15,0.01,40.0,3.6,2,Kapida odeme,1,15,1
Giyim,540.0,0.1,3,1,3,0.08,42.0,4.8,3,Kart,0,3,0
Ev,1140.0,0.2,2,0,1,0.05,43.0,4.3,2,Kart,0,3,0
Ev,550.0,0.2,4,0,10,0.07,36.0,3.4,2,Kart,0,20,0
Giyim,620.0,0.3,1,0,5,0.25,29.0,3.9,3,Kart,0,21,0
Elektronik,7350.0,0.5,1,0,0,,42.0,4.9,2,Kapida odeme,0,6,0
Giyim,710.0,0.2,3,0,7,0.25,33.0,4.3,5,Kart,0,6,0
Giyim,1140.0,0.0,3,1,1,0.23,41.0,3.6,3,Kart,0,11,1
Kozmetik,580.0,0.0,3,0,2,0.03,,3.9,6,Kart,0,9,0
Elektronik,4520.0,0.1,2,0,2,0.41,32.0,4.2,2,Kart,1,4,0
Kozmetik,120.0,0.1,5,0,0,,39.0,4.6,3,Kart,0,20,0
Giyim,400.0,0.0,2,0,4,0.08,18.0,4.2,3,Kart,1,5,0
Giyim,920.0,0.1,2,1,13,0.3,47.0,,7,Kart,0,15,0
Ayakkabi,700.0,0.0,2,0,7,0.02,33.0,4.3,2,Kapida odeme,0,2,0
Ayakkabi,1210.0,0.0,3,0,5,0.21,,3.2,4,Kart,1,21,1
Kozmetik,410.0,0.3,2,0,4,0.12,36.0,4.4,3,Kart,0,8,0
Giyim,1260.0,0.0,3,0,6,0.4,30.0,4.1,3,Kart,0,17,1
Ev,690.0,0.1,2,0,2,0.19,24.0,4.0,4,Kart,0,3,0
Ev,670.0,0.1,1,0,2,0.46,54.0,4.4,2,Kart,1,12,0
Elektronik,4400.0,0.1,2,0,4,0.15,42.0,4.1,3,Kart,1,11,0
Giyim,760.0,0.0,5,0,3,0.31,32.0,4.3,4,Kart,0,13,0
Ayakkabi,1310.0,0.1,1,1,8,0.03,35.0,4.0,3,Kart,0,20,0
Giyim,1040.0,0.0,3,0,8,0.17,37.0,,3,Kapida odeme,0,10,1
Ev,630.0,0.2,1,0,19,0.18,18.0,4.7,4,Kapida odeme,0,20,0
Ayakkabi,1480.0,0.0,2,0,6,0.12,,4.3,3,Kart,0,15,1
Kozmetik,430.0,0.5,3,0,3,0.08,34.0,4.4,3,Kart,0,21,0
Elektronik,3760.0,0.2,1,0,0,,52.0,3.9,5,Kart,1,2,0
Ayakkabi,2040.0,0.0,3,0,4,0.31,26.0,4.7,8,Kapida odeme,1,11,1
Ev,960.0,0.0,2,0,4,0.27,40.0,4.3,3,Kart,0,5,0
Ayakkabi,2000.0,0.0,1,1,6,0.08,22.0,4.0,3,Kart,0,1,0
Kozmetik,380.0,0.2,2,0,9,0.08,18.0,4.8,2,Kart,0,4,0
Giyim,770.0,0.2,5,1,1,0.02,,4.0,4,Kart,1,12,0
Kozmetik,260.0,0.2,1,0,5,0.34,36.0,4.3,2,Kart,1,13,0
Ev,680.0,0.3,2,0,9,0.3,29.0,3.7,3,Kart,1,10,0
Ev,1560.0,0.1,2,0,2,0.07,18.0,,4,Kart,0,18,0
Ayakkabi,1860.0,0.2,2,1,9,0.06,29.0,4.5,7,Kart,0,23,0
Ev,570.0,0.0,1,0,19,0.29,,4.2,3,Kart,0,3,0
Giyim,710.0,0.1,3,0,7,0.15,23.0,4.2,5,Kart,0,11,1
Ev,310.0,0.1,3,0,10,0.14,35.0,4.2,3,Kart,0,20,0
Giyim,500.0,0.2,2,0,7,0.18,28.0,4.2,3,Kart,0,17,0
Giyim,1000.0,0.0,2,0,36,0.33,22.0,4.0,2,Kapida odeme,0,10,0
Ayakkabi,1320.0,0.0,1,0,4,0.13,33.0,4.0,5,Kapida odeme,0,23,0
Giyim,690.0,0.0,2,0,3,0.06,18.0,4.1,2,Kart,0,22,0
Ayakkabi,360.0,0.5,2,1,8,0.14,39.0,,3,Kart,0,16,0
Ev,750.0,0.1,2,0,13,0.18,35.0,4.4,5,Kart,0,2,0
Giyim,760.0,0.0,1,1,2,0.11,40.0,4.4,1,Kart,0,20,0
Ev,1110.0,0.0,2,0,17,0.13,45.0,4.8,3,Kart,0,19,0
Giyim,1000.0,0.1,3,0,2,0.15,31.0,4.5,1,Kart,0,23,0
Ev,820.0,0.3,2,0,17,0.21,18.0,3.8,4,Kapida odeme,0,5,0
Ev,840.0,0.5,6,0,0,,31.0,3.9,1,Kart,0,20,0
Ayakkabi,770.0,0.3,1,0,16,0.17,23.0,4.6,3,Kapida odeme,0,9,0
Ev,820.0,0.3,1,0,5,0.04,48.0,,3,Kart,1,17,0
Kozmetik,200.0,0.0,2,0,1,0.43,30.0,4.7,5,Kart,1,2,0
Ev,390.0,0.0,3,0,6,0.05,42.0,,6,Kart,0,8,1
Ayakkabi,860.0,0.1,1,1,3,0.31,49.0,4.1,3,Kart,0,15,0
Ayakkabi,2760.0,0.2,1,1,11,0.15,27.0,4.4,4,Kart,0,15,0
Ev,800.0,0.0,3,0,12,0.27,35.0,3.6,2,Kart,0,7,0
Giyim,720.0,0.2,1,0,0,,34.0,,2,Kapida odeme,1,23,1
Ev,710.0,0.0,2,0,8,0.11,,5.0,4,Kart,0,0,0
Giyim,290.0,0.0,2,0,0,,47.0,,5,Kart,0,7,1
Ev,1370.0,0.0,1,0,7,0.1,23.0,,1,Kart,0,21,0
Giyim,240.0,0.3,4,1,1,0.52,28.0,4.1,3,Kapida odeme,1,5,1
Giyim,510.0,0.2,4,0,1,0.21,29.0,4.9,4,Kart,0,3,0
Kozmetik,340.0,0.1,2,0,1,0.06,26.0,3.7,2,Kapida odeme,0,18,0
Ev,1000.0,0.3,3,0,0,,31.0,4.5,3,Kart,0,23,0
Kozmetik,250.0,0.3,1,0,7,0.09,29.0,4.0,5,Kart,1,1,0
Kozmetik,150.0,0.0,1,0,11,0.05,34.0,3.9,4,Kart,0,1,0
Ayakkabi,980.0,0.2,1,0,1,0.38,33.0,3.4,2,Kart,0,16,1
Giyim,460.0,0.0,2,0,5,0.3,46.0,5.0,2,Kart,0,15,1
Giyim,460.0,0.1,1,1,1,0.02,26.0,4.5,1,Kapida odeme,0,14,0
Ayakkabi,2170.0,0.0,2,1,11,0.13,,,3,Kart,0,23,1
Giyim,380.0,0.0,3,1,2,0.11,29.0,3.6,6,Kart,0,14,1
Kozmetik,400.0,0.1,3,0,3,0.07,28.0,3.9,2,Kart,0,1,0
Giyim,700.0,0.0,3,0,0,,49.0,4.4,2,Kart,0,9,1
Giyim,1000.0,0.1,3,0,12,0.01,42.0,4.1,5,Kart,0,11,0
Giyim,610.0,0.2,2,1,2,0.06,47.0,3.8,3,Kart,0,1,0
Giyim,930.0,0.1,2,1,1,0.04,44.0,4.2,3,Kart,0,18,0
Giyim,600.0,0.0,1,1,7,0.12,18.0,4.8,5,Kart,0,14,0
Elektronik,5470.0,0.0,2,0,21,0.1,25.0,4.5,4,Kart,0,16,0
Giyim,330.0,0.0,2,0,3,0.2,19.0,3.4,3,Kart,0,6,1
Elektronik,1370.0,0.3,5,0,1,0.35,50.0,3.7,4,Kart,0,11,0
Kozmetik,410.0,0.3,2,0,14,0.06,42.0,4.1,2,Kart,0,11,0
Elektronik,5460.0,0.0,1,0,6,0.1,38.0,4.3,2,Kart,0,6,0
Ev,1110.0,0.2,2,0,5,0.28,28.0,4.8,2,Kart,0,15,0
Ayakkabi,1110.0,0.1,2,0,4,0.22,29.0,4.2,2,Kart,0,11,0
Giyim,1270.0,0.5,2,0,0,,25.0,4.4,1,Kart,0,5,1
Giyim,530.0,0.0,1,0,5,0.33,40.0,3.2,4,Kart,0,21,1
Kozmetik,420.0,0.1,1,0,3,0.22,35.0,4.0,2,Kart,0,3,0
Elektronik,5880.0,0.1,2,0,2,0.05,41.0,4.5,4,Kart,0,5,0
Giyim,1410.0,0.0,1,0,10,0.52,38.0,5.0,4,Kapida odeme,0,6,1
Ayakkabi,1210.0,0.0,1,1,5,0.26,,3.6,4,Kapida odeme,0,4,0
Ev,670.0,0.0,3,0,5,0.2,39.0,4.1,3,Kart,0,15,0
Elektronik,2290.0,0.1,3,0,4,0.43,45.0,,5,Kart,0,0,1
Elektronik,9050.0,0.2,1,0,5,0.19,41.0,4.1,3,Kart,0,17,0
Kozmetik,420.0,0.2,3,0,3,0.11,29.0,4.7,1,Kart,0,16,0
Elektronik,5520.0,0.0,5,0,0,,39.0,4.6,5,Kart,0,1,0
Elektronik,18290.0,0.3,2,0,7,0.09,37.0,4.2,3,Kart,1,14,1
Giyim,750.0,0.0,3,0,0,,32.0,4.1,3,Kapida odeme,0,6,1
Giyim,360.0,0.5,3,1,2,0.25,34.0,5.0,2,Kart,0,15,0
Kozmetik,320.0,0.0,2,0,6,0.3,44.0,4.1,4,Kart,0,22,0
Elektronik,2900.0,0.3,1,0,3,0.03,39.0,4.0,5,Kart,1,15,0
Ayakkabi,1170.0,0.3,2,1,14,0.08,43.0,3.9,3,Kart,0,3,0
Elektronik,3750.0,0.3,4,0,0,,34.0,3.5,4,Kart,0,11,0
Giyim,500.0,0.3,4,0,6,0.23,45.0,4.4,4,Kart,0,21,0
Ev,480.0,0.0,2,0,3,0.04,42.0,4.5,6,Kart,0,12,0
Giyim,1330.0,0.2,1,0,0,,26.0,4.5,3,Kart,0,0,0
Ev,1030.0,0.1,4,0,0,,30.0,4.5,1,Kapida odeme,1,20,0
Elektronik,4070.0,0.0,2,0,9,0.3,26.0,3.9,5,Kart,0,13,0
Giyim,910.0,0.5,3,1,1,0.12,23.0,4.1,4,Kart,0,9,0
Giyim,800.0,0.0,2,1,0,,61.0,4.7,6,Kapida odeme,0,20,1
Ev,1020.0,0.0,3,0,5,0.16,,4.0,6,Kart,1,8,0
Giyim,880.0,0.3,2,1,8,0.17,46.0,3.9,2,Kart,0,22,0
Giyim,690.0,0.0,1,1,0,,38.0,4.6,3,Kart,0,14,0
Ev,1220.0,0.0,3,0,4,0.07,29.0,3.8,4,Kart,1,10,0
Ayakkabi,1960.0,0.0,1,1,4,0.05,23.0,3.7,3,Kart,0,3,0
Ayakkabi,1510.0,0.2,6,1,2,0.45,32.0,3.7,6,Kart,0,23,1
Giyim,590.0,0.3,1,1,9,0.35,27.0,5.0,5,Kart,0,22,0
Ev,1790.0,0.0,4,0,0,,41.0,,3,Kapida odeme,0,23,1
Giyim,520.0,0.1,3,1,7,0.03,,4.5,2,Kart,1,4,0
Giyim,780.0,0.1,5,0,6,0.29,43.0,3.8,4,Kapida odeme,0,5,1
Giyim,780.0,0.2,2,0,0,,36.0,4.4,1,Kart,0,20,1
Giyim,490.0,0.2,6,0,13,0.05,18.0,5.0,3,Kart,0,1,1
Giyim,450.0,0.5,2,1,5,0.13,32.0,4.4,1,Kart,0,3,0
Giyim,550.0,0.0,4,0,3,0.36,38.0,3.7,2,Kart,1,16,1
Giyim,520.0,0.0,2,0,7,0.32,37.0,4.4,3,Kart,0,17,0
Ayakkabi,730.0,0.1,5,1,2,0.02,28.0,4.1,2,Kart,0,10,0
Ev,670.0,0.0,1,0,0,,29.0,4.3,7,Kart,0,20,0
Giyim,730.0,0.1,3,0,1,0.4,27.0,3.8,5,Kart,0,16,1
Giyim,1150.0,0.0,1,0,0,,18.0,3.9,5,Kart,1,4,1
Kozmetik,450.0,0.0,2,0,13,0.05,34.0,4.0,4,Kapida odeme,1,0,0
Kozmetik,110.0,0.5,2,0,8,0.33,42.0,3.8,5,Kart,0,8,0
Elektronik,6010.0,0.0,2,0,0,,29.0,4.2,9,Kart,0,2,0
Giyim,510.0,0.1,1,0,7,0.1,,3.9,1,Kart,0,23,0
Ayakkabi,1720.0,0.2,1,0,2,0.1,44.0,4.9,3,Kart,0,13,0
Giyim,650.0,0.0,1,0,14,0.3,48.0,4.4,4,Kart,0,21,0
Giyim,600.0,0.0,3,1,1,0.01,30.0,4.5,1,Kart,0,6,0
Ayakkabi,1340.0,0.0,3,1,1,0.45,25.0,,4,Kart,0,23,1
Elektronik,4450.0,0.1,1,0,6,0.27,33.0,3.3,4,Kart,0,10,0
Ayakkabi,2560.0,0.0,4,0,8,0.2,37.0,,2,Kart,0,17,1
Elektronik,4460.0,0.1,2,0,0,,30.0,4.2,5,Kart,0,10,0
Giyim,1060.0,0.0,2,1,3,0.02,18.0,4.4,5,Kapida odeme,0,2,0
Giyim,990.0,0.0,2,0,1,0.02,44.0,4.2,3,Kart,0,15,0
Ev,1220.0,0.0,1,0,1,0.01,36.0,3.2,4,Kart,1,11,0
Ev,400.0,0.0,2,0,4,0.47,49.0,4.0,5,Kart,0,11,0
Giyim,1070.0,0.0,2,0,9,0.33,34.0,3.8,7,Kart,0,18,0
Elektronik,3660.0,0.5,1,0,2,0.18,,4.3,3,Kart,0,19,0
Giyim,900.0,0.0,2,0,9,0.21,32.0,4.4,8,Kart,1,6,0
Giyim,420.0,0.1,3,0,1,0.12,28.0,5.0,2,Kart,0,1,0
Ev,530.0,0.1,2,0,3,0.05,29.0,,4,Kart,0,3,0
Giyim,1580.0,0.2,4,0,0,,52.0,3.9,3,Kart,0,2,0
Ayakkabi,910.0,0.1,3,0,0,,32.0,4.0,4,Kart,0,23,1
Ayakkabi,2340.0,0.0,1,0,8,0.02,50.0,,8,Kart,0,13,1
Giyim,690.0,0.1,1,0,9,0.15,29.0,4.6,2,Kart,0,0,0
Giyim,540.0,0.0,1,1,3,0.21,20.0,3.6,3,Kart,0,20,0
Giyim,640.0,0.2,1,0,5,0.02,41.0,4.1,4,Kapida odeme,0,3,0
Kozmetik,190.0,0.0,3,0,3,0.11,28.0,4.1,2,Kart,0,20,0
Elektronik,4470.0,0.2,5,0,0,,37.0,3.5,2,Kart,0,2,0
Ayakkabi,860.0,0.1,2,1,3,0.07,36.0,4.5,4,Kapida odeme,0,6,0
Giyim,540.0,0.2,1,0,19,0.22,36.0,4.3,6,Kapida odeme,0,22,1
Elektronik,6820.0,0.0,2,0,4,0.59,50.0,4.1,3,Kart,0,18,1
Giyim,730.0,0.2,1,0,3,0.15,37.0,4.3,5,Kart,0,15,0
Elektronik,2310.0,0.2,1,0,0,,35.0,,3,Kart,0,8,1
Ev,1320.0,0.1,2,0,0,,30.0,5.0,2,Kart,0,8,0
Ayakkabi,1400.0,0.0,4,0,5,0.08,39.0,4.5,3,Kart,0,13,1
Giyim,510.0,0.0,2,1,0,,38.0,3.7,3,Kart,0,8,1
Giyim,910.0,0.0,1,1,0,,30.0,5.0,3,Kart,0,2,1
Giyim,600.0,0.2,4,1,10,0.53,,,3,Kart,0,14,1
Ayakkabi,830.0,0.0,2,0,2,0.29,32.0,4.4,1,Kart,1,8,0
Kozmetik,800.0,0.2,4,0,22,0.17,40.0,,1,Kart,0,7,0
Giyim,640.0,0.2,1,0,3,0.16,21.0,4.1,4,Kart,0,22,0
Elektronik,4340.0,0.2,2,0,4,0.12,,4.4,2,Kart,0,12,0
Ev,750.0,0.2,1,0,1,0.34,27.0,4.4,2,Kart,0,15,0
Giyim,1110.0,0.1,3,0,4,0.04,41.0,4.8,1,Kapida odeme,0,19,0
Giyim,510.0,0.1,2,1,1,0.21,47.0,,4,Kart,0,7,0
Giyim,320.0,0.0,3,0,6,0.37,38.0,4.4,5,Kart,1,2,1
Elektronik,3320.0,0.3,1,0,2,0.38,46.0,4.5,3,Kart,1,8,1
Ayakkabi,2540.0,0.5,5,0,8,0.24,23.0,5.0,3,Kart,0,23,0
Ev,1310.0,0.1,1,0,2,0.08,33.0,4.4,6,Kart,0,1,0
Ev,800.0,0.5,3,0,7,0.2,28.0,3.7,1,Kart,1,2,1
Ev,1670.0,0.5,1,0,0,,27.0,4.8,3,Kart,0,5,0
Kozmetik,490.0,0.1,1,0,10,0.24,18.0,4.0,1,Kapida odeme,1,3,0
Ev,800.0,0.2,1,0,7,0.09,35.0,3.8,5,Kart,0,16,0
Ev,840.0,0.1,1,0,0,,43.0,4.8,6,Kart,0,21,0
Ev,1040.0,0.0,2,0,7,0.05,47.0,4.3,3,Kart,0,4,0
Ev,620.0,0.0,2,0,3,0.06,23.0,4.1,3,Kart,0,10,0
Ev,900.0,0.1,2,0,21,0.08,29.0,5.0,2,Kapida odeme,0,2,0
Kozmetik,400.0,0.2,1,0,2,0.3,27.0,4.0,3,Kart,0,0,0
Ayakkabi,660.0,0.0,1,1,2,0.18,26.0,4.0,3,Kart,0,13,0
Elektronik,4130.0,0.2,2,0,22,0.23,,4.4,5,Kart,0,2,0
Ayakkabi,1220.0,0.2,1,1,4,0.43,34.0,,4,Kart,0,11,1
Ev,1430.0,0.2,3,0,20,0.27,31.0,4.3,4,Kart,0,16,0
Ayakkabi,610.0,0.0,1,0,4,0.17,20.0,4.2,3,Kart,0,1,0
Ev,760.0,0.1,1,0,4,0.1,44.0,3.8,3,Kapida odeme,0,11,0
Ev,720.0,0.0,3,0,4,0.24,36.0,4.2,4,Kapida odeme,0,23,0
Kozmetik,540.0,0.0,4,0,3,0.32,38.0,4.3,2,Kart,1,18,1
Giyim,640.0,0.0,3,1,13,0.21,39.0,4.2,5,Kart,0,18,0
Ev,2020.0,0.0,5,0,10,0.2,40.0,4.6,4,Kart,1,1,0
Ev,1210.0,0.0,2,0,3,0.1,36.0,4.3,2,Kart,0,15,0
Kozmetik,290.0,0.1,3,0,3,0.08,,4.1,2,Kart,0,21,0
Kozmetik,390.0,0.0,4,0,6,0.08,49.0,4.5,4,Kart,0,11,0
Elektronik,3840.0,0.0,2,0,5,0.11,40.0,4.3,6,Kart,0,15,0
Elektronik,6620.0,0.3,2,0,4,0.13,25.0,5.0,4,Kapida odeme,0,15,0
Giyim,360.0,0.1,2,0,11,0.08,25.0,4.7,2,Kart,0,17,0
Kozmetik,240.0,0.5,1,0,1,0.06,54.0,4.0,2,Kart,0,10,0
Giyim,800.0,0.1,1,1,0,,32.0,3.4,7,Kart,0,22,1
Ev,1560.0,0.0,4,0,8,0.26,27.0,3.9,4,Kart,0,5,0
Ev,330.0,0.3,2,0,2,0.15,29.0,3.3,3,Kapida odeme,1,10,0
Ayakkabi,2600.0,0.3,1,1,17,0.12,39.0,4.5,2,Kart,0,16,0
Giyim,610.0,0.1,3,0,1,0.04,29.0,4.1,6,Kart,0,20,1
Giyim,280.0,0.1,4,1,11,0.26,,,7,Kart,0,23,1
Ev,230.0,0.1,3,0,7,0.03,57.0,4.5,5,Kart,0,8,0
Ayakkabi,700.0,0.1,2,1,2,0.04,18.0,4.0,3,Kart,0,11,0
Giyim,640.0,0.2,5,0,2,0.06,30.0,4.4,3,Kart,1,19,1
Ev,870.0,0.1,1,0,12,0.27,35.0,4.1,2,Kart,0,22,0
Giyim,860.0,0.0,1,1,3,0.06,18.0,4.2,2,Kart,0,13,0
Ev,700.0,0.0,4,0,0,,,,5,Kart,0,8,1
Giyim,390.0,0.0,4,1,0,,43.0,4.6,6,Kart,0,7,1
Giyim,540.0,0.0,1,0,4,0.13,20.0,4.8,4,Kart,1,6,0
Giyim,660.0,0.0,4,0,0,,33.0,4.4,6,Kart,0,18,1
Ayakkabi,1550.0,0.3,1,1,2,0.01,36.0,3.4,4,Kart,0,21,0
Ayakkabi,980.0,0.0,2,1,2,0.11,40.0,3.9,6,Kapida odeme,1,23,0
Ev,1350.0,0.0,1,0,3,0.19,61.0,3.5,4,Kart,0,15,0
Ayakkabi,1060.0,0.0,3,0,13,0.11,27.0,4.6,4,Kapida odeme,0,12,1
Giyim,440.0,0.1,2,1,2,0.4,39.0,4.2,5,Kapida odeme,0,10,0
Giyim,510.0,0.1,2,1,5,0.19,,,3,Kart,0,12,1
Giyim,1050.0,0.1,6,1,0,,31.0,,5,Kapida odeme,0,0,1
Kozmetik,330.0,0.5,3,0,1,0.17,34.0,,4,Kart,0,8,0
Giyim,480.0,0.5,1,1,3,0.22,38.0,,2,Kart,0,13,0
Kozmetik,530.0,0.3,3,0,0,,34.0,,4,Kart,0,0,0
Giyim,1700.0,0.3,2,1,0,,37.0,4.2,4,Kart,0,8,0
Giyim,710.0,0.0,3,0,1,0.12,33.0,4.4,4,Kart,0,3,1
Giyim,1130.0,0.1,6,0,10,0.13,,4.8,4,Kart,1,18,0
Giyim,1040.0,0.0,2,1,8,0.3,,4.4,2,Kart,0,0,0
Ev,690.0,0.2,2,0,1,0.28,44.0,3.9,4,Kart,0,8,0
Ayakkabi,1420.0,0.0,3,1,2,0.07,44.0,3.7,4,Kart,0,4,0
Giyim,360.0,0.0,2,0,12,0.54,41.0,4.1,3,Kart,1,22,1
Elektronik,4100.0,0.0,3,0,10,0.2,26.0,3.9,5,Kart,0,20,0
Elektronik,3390.0,0.1,2,0,11,0.08,,4.3,3,Kart,0,21,0
Kozmetik,290.0,0.2,2,0,1,0.13,43.0,4.0,1,Kart,0,18,0
Kozmetik,250.0,0.0,4,0,3,0.21,22.0,4.0,6,Kart,0,16,0
Ev,790.0,0.1,1,0,1,0.39,27.0,4.7,2,Kart,0,0,1
Ev,1140.0,0.0,2,0,1,0.11,55.0,4.9,3,Kart,0,12,0
Ev,850.0,0.2,1,0,3,0.18,39.0,3.9,7,Kart,0,17,0
Ayakkabi,610.0,0.0,4,0,3,0.12,36.0,4.0,3,Kart,0,15,1
Ev,640.0,0.0,3,0,10,0.25,18.0,4.1,1,Kart,0,1,0
Giyim,330.0,0.1,1,0,5,0.18,27.0,4.3,4,Kapida odeme,0,15,1
Ev,1000.0,0.1,1,0,14,0.28,42.0,4.4,3,Kapida odeme,0,19,0
Kozmetik,440.0,0.3,2,0,3,0.36,19.0,4.0,4,Kart,1,21,0
Giyim,730.0,0.1,2,1,19,0.51,38.0,4.4,5,Kart,1,12,0
Ev,630.0,0.5,1,0,15,0.08,20.0,4.0,3,Kart,1,5,0
Kozmetik,390.0,0.0,5,0,6,0.4,28.0,4.0,4,Kart,0,5,0
Giyim,530.0,0.0,2,0,2,0.31,18.0,3.8,3,Kart,0,4,1
Ayakkabi,840.0,0.5,4,0,1,0.12,35.0,4.7,6,Kart,0,12,1
Kozmetik,490.0,0.0,3,0,2,0.1,18.0,4.6,2,Kapida odeme,0,16,0
Kozmetik,510.0,0.2,1,0,5,0.37,33.0,4.4,5,Kart,0,19,0
Giyim,1000.0,0.0,2,0,12,0.07,,4.5,4,Kart,1,23,0
Giyim,490.0,0.1,2,0,1,0.13,36.0,4.7,4,Kapida odeme,0,0,0
Ev,1530.0,0.0,2,0,20,0.0,39.0,4.5,2,Kart,0,4,0
Giyim,520.0,0.1,2,0,10,0.14,36.0,4.5,5,Kapida odeme,0,12,0
Giyim,870.0,0.2,1,1,10,0.43,,4.0,2,Kart,0,20,1
Giyim,520.0,0.0,3,1,7,0.09,33.0,3.5,5,Kart,0,9,0
Giyim,590.0,0.0,1,0,8,0.25,,3.8,4,Kart,0,21,0
Elektronik,1510.0,0.0,2,0,14,0.21,23.0,5.0,4,Kapida odeme,0,20,0
Elektronik,3930.0,0.0,4,0,15,0.04,30.0,4.1,4,Kart,0,15,0
Elektronik,4690.0,0.0,2,0,0,,54.0,4.9,1,Kart,1,14,0
Ev,750.0,0.5,2,0,2,0.04,39.0,4.4,5,Kart,0,15,0
Ayakkabi,3090.0,0.0,2,0,7,0.39,46.0,4.2,7,Kapida odeme,0,14,1
Giyim,390.0,0.0,3,0,8,0.06,37.0,3.8,2,Kart,0,16,1
Giyim,500.0,0.1,6,1,6,0.2,27.0,3.9,4,Kapida odeme,1,5,0
Giyim,430.0,0.0,3,0,3,0.33,31.0,4.1,1,Kart,0,17,1
Giyim,500.0,0.0,3,0,0,,18.0,4.1,4,Kart,1,2,1
Giyim,1030.0,0.2,3,1,7,0.5,48.0,4.4,2,Kart,0,1,1
Giyim,1260.0,0.1,1,1,0,,43.0,3.9,5,Kart,0,0,0
Giyim,470.0,0.3,2,1,2,0.27,26.0,3.9,1,Kart,0,23,0
Elektronik,3250.0,0.0,1,0,9,0.16,42.0,4.6,3,Kart,0,14,0
Elektronik,2670.0,0.1,2,0,1,0.13,41.0,,4,Kart,0,13,1
Kozmetik,630.0,0.3,2,0,14,0.05,35.0,4.2,4,Kart,0,19,0
Ev,1490.0,0.3,1,0,7,0.12,39.0,4.4,5,Kart,0,7,0
Elektronik,4290.0,0.5,2,0,2,0.1,,4.1,2,Kart,0,20,0
Giyim,350.0,0.0,1,1,4,0.05,38.0,4.2,2,Kapida odeme,0,10,0
Elektronik,2500.0,0.5,2,0,5,0.1,36.0,4.1,4,Kart,0,7,0
Giyim,700.0,0.3,1,1,1,0.38,35.0,4.0,2,Kart,0,8,0
Ayakkabi,1790.0,0.2,2,0,2,0.53,28.0,4.4,4,Kart,0,23,1
Ayakkabi,550.0,0.2,3,0,0,,43.0,4.5,4,Kapida odeme,0,10,1
Ayakkabi,1210.0,0.5,3,0,1,0.27,54.0,4.1,2,Kapida odeme,1,3,1
Giyim,1350.0,0.0,3,0,5,0.21,23.0,3.9,3,Kart,0,19,1
Ev,820.0,0.2,2,0,0,,34.0,4.0,5,Kart,1,22,0
Ev,1760.0,0.2,3,0,3,0.21,27.0,4.5,4,Kart,0,12,0
Ev,1210.0,0.2,2,0,5,0.19,40.0,3.8,3,Kart,0,8,0
Elektronik,2760.0,0.2,1,0,6,0.04,,3.7,5,Kapida odeme,0,3,0
Elektronik,3940.0,0.0,4,0,10,0.19,35.0,4.3,1,Kapida odeme,0,12,0
Giyim,610.0,0.0,1,0,10,0.21,28.0,4.2,5,Kart,0,11,0
Ev,590.0,0.0,2,0,1,0.09,29.0,4.1,4,Kart,0,12,0
Elektronik,2910.0,0.2,4,0,14,0.23,,4.6,1,Kart,1,3,0
Giyim,1280.0,0.2,2,0,4,0.22,18.0,4.2,6,Kart,1,21,0
Giyim,420.0,0.3,3,1,2,0.08,46.0,3.9,5,Kart,1,1,1
Kozmetik,570.0,0.2,1,0,3,0.14,41.0,4.3,5,Kart,0,11,0
Elektronik,3700.0,0.1,1,0,1,0.12,47.0,3.9,5,Kart,0,8,0
Ayakkabi,1380.0,0.0,4,0,2,0.12,31.0,,3,Kart,0,13,1
Elektronik,5790.0,0.1,2,0,2,0.59,39.0,4.2,3,Kart,0,23,1
Ayakkabi,1070.0,0.3,2,1,4,0.24,26.0,,1,Kapida odeme,0,21,1
Ayakkabi,1810.0,0.1,2,1,3,0.17,28.0,,1,Kart,1,5,1
Giyim,260.0,0.3,1,1,16,0.19,,,4,Kapida odeme,0,8,1
Ayakkabi,1710.0,0.5,1,1,2,0.1,30.0,4.7,6,Kart,0,12,0
Ev,300.0,0.0,4,0,9,0.19,43.0,4.2,3,Kart,1,15,1
Giyim,590.0,0.2,3,1,0,,37.0,4.5,5,Kart,0,4,0
Ev,1320.0,0.1,4,0,2,0.02,20.0,3.9,2,Kart,0,15,0
Giyim,860.0,0.1,1,0,31,0.38,33.0,4.1,4,Kart,1,4,0
Ev,500.0,0.0,3,0,1,0.14,38.0,4.4,2,Kart,0,18,0
Elektronik,2660.0,0.0,2,0,3,0.17,41.0,4.1,7,Kart,0,4,0
Elektronik,3300.0,0.0,2,0,0,,18.0,3.8,4,Kart,0,9,0
Elektronik,4890.0,0.1,1,0,2,0.01,24.0,4.5,3,Kart,1,19,0
Kozmetik,140.0,0.0,2,0,14,0.1,,4.3,3,Kart,0,3,0
Ayakkabi,1390.0,0.0,2,1,3,0.09,25.0,,3,Kapida odeme,0,15,0
Ev,1040.0,0.1,1,0,3,0.3,,4.0,3,Kapida odeme,0,10,0
Ev,790.0,0.0,5,0,14,0.21,,3.8,3,Kart,0,9,0
Giyim,820.0,0.3,2,1,1,0.44,39.0,4.0,1,Kapida odeme,0,21,0
Giyim,720.0,0.0,1,1,2,0.04,47.0,4.0,1,Kapida odeme,0,0,0
Ayakkabi,1100.0,0.0,2,1,1,0.16,22.0,4.1,4,Kart,0,3,0
Giyim,270.0,0.5,4,0,17,0.23,39.0,3.6,5,Kapida odeme,0,4,1
Ayakkabi,1490.0,0.3,2,0,1,0.36,35.0,4.0,5,Kart,0,19,1
Ayakkabi,910.0,0.2,3,0,7,0.31,,4.6,2,Kart,1,3,1
Elektronik,3470.0,0.2,2,0,1,0.18,32.0,5.0,2,Kart,0,7,0
Giyim,810.0,0.0,3,0,4,0.27,36.0,3.7,3,Kart,0,23,1
Ev,1700.0,0.2,4,0,2,0.22,18.0,4.7,3,Kart,1,20,0
Ayakkabi,1380.0,0.0,1,1,0,,46.0,5.0,7,Kapida odeme,0,12,0
Ev,1150.0,0.1,4,0,1,0.08,21.0,4.1,1,Kart,0,0,0
Giyim,340.0,0.0,3,0,5,0.07,,4.4,1,Kart,0,0,1
Ayakkabi,1560.0,0.2,5,0,12,0.04,25.0,4.7,4,Kart,0,13,0
Giyim,630.0,0.0,3,0,14,0.09,,4.0,6,Kart,0,21,0
Elektronik,7820.0,0.0,4,0,11,0.21,38.0,4.6,4,Kapida odeme,0,2,1
Giyim,510.0,0.0,3,0,11,0.27,,4.1,3,Kart,0,15,0
Kozmetik,310.0,0.2,1,0,4,0.06,39.0,4.6,4,Kart,0,0,0
Giyim,1050.0,0.0,4,0,3,0.34,38.0,4.9,6,Kart,1,21,0
Elektronik,4320.0,0.1,1,0,6,0.14,33.0,4.8,4,Kart,0,11,0
Giyim,390.0,0.0,2,1,0,,30.0,4.1,5,Kapida odeme,1,3,1
Elektronik,14190.0,0.2,1,0,13,0.11,,4.5,1,Kart,0,2,0
Ayakkabi,860.0,0.0,3,0,6,0.26,,,5,Kapida odeme,0,5,1
Ayakkabi,1360.0,0.5,3,1,2,0.07,35.0,,4,Kart,0,0,1
Giyim,760.0,0.0,2,1,4,0.09,18.0,,3,Kart,0,21,0
Giyim,730.0,0.0,3,0,2,0.07,37.0,4.6,3,Kapida odeme,1,1,1
Giyim,600.0,0.0,3,1,0,,35.0,4.1,6,Kapida odeme,0,9,1
Kozmetik,320.0,0.0,2,0,2,0.07,34.0,4.9,1,Kapida odeme,1,6,0
Ayakkabi,1260.0,0.1,3,0,5,0.28,51.0,4.2,1,Kart,0,14,0
Giyim,390.0,0.0,1,1,2,0.08,49.0,3.7,4,Kart,0,22,0
Kozmetik,920.0,0.3,1,0,12,0.08,43.0,4.1,4,Kapida odeme,0,2,0
Giyim,590.0,0.1,2,1,0,,43.0,3.9,2,Kart,0,17,0
Ayakkabi,1830.0,0.0,1,1,4,0.01,35.0,4.8,2,Kart,0,22,0
Ev,770.0,0.1,3,0,3,0.08,37.0,4.4,3,Kart,0,3,0
Kozmetik,300.0,0.0,2,0,20,0.16,38.0,4.2,2,Kapida odeme,0,21,0
Ev,730.0,0.0,3,0,11,0.11,40.0,4.5,3,Kart,0,17,0
Ayakkabi,700.0,0.0,3,1,13,0.13,35.0,3.9,2,Kart,0,14,1
Kozmetik,330.0,0.0,1,0,9,0.05,39.0,3.7,2,Kapida odeme,0,15,0
Giyim,540.0,0.0,1,1,0,,35.0,3.6,3,Kart,0,15,0
Kozmetik,590.0,0.5,2,0,0,,38.0,3.4,4,Kart,1,10,0
Ev,530.0,0.2,2,0,3,0.2,43.0,3.7,4,Kart,0,10,0
Kozmetik,270.0,0.5,3,0,0,,27.0,4.5,4,Kapida odeme,0,15,0
Giyim,430.0,0.0,1,1,0,,35.0,4.5,3,Kart,0,8,1
Giyim,1240.0,0.3,2,0,2,0.24,,3.8,8,Kart,0,17,1
Elektronik,3040.0,0.0,1,0,6,0.07,24.0,3.3,2,Kapida odeme,0,7,0
Ayakkabi,1800.0,0.0,5,0,0,,48.0,4.0,4,Kart,0,19,1
Ayakkabi,2170.0,0.3,2,1,2,0.22,,4.4,3,Kapida odeme,0,5,0
Kozmetik,330.0,0.0,5,0,5,0.17,48.0,4.6,7,Kart,0,17,0
Elektronik,2420.0,0.0,3,0,1,0.34,21.0,4.3,2,Kart,0,7,0
Giyim,350.0,0.3,3,1,1,0.4,19.0,3.7,1,Kart,1,13,1
Ayakkabi,2060.0,0.1,4,0,8,0.1,31.0,4.5,4,Kart,0,10,1
Giyim,370.0,0.1,1,1,1,0.14,38.0,4.4,5,Kart,0,15,1
Giyim,780.0,0.0,2,0,2,0.01,,4.5,5,Kart,0,19,1
Giyim,680.0,0.0,1,0,4,0.09,47.0,3.8,5,Kart,1,15,1
Ev,1070.0,0.5,2,0,10,0.31,26.0,,4,Kart,0,1,1
Ev,1110.0,0.0,1,0,0,,43.0,4.6,6,Kart,1,14,0
Elektronik,2960.0,0.0,4,0,3,0.1,18.0,3.6,4,Kart,0,12,0
Ayakkabi,900.0,0.0,4,1,5,0.48,24.0,3.9,2,Kart,0,14,1
Elektronik,6210.0,0.3,1,0,5,0.1,31.0,3.5,5,Kart,0,6,0
Ev,680.0,0.2,3,0,0,,,3.8,3,Kart,0,4,0
Kozmetik,100.0,0.1,2,0,5,0.17,39.0,4.2,4,Kart,1,13,0
Elektronik,6030.0,0.5,6,0,17,0.16,27.0,3.5,3,Kart,1,11,0
Ev,560.0,0.0,1,0,1,0.16,,4.7,2,Kart,0,14,0
Ayakkabi,1730.0,0.3,3,1,8,0.1,43.0,,4,Kapida odeme,0,10,1
Ayakkabi,2620.0,0.0,1,1,11,0.35,27.0,4.1,4,Kart,1,11,0
Ev,910.0,0.0,3,0,1,0.25,30.0,3.9,2,Kart,0,13,0
Ayakkabi,2190.0,0.0,3,1,3,0.36,,4.2,2,Kapida odeme,0,3,1
Ayakkabi,1500.0,0.5,1,1,0,,48.0,4.9,5,Kart,1,10,1
Giyim,1330.0,0.3,2,0,7,0.31,25.0,4.5,4,Kart,0,9,0
Ayakkabi,870.0,0.1,4,1,17,0.5,18.0,3.4,1,Kart,1,1,0
Elektronik,4480.0,0.0,3,0,8,0.09,30.0,3.2,8,Kart,0,4,0
Elektronik,6090.0,0.0,1,0,5,0.14,25.0,3.8,2,Kart,0,19,0
Ayakkabi,1290.0,0.0,2,0,4,0.32,19.0,,4,Kart,0,18,1
Giyim,1090.0,0.0,3,1,3,0.09,34.0,,3,Kart,0,9,0
Ev,740.0,0.0,1,0,5,0.19,22.0,4.1,2,Kart,0,16,0
Giyim,1650.0,0.2,1,0,7,0.01,,3.4,3,Kart,0,19,0
Kozmetik,910.0,0.1,3,0,2,0.09,22.0,4.2,2,Kapida odeme,0,17,0
Giyim,740.0,0.3,3,0,20,0.06,,4.3,2,Kapida odeme,0,13,0
Elektronik,5770.0,0.1,1,0,0,,45.0,5.0,3,Kart,0,6,0
Elektronik,7690.0,0.0,1,0,1,0.15,27.0,4.1,7,Kart,1,12,0
Ev,530.0,0.1,1,0,6,0.07,26.0,4.0,2,Kart,1,19,0
Giyim,360.0,0.0,1,1,5,0.15,32.0,4.8,4,Kart,0,19,0
Kozmetik,620.0,0.1,2,0,5,0.21,41.0,4.5,3,Kart,0,5,0
Elektronik,5090.0,0.2,1,0,0,,30.0,4.2,3,Kart,1,21,0
Elektronik,4060.0,0.0,1,0,1,0.2,22.0,4.1,4,Kart,0,19,0
Ayakkabi,1410.0,0.0,1,0,4,0.19,19.0,5.0,2,Kart,0,5,0
Giyim,220.0,0.3,1,0,2,0.27,34.0,3.9,3,Kart,1,5,1
Ayakkabi,1280.0,0.1,1,1,7,0.1,27.0,3.5,2,Kart,1,19,0
Giyim,460.0,0.1,1,0,1,0.36,37.0,4.1,3,Kart,0,6,0
Giyim,980.0,0.2,1,1,2,0.06,18.0,4.1,4,Kart,1,22,0
Elektronik,7040.0,0.1,3,0,2,0.08,39.0,4.7,4,Kart,1,13,0
Ayakkabi,1810.0,0.0,2,1,3,0.03,31.0,4.3,6,Kart,0,16,0
Giyim,780.0,0.3,2,0,0,,18.0,4.6,5,Kart,0,9,1
Giyim,330.0,0.5,4,0,1,0.1,38.0,3.0,2,Kart,0,13,1
Giyim,850.0,0.0,2,1,8,0.18,39.0,,7,Kart,0,19,1
Giyim,860.0,0.0,2,0,1,0.29,26.0,,3,Kart,1,7,1
Elektronik,7880.0,0.2,2,0,10,0.14,40.0,3.7,4,Kapida odeme,1,8,0
Giyim,1690.0,0.1,2,0,6,0.09,20.0,4.1,3,Kart,1,12,1
Kozmetik,160.0,0.0,2,0,0,,,,2,Kart,0,19,0
Giyim,550.0,0.1,2,0,14,0.24,32.0,4.0,2,Kart,1,20,0
Giyim,470.0,0.2,1,1,0,,,4.6,3,Kart,0,21,0
Ev,970.0,0.1,3,0,0,,22.0,3.9,5,Kart,0,6,0
Giyim,650.0,0.0,3,0,7,0.07,40.0,4.2,4,Kart,0,14,1
Ayakkabi,1260.0,0.0,1,1,1,0.04,36.0,4.5,4,Kapida odeme,1,20,0
Kozmetik,560.0,0.0,2,0,2,0.14,,3.7,1,Kapida odeme,0,13,0
Kozmetik,210.0,0.5,1,0,5,0.27,,3.8,2,Kapida odeme,0,11,0
Ev,560.0,0.1,2,0,3,0.16,40.0,4.6,2,Kart,0,19,0
Giyim,410.0,0.0,1,1,1,0.2,25.0,3.8,6,Kart,0,18,0
Elektronik,3830.0,0.3,3,0,3,0.01,18.0,4.3,4,Kart,0,13,0
Kozmetik,200.0,0.0,2,0,5,0.45,54.0,4.6,3,Kapida odeme,0,22,0
Kozmetik,340.0,0.1,3,0,0,,39.0,4.2,6,Kart,0,14,0
Giyim,600.0,0.0,2,1,0,,50.0,4.3,5,Kart,0,14,0
Ayakkabi,980.0,0.2,2,0,18,0.32,22.0,4.9,1,Kart,0,15,0
Giyim,960.0,0.2,1,0,2,0.06,,5.0,1,Kart,0,6,0
Giyim,630.0,0.2,2,0,5,0.3,37.0,4.3,6,Kart,0,5,1
Ev,1450.0,0.0,1,0,9,0.14,45.0,4.0,3,Kart,0,17,0
Giyim,600.0,0.0,2,0,1,0.06,40.0,4.6,6,Kapida odeme,0,3,0
Giyim,640.0,0.0,3,1,23,0.1,32.0,3.9,4,Kart,1,0,1
Giyim,500.0,0.5,2,1,9,0.2,37.0,,5,Kart,0,4,0
Ayakkabi,1400.0,0.0,1,0,10,0.19,,4.0,5,Kart,0,5,1
Giyim,900.0,0.1,5,1,6,0.32,42.0,4.0,5,Kart,0,14,1
Ayakkabi,1160.0,0.2,2,1,2,0.04,26.0,3.7,1,Kart,0,0,0
Giyim,820.0,0.0,3,1,2,0.16,27.0,,5,Kart,0,5,1
Kozmetik,240.0,0.0,6,0,5,0.2,32.0,4.7,2,Kart,0,0,0
Giyim,910.0,0.0,3,1,11,0.08,40.0,4.4,2,Kart,0,23,0
Ayakkabi,1080.0,0.1,1,0,9,0.02,35.0,4.2,6,Kart,0,16,1
Giyim,950.0,0.5,4,0,0,,31.0,5.0,3,Kart,0,3,1
Giyim,670.0,0.0,1,0,1,0.03,,4.3,3,Kart,0,0,0
Giyim,1290.0,0.5,2,0,2,0.46,40.0,,3,Kart,0,19,1
Giyim,390.0,0.0,2,0,0,,29.0,3.7,4,Kapida odeme,0,12,1
Giyim,330.0,0.0,3,1,2,0.11,24.0,3.8,4,Kart,0,17,1
Ayakkabi,1060.0,0.3,2,1,5,0.57,32.0,3.8,3,Kart,1,22,1
Elektronik,2410.0,0.3,3,0,1,0.05,,3.9,8,Kart,0,22,0
Giyim,350.0,0.0,2,0,0,,26.0,4.0,3,Kart,0,10,0
Ayakkabi,1850.0,0.2,1,1,6,0.45,41.0,4.1,6,Kart,0,6,1
Elektronik,4490.0,0.3,3,0,4,0.1,45.0,4.5,3,Kapida odeme,0,12,0
Giyim,520.0,0.2,3,0,9,0.02,33.0,4.2,2,Kart,0,19,0
Ayakkabi,1180.0,0.1,1,1,7,0.08,34.0,5.0,2,Kart,0,18,0
Giyim,500.0,0.0,2,0,2,0.02,27.0,4.5,4,Kart,0,12,0
Giyim,1370.0,0.0,5,1,5,0.2,23.0,3.9,5,Kart,1,8,1
Ayakkabi,1010.0,0.1,2,0,0,,42.0,4.4,2,Kart,0,7,1
Kozmetik,190.0,0.1,2,0,4,0.22,,4.3,6,Kart,0,2,0
Kozmetik,500.0,0.0,2,0,4,0.03,28.0,4.8,5,Kart,0,12,0
Kozmetik,320.0,0.0,1,0,27,0.16,27.0,4.6,4,Kapida odeme,1,19,0
Ayakkabi,3500.0,0.0,2,0,0,,38.0,,4,Kart,0,13,1
Giyim,510.0,0.1,3,0,6,0.02,,5.0,2,Kart,0,9,0
Giyim,950.0,0.0,4,1,12,0.01,28.0,4.5,4,Kart,0,3,0
Giyim,1060.0,0.0,2,1,16,0.19,48.0,4.5,1,Kart,0,6,0
Giyim,510.0,0.0,4,1,4,0.06,50.0,4.9,6,Kart,0,16,0
Giyim,470.0,0.3,1,0,2,0.26,38.0,4.6,2,Kart,0,6,0
Ayakkabi,1950.0,0.1,4,1,2,0.14,35.0,,4,Kart,1,4,1
Giyim,840.0,0.0,3,0,3,0.09,29.0,4.2,4,Kapida odeme,0,14,1
Giyim,340.0,0.0,2,0,4,0.19,34.0,,3,Kart,0,11,1
