yas,aylik_gelir,calisma_yili,kredi_tutari,vade_ay,borc_gelir_orani,gecmis_gecikme,ev_durumu,kredi_amaci,basvuru_gunu,kredi_durumu
41,34300,6,68000,60,0.05,0,Aile yani,Egitim,Paz,Odedi
28,31100,3,327000,24,0.2,1,Kira,Tasit,Cum,Odedi
46,51100,14,118000,12,0.11,1,Ev sahibi,Tasit,Car,Odedi
47,47000,16,332000,36,0.42,0,Aile yani,Konut,Car,Odedi
21,22300,0,139000,36,0.03,1,Aile yani,Tasit,Cmt,Odedi
25,69600,3,785000,12,0.34,1,Ev sahibi,Ihtiyac,Cum,Temerrut
39,40300,6,145000,36,0.05,0,Kira,Ihtiyac,Car,Odedi
35,25500,9,86000,24,0.16,1,Ev sahibi,Konut,Cmt,Odedi
38,71700,9,671000,48,0.16,2,Kira,Tasit,Cum,Odedi
29,55700,3,508000,48,0.34,0,Aile yani,Ihtiyac,Pzt,Odedi
47,23800,21,210000,36,0.29,1,Kira,Tasit,Cum,Odedi
46,93400,4,166000,60,0.66,1,Kira,Ihtiyac,Paz,Temerrut
39,56500,12,239000,60,0.14,0,Ev sahibi,Ihtiyac,Paz,Odedi
49,41800,19,431000,12,0.28,1,Kira,Konut,Pzt,Odedi
43,85900,18,671000,24,0.1,1,Kira,Ihtiyac,Paz,Odedi
29,45100,4,353000,36,0.67,0,Kira,Ihtiyac,Paz,Odedi
42,41500,8,191000,12,0.46,0,Aile yani,Ihtiyac,Sal,Odedi
28,31200,5,132000,24,0.47,0,Ev sahibi,Egitim,Cum,Temerrut
47,54600,19,625000,24,0.23,0,Aile yani,Ihtiyac,Cmt,Odedi
38,52000,9,475000,60,0.3,0,Kira,Ihtiyac,Pzt,Odedi
36,42300,11,120000,36,0.54,1,Kira,Ihtiyac,Cmt,Odedi
31,29400,3,334000,48,0.62,0,Kira,Ihtiyac,Car,Temerrut
50,44500,17,339000,24,0.48,1,Kira,Ihtiyac,Car,Odedi
36,40700,12,204000,12,0.78,1,Kira,Ihtiyac,Sal,Temerrut
34,23000,5,130000,48,0.48,0,Kira,Ihtiyac,Per,Temerrut
34,21700,6,198000,12,0.23,2,Kira,Tasit,Cmt,Temerrut
43,54200,19,295000,12,0.23,0,Ev sahibi,Ihtiyac,Cmt,Odedi
42,17000,16,129000,24,0.15,0,Kira,Ihtiyac,Sal,Odedi
42,46100,17,413000,36,0.27,1,Ev sahibi,Konut,Cmt,Odedi
42,33900,9,120000,24,0.27,1,Kira,Ihtiyac,Cmt,Odedi
59,75700,34,864000,12,0.17,0,Ev sahibi,Ihtiyac,Pzt,Odedi
34,33600,3,176000,24,0.35,0,Ev sahibi,Egitim,Car,Temerrut
33,56500,6,334000,24,0.35,1,Ev sahibi,Tasit,Pzt,Odedi
30,35100,4,310000,12,0.26,1,Aile yani,Tasit,Paz,Odedi
44,44200,17,349000,36,0.19,0,Kira,Tasit,Per,Odedi
49,58500,23,358000,12,0.43,0,Kira,Egitim,Sal,Temerrut
37,34100,11,284000,24,0.07,2,Aile yani,Ihtiyac,Paz,Temerrut
30,65800,5,722000,36,0.71,0,Aile yani,Ihtiyac,Cum,Odedi
30,26900,4,266000,48,0.37,1,Ev sahibi,Konut,Paz,Odedi
45,48000,12,487000,24,0.16,1,Ev sahibi,Ihtiyac,Cmt,Temerrut
45,63600,12,268000,24,0.14,0,Ev sahibi,Tasit,Paz,Odedi
43,56500,3,334000,24,0.19,1,Aile yani,Ihtiyac,Sal,Odedi
31,99500,5,728000,60,0.31,0,Kira,Ihtiyac,Sal,Temerrut
40,29800,15,59000,24,0.28,0,Kira,Tasit,Pzt,Odedi
39,22600,12,217000,24,0.27,0,Aile yani,Tasit,Car,Odedi
40,26800,14,131000,36,0.09,1,Ev sahibi,Tasit,Per,Odedi
47,56500,11,252000,24,0.4,0,Kira,Ihtiyac,Per,Temerrut
40,52500,10,222000,24,0.54,0,Kira,Ihtiyac,Cum,Odedi
45,44000,3,197000,12,0.4,0,Ev sahibi,Konut,Cmt,Odedi
39,25300,7,128000,36,0.54,0,Ev sahibi,Ihtiyac,Cmt,Odedi
41,59300,10,466000,36,0.15,0,Ev sahibi,Tasit,Per,Odedi
44,24200,7,185000,36,0.07,0,Kira,Tasit,Sal,Odedi
23,70800,0,296000,48,0.51,0,Kira,Ihtiyac,Per,Odedi
35,151900,9,557000,24,0.59,1,Ev sahibi,Ihtiyac,Paz,Odedi
33,49500,5,504000,60,0.25,0,Kira,Konut,Cmt,Odedi
32,54600,5,135000,48,0.49,1,Ev sahibi,Ihtiyac,Paz,Odedi
35,33600,4,231000,48,0.24,0,Ev sahibi,Ihtiyac,Per,Odedi
53,18600,17,130000,48,0.07,2,Kira,Egitim,Cmt,Temerrut
29,32000,4,241000,24,0.17,0,Ev sahibi,Ihtiyac,Car,Odedi
48,25700,13,278000,24,0.21,1,Kira,Konut,Pzt,Temerrut
21,21900,0,176000,36,0.29,1,Ev sahibi,Ihtiyac,Cmt,Temerrut
35,91200,1,1069000,12,0.3,0,Ev sahibi,Ihtiyac,Pzt,Odedi
40,47500,16,506000,36,0.11,1,Ev sahibi,Tasit,Cum,Odedi
44,49800,4,187000,12,0.51,0,Aile yani,Ihtiyac,Paz,Temerrut
45,36500,11,147000,12,0.24,2,Kira,Konut,Pzt,Temerrut
46,38900,7,199000,60,0.18,0,Ev sahibi,Ihtiyac,Cmt,Odedi
35,64800,7,364000,36,0.18,0,Kira,Tasit,Paz,Odedi
33,41400,4,302000,36,0.08,1,Aile yani,Konut,Cum,Odedi
47,53300,20,210000,24,0.5,0,Kira,Tasit,Cum,Odedi
36,38500,6,148000,36,0.11,1,Ev sahibi,Tasit,Paz,Odedi
25,36000,2,198000,60,0.25,2,Kira,Ihtiyac,Cmt,Temerrut
27,22300,2,191000,36,0.46,0,Kira,Ihtiyac,Pzt,Temerrut
29,17200,1,150000,36,0.08,0,Kira,Egitim,Cmt,Odedi
43,37300,9,438000,36,0.26,1,Kira,Tasit,Cmt,Odedi
39,43100,10,156000,24,0.3,1,Kira,Tasit,Sal,Odedi
45,23500,11,132000,36,0.25,0,Kira,Ihtiyac,Cum,Odedi
34,41400,11,481000,60,0.36,1,Ev sahibi,Ihtiyac,Cmt,Odedi
40,43000,13,376000,36,0.17,1,Kira,Ihtiyac,Cmt,Odedi
44,17000,21,131000,24,0.24,0,Kira,Ihtiyac,Paz,Odedi
35,27800,5,199000,36,0.41,0,Aile yani,Ihtiyac,Cmt,Temerrut
43,50400,16,116000,36,0.37,0,Ev sahibi,Ihtiyac,Pzt,Odedi
31,50000,5,544000,60,0.24,1,Kira,Ihtiyac,Per,Odedi
34,25000,8,202000,48,0.34,0,Kira,Tasit,Sal,Odedi
34,45100,12,338000,24,0.12,0,Ev sahibi,Tasit,Pzt,Odedi
26,66500,3,476000,24,0.3,2,Ev sahibi,Ihtiyac,Sal,Temerrut
43,59600,18,335000,36,0.28,1,Aile yani,Konut,Paz,Odedi
33,40200,8,168000,12,0.76,0,Ev sahibi,Tasit,Cum,Odedi
38,34000,3,321000,36,0.1,1,Aile yani,Ihtiyac,Cmt,Odedi
43,31600,15,216000,48,0.46,2,Ev sahibi,Konut,Per,Odedi
42,51800,10,96000,36,0.39,1,Aile yani,Tasit,Car,Odedi
45,45900,20,261000,24,0.06,1,Ev sahibi,Tasit,Per,Odedi
37,55800,12,628000,48,0.29,1,Ev sahibi,Egitim,Paz,Odedi
34,44600,2,242000,48,0.51,2,Ev sahibi,Ihtiyac,Car,Temerrut
37,60700,3,354000,24,0.32,1,Ev sahibi,Tasit,Car,Odedi
21,43800,0,353000,36,0.54,1,Kira,Ihtiyac,Cmt,Temerrut
24,59800,1,593000,36,0.38,2,Kira,Ihtiyac,Car,Temerrut
25,62100,1,529000,48,0.26,0,Kira,Ihtiyac,Paz,Odedi
28,29200,5,304000,12,0.03,1,Kira,Ihtiyac,Paz,Temerrut
42,18600,11,50000,24,0.43,0,Aile yani,Ihtiyac,Pzt,Odedi
29,84100,6,943000,36,0.39,1,Ev sahibi,Tasit,Cum,Odedi
34,47100,4,518000,12,0.66,0,Kira,Ihtiyac,Pzt,Temerrut
51,19400,15,135000,36,0.55,1,Kira,Ihtiyac,Paz,Temerrut
34,30500,3,246000,48,0.21,0,Kira,Ihtiyac,Pzt,Odedi
45,59400,19,222000,12,0.43,0,Aile yani,Ihtiyac,Paz,Odedi
29,37000,2,230000,36,0.32,0,Aile yani,Tasit,Cmt,Odedi
36,33400,3,121000,60,0.2,0,Kira,Tasit,Per,Odedi
28,78900,2,137000,36,0.29,0,Kira,Konut,Sal,Odedi
35,26200,10,309000,36,0.35,0,Aile yani,Egitim,Sal,Odedi
46,29300,5,124000,36,0.2,3,Ev sahibi,Ihtiyac,Per,Odedi
21,46200,0,357000,24,0.42,2,Aile yani,Ihtiyac,Cmt,Temerrut
42,50100,15,233000,12,0.31,1,Kira,Konut,Paz,Odedi
40,52500,13,283000,36,0.56,0,Kira,Tasit,Per,Odedi
32,63300,3,359000,24,0.28,0,Ev sahibi,Egitim,Sal,Odedi
24,45900,0,230000,24,0.11,0,Kira,Konut,Per,Odedi
39,52300,8,428000,12,0.35,0,Aile yani,Konut,Cmt,Odedi
33,37400,3,433000,48,0.4,1,Ev sahibi,Ihtiyac,Per,Odedi
40,43200,13,259000,12,0.21,0,Kira,Ihtiyac,Paz,Temerrut
38,44100,7,517000,48,0.32,0,Ev sahibi,Tasit,Pzt,Odedi
54,46300,15,394000,24,0.13,1,Ev sahibi,Tasit,Per,Odedi
36,59500,3,469000,36,0.24,0,Aile yani,Konut,Pzt,Odedi
28,53900,4,215000,24,0.19,2,Kira,Egitim,Cum,Odedi
40,42800,5,92000,24,0.27,1,Ev sahibi,Ihtiyac,Cum,Odedi
40,29200,12,305000,36,0.36,2,Kira,Ihtiyac,Car,Temerrut
52,43300,5,326000,36,0.63,0,Aile yani,Konut,Cmt,Odedi
46,41500,22,243000,24,0.1,1,Ev sahibi,Konut,Paz,Odedi
42,45800,14,459000,36,0.02,0,Kira,Konut,Per,Odedi
53,113400,8,540000,36,0.27,2,Ev sahibi,Tasit,Per,Odedi
26,33200,1,323000,24,0.18,1,Ev sahibi,Egitim,Sal,Temerrut
32,50800,4,251000,36,0.52,1,Ev sahibi,Ihtiyac,Pzt,Odedi
29,67900,2,758000,12,0.56,0,Kira,Ihtiyac,Car,Temerrut
34,43900,4,189000,36,0.63,1,Ev sahibi,Ihtiyac,Per,Temerrut
24,120300,2,354000,12,0.62,1,Aile yani,Ihtiyac,Cmt,Odedi
44,35400,13,313000,36,0.07,1,Kira,Konut,Paz,Odedi
36,48600,4,156000,24,0.36,2,Kira,Tasit,Pzt,Temerrut
23,29300,1,336000,36,0.32,0,Aile yani,Tasit,Sal,Temerrut
28,35900,2,301000,36,0.49,2,Ev sahibi,Ihtiyac,Per,Temerrut
41,47000,18,184000,60,0.28,1,Kira,Konut,Car,Odedi
46,61500,3,227000,36,0.37,1,Aile yani,Ihtiyac,Cum,Odedi
58,48500,25,543000,48,0.16,0,Kira,Tasit,Car,Odedi
67,74000,33,583000,24,0.48,2,Ev sahibi,Ihtiyac,Car,Odedi
42,40200,3,438000,24,0.02,1,Ev sahibi,Tasit,Per,Odedi
28,36200,2,96000,12,0.21,0,Kira,Ihtiyac,Cum,Odedi
21,141800,0,1591000,36,0.14,3,Aile yani,Tasit,Pzt,Temerrut
41,50200,16,349000,36,0.34,0,Ev sahibi,Tasit,Paz,Odedi
30,30400,5,259000,48,0.09,0,Kira,Egitim,Car,Odedi
34,30700,8,166000,36,0.12,0,Aile yani,Egitim,Sal,Odedi
32,27500,8,58000,36,0.19,1,Aile yani,Ihtiyac,Cum,Odedi
37,64000,12,740000,24,0.4,1,Ev sahibi,Ihtiyac,Pzt,Odedi
49,35600,13,425000,12,0.35,0,Kira,Ihtiyac,Cum,Temerrut
40,44500,10,237000,48,0.32,0,Kira,Ihtiyac,Pzt,Odedi
36,40800,10,466000,24,0.26,1,Ev sahibi,Ihtiyac,Sal,Odedi
28,58400,2,190000,12,0.56,2,Aile yani,Egitim,Cmt,Temerrut
21,28700,0,90000,60,0.25,1,Kira,Egitim,Car,Temerrut
33,25900,1,59000,60,0.51,0,Kira,Ihtiyac,Paz,Odedi
37,46500,4,261000,36,0.19,0,Kira,Konut,Car,Odedi
56,55000,26,113000,24,0.37,2,Kira,Konut,Cum,Odedi
39,48800,7,275000,48,0.2,2,Ev sahibi,Ihtiyac,Pzt,Odedi
48,29200,6,86000,24,0.49,1,Kira,Konut,Paz,Temerrut
33,57000,3,523000,36,0.41,1,Ev sahibi,Egitim,Cum,Odedi
26,30100,3,309000,24,0.53,1,Ev sahibi,Egitim,Cum,Odedi
28,33200,5,290000,60,0.15,1,Kira,Konut,Car,Odedi
31,27500,2,99000,60,0.21,0,Aile yani,Ihtiyac,Car,Odedi
59,75400,5,720000,36,0.17,0,Kira,Ihtiyac,Per,Odedi
30,55900,4,230000,12,0.08,2,Kira,Egitim,Sal,Odedi
46,55100,22,522000,36,0.12,1,Ev sahibi,Ihtiyac,Pzt,Odedi
29,73600,3,549000,24,0.3,0,Ev sahibi,Ihtiyac,Cum,Odedi
47,148900,23,797000,60,0.2,1,Kira,Ihtiyac,Cmt,Odedi
42,19500,17,46000,12,0.29,1,Aile yani,Tasit,Cum,Odedi
36,30100,5,307000,12,0.21,0,Kira,Ihtiyac,Per,Odedi
38,31800,13,361000,48,0.19,1,Kira,Konut,Per,Odedi
31,28600,6,243000,36,0.33,1,Ev sahibi,Tasit,Paz,Odedi
42,25900,11,301000,48,0.18,1,Aile yani,Ihtiyac,Per,Odedi
33,36700,5,415000,12,0.21,1,Ev sahibi,Ihtiyac,Cum,Odedi
26,24300,4,86000,48,0.1,0,Kira,Tasit,Car,Odedi
25,48800,3,448000,12,0.17,1,Kira,Konut,Pzt,Temerrut
40,43000,13,222000,12,0.38,1,Kira,Egitim,Car,Temerrut
54,52200,30,346000,36,0.46,0,Ev sahibi,Konut,Cmt,Odedi
40,52800,9,166000,24,0.39,1,Ev sahibi,Ihtiyac,Cum,Odedi
37,55100,12,647000,36,0.49,0,Kira,Konut,Cum,Odedi
41,35500,16,324000,12,0.06,1,Ev sahibi,Tasit,Cmt,Odedi
51,109100,8,469000,12,0.22,1,Ev sahibi,Tasit,Sal,Odedi
40,46700,3,252000,48,0.13,0,Kira,Tasit,Cmt,Odedi
34,18200,6,108000,24,0.19,0,Kira,Ihtiyac,Cmt,Odedi
49,26800,22,251000,36,0.04,0,Ev sahibi,Tasit,Car,Odedi
42,19200,7,215000,48,0.17,0,Kira,Tasit,Per,Odedi
53,42300,21,206000,12,0.25,0,Kira,Ihtiyac,Paz,Odedi
40,39800,2,257000,48,0.33,0,Kira,Konut,Sal,Odedi
26,34000,2,263000,24,0.39,0,Ev sahibi,Ihtiyac,Car,Odedi
24,103800,2,584000,24,0.16,0,Ev sahibi,Tasit,Sal,Odedi
55,53800,7,366000,12,0.52,0,Ev sahibi,Konut,Car,Odedi
55,58200,28,152000,48,0.58,0,Kira,Ihtiyac,Sal,Odedi
36,27600,3,90000,36,0.64,0,Ev sahibi,Ihtiyac,Cmt,Temerrut
34,26800,11,153000,36,0.58,0,Kira,Tasit,Paz,Temerrut
53,42700,9,474000,60,0.27,0,Aile yani,Ihtiyac,Paz,Odedi
27,45400,5,235000,24,0.25,0,Aile yani,Ihtiyac,Car,Odedi
29,18200,5,75000,60,0.11,0,Ev sahibi,Konut,Paz,Odedi
44,38700,4,360000,48,0.42,1,Kira,Ihtiyac,Pzt,Odedi
34,42300,2,485000,60,0.3,0,Ev sahibi,Tasit,Pzt,Odedi
38,38100,3,241000,60,0.61,1,Kira,Ihtiyac,Car,Odedi
36,29100,9,46000,60,0.17,0,Kira,Ihtiyac,Car,Odedi
41,32900,15,287000,12,0.32,4,Aile yani,Ihtiyac,Paz,Temerrut
52,38800,13,227000,48,0.24,1,Kira,Egitim,Cmt,Odedi
39,43800,8,376000,48,0.27,1,Kira,Tasit,Cmt,Odedi
44,55100,13,243000,36,0.63,0,Ev sahibi,Ihtiyac,Cmt,Odedi
21,68300,0,104000,24,0.13,0,Ev sahibi,Ihtiyac,Cmt,Odedi
38,36800,11,188000,60,0.22,1,Ev sahibi,Tasit,Per,Odedi
30,34200,4,304000,24,0.26,1,Kira,Tasit,Pzt,Temerrut
26,51100,3,288000,36,0.34,1,Ev sahibi,Ihtiyac,Pzt,Odedi
29,55300,7,210000,36,0.17,1,Kira,Ihtiyac,Paz,Odedi
35,34500,5,220000,24,0.39,0,Aile yani,Tasit,Per,Temerrut
47,59900,3,563000,48,0.24,0,Kira,Tasit,Paz,Odedi
25,65300,1,180000,12,0.47,0,Kira,Konut,Pzt,Temerrut
38,75100,9,658000,36,0.09,0,Ev sahibi,Tasit,Cum,Odedi
33,93500,5,795000,48,0.03,1,Kira,Tasit,Sal,Odedi
35,28400,12,153000,24,0.23,2,Ev sahibi,Tasit,Car,Odedi
48,42300,16,494000,48,0.32,3,Kira,Tasit,Cum,Temerrut
43,42200,11,460000,24,0.12,2,Kira,Tasit,Per,Odedi
51,40200,22,194000,48,0.44,0,Kira,Ihtiyac,Pzt,Odedi
36,31400,5,57000,60,0.45,1,Kira,Egitim,Paz,Odedi
31,21500,8,102000,24,0.12,1,Kira,Ihtiyac,Cum,Temerrut
36,43800,2,160000,36,0.28,0,Kira,Tasit,Car,Odedi
40,29700,11,215000,36,0.13,1,Kira,Tasit,Cum,Odedi
40,43700,16,487000,36,0.38,0,Ev sahibi,Konut,Sal,Odedi
27,29400,4,313000,48,0.08,2,Ev sahibi,Ihtiyac,Per,Temerrut
39,25600,14,121000,36,0.11,0,Kira,Egitim,Car,Odedi
40,46700,8,280000,36,0.14,2,Kira,Ihtiyac,Car,Temerrut
63,45000,32,85000,24,0.29,0,Kira,Ihtiyac,Per,Odedi
57,54500,19,393000,24,0.13,0,Kira,Konut,Paz,Odedi
29,112300,5,243000,48,0.39,1,Ev sahibi,Ihtiyac,Pzt,Odedi
35,47600,2,541000,12,0.39,0,Kira,Tasit,Per,Temerrut
23,52200,1,553000,36,0.6,1,Aile yani,Tasit,Paz,Temerrut
32,25900,6,97000,24,0.22,0,Ev sahibi,Egitim,Paz,Odedi
41,23500,3,208000,48,0.28,1,Kira,Konut,Paz,Odedi
50,85600,20,639000,36,0.54,2,Kira,Ihtiyac,Car,Temerrut
31,27700,8,275000,36,0.07,2,Kira,Konut,Per,Odedi
31,26300,8,171000,24,0.18,2,Kira,Ihtiyac,Cum,Odedi
21,41300,0,145000,36,0.52,1,Ev sahibi,Tasit,Cmt,Temerrut
36,40300,13,331000,60,0.33,2,Kira,Konut,Paz,Odedi
27,28000,1,66000,36,0.22,1,Kira,Konut,Sal,Odedi
33,36600,6,280000,36,0.1,1,Kira,Tasit,Pzt,Odedi
29,73000,6,273000,48,0.22,0,Ev sahibi,Konut,Sal,Odedi
37,29200,2,254000,24,0.12,0,Kira,Tasit,Sal,Odedi
21,22400,0,228000,36,0.46,1,Aile yani,Egitim,Car,Temerrut
23,64200,0,170000,24,0.3,0,Kira,Ihtiyac,Paz,Odedi
59,52400,19,299000,24,0.24,0,Kira,Ihtiyac,Sal,Odedi
25,31800,3,293000,48,0.34,0,Kira,Konut,Car,Odedi
27,20600,1,66000,48,0.13,1,Ev sahibi,Ihtiyac,Car,Odedi
56,30000,7,223000,60,0.33,0,Kira,Ihtiyac,Sal,Odedi
67,41000,26,351000,60,0.23,1,Ev sahibi,Konut,Sal,Odedi
26,71000,1,371000,36,0.43,1,Kira,Tasit,Paz,Temerrut
34,26300,9,269000,24,0.28,0,Kira,Ihtiyac,Cum,Temerrut
41,40400,17,277000,36,0.32,1,Kira,Ihtiyac,Pzt,Odedi
55,56900,24,460000,60,0.6,1,Ev sahibi,Ihtiyac,Cum,Temerrut
28,17000,6,51000,48,0.03,0,Ev sahibi,Ihtiyac,Cum,Odedi
36,66900,8,117000,36,0.08,0,Ev sahibi,Ihtiyac,Car,Odedi
46,24700,19,50000,36,0.14,1,Aile yani,Konut,Cmt,Odedi
42,48800,5,536000,48,0.07,2,Kira,Ihtiyac,Cmt,Temerrut
34,46900,2,505000,60,0.17,0,Aile yani,Konut,Cmt,Odedi
37,68400,10,683000,48,0.04,0,Kira,Egitim,Cum,Odedi
24,53800,0,193000,36,0.13,1,Kira,Ihtiyac,Per,Odedi
36,17000,12,119000,24,0.48,1,Ev sahibi,Egitim,Sal,Odedi
35,29500,9,291000,36,0.13,0,Kira,Ihtiyac,Pzt,Odedi
40,44700,16,384000,24,0.38,0,Kira,Tasit,Paz,Odedi
32,38500,4,104000,60,0.56,0,Ev sahibi,Egitim,Cmt,Odedi
43,52100,11,568000,36,0.29,4,Kira,Konut,Sal,Temerrut
48,59900,19,191000,36,0.08,1,Kira,Ihtiyac,Cmt,Odedi
40,55200,6,182000,24,0.4,0,Ev sahibi,Ihtiyac,Pzt,Odedi
42,38100,11,418000,36,0.12,0,Kira,Ihtiyac,Sal,Odedi
39,18300,11,121000,36,0.21,2,Kira,Egitim,Sal,Temerrut
38,34200,15,185000,12,0.59,3,Kira,Ihtiyac,Car,Temerrut
31,50700,7,371000,48,0.09,0,Aile yani,Tasit,Car,Odedi
41,25700,4,303000,24,0.35,1,Aile yani,Ihtiyac,Per,Temerrut
37,55800,8,154000,36,0.25,0,Ev sahibi,Ihtiyac,Per,Odedi
59,63200,22,597000,24,0.27,1,Kira,Ihtiyac,Pzt,Temerrut
54,44500,7,223000,36,0.17,0,Kira,Ihtiyac,Sal,Odedi
42,17000,9,46000,48,0.51,1,Kira,Tasit,Cmt,Odedi
30,23600,3,140000,60,0.31,1,Ev sahibi,Ihtiyac,Per,Odedi
27,98100,1,712000,12,0.43,0,Ev sahibi,Ihtiyac,Paz,Odedi
50,32800,15,120000,60,0.07,0,Ev sahibi,Tasit,Pzt,Odedi
41,17200,5,99000,48,0.02,0,Kira,Ihtiyac,Car,Odedi
43,73200,13,598000,24,0.43,0,Aile yani,Konut,Sal,Odedi
21,42300,0,319000,24,0.3,2,Kira,Tasit,Paz,Temerrut
47,69100,18,628000,24,0.08,0,Kira,Tasit,Sal,Odedi
43,47600,6,489000,48,0.4,1,Ev sahibi,Ihtiyac,Cmt,Odedi
27,51600,5,299000,24,0.49,0,Ev sahibi,Ihtiyac,Sal,Temerrut
33,49500,1,294000,36,0.2,0,Aile yani,Konut,Cmt,Odedi
41,57500,10,386000,48,0.46,0,Kira,Konut,Per,Odedi
39,117000,6,871000,48,0.49,1,Aile yani,Ihtiyac,Paz,Temerrut
35,65000,4,171000,36,0.2,1,Kira,Ihtiyac,Pzt,Odedi
37,20600,8,99000,48,0.5,0,Kira,Ihtiyac,Car,Odedi
35,51400,11,170000,24,0.28,1,Kira,Tasit,Cmt,Odedi
40,70200,16,390000,48,0.46,3,Kira,Ihtiyac,Paz,Temerrut
53,72200,11,846000,24,0.61,0,Aile yani,Egitim,Per,Odedi
21,34700,0,264000,12,0.12,0,Kira,Ihtiyac,Pzt,Temerrut
36,70900,10,426000,60,0.18,1,Kira,Egitim,Cum,Odedi
40,63800,11,475000,24,0.65,0,Kira,Ihtiyac,Per,Temerrut
41,133700,5,1140000,12,0.26,0,Ev sahibi,Ihtiyac,Cmt,Odedi
34,30000,9,182000,36,0.34,0,Aile yani,Ihtiyac,Per,Odedi
21,33400,0,207000,24,0.29,0,Ev sahibi,Ihtiyac,Paz,Odedi
41,36600,12,324000,12,0.14,0,Kira,Egitim,Pzt,Odedi
55,33700,13,72000,36,0.46,2,Kira,Tasit,Cum,Odedi
23,28100,1,202000,48,0.36,0,Kira,Ihtiyac,Cmt,Odedi
47,17000,6,123000,48,0.29,0,Aile yani,Egitim,Car,Odedi
35,34500,10,326000,24,0.1,0,Kira,Ihtiyac,Per,Odedi
37,49600,4,586000,36,0.13,1,Aile yani,Ihtiyac,Cum,Odedi
27,33600,4,331000,48,0.22,2,Ev sahibi,Ihtiyac,Per,Odedi
35,100300,10,681000,24,0.55,3,Ev sahibi,Tasit,Car,Odedi
51,42300,21,139000,24,0.58,1,Ev sahibi,Egitim,Cum,Odedi
44,75100,3,577000,12,0.25,0,Kira,Ihtiyac,Cmt,Temerrut
55,47200,11,484000,36,0.08,1,Kira,Konut,Pzt,Odedi
50,60900,14,688000,24,0.31,0,Kira,Ihtiyac,Paz,Temerrut
42,47600,12,484000,48,0.26,0,Kira,Ihtiyac,Sal,Odedi
55,77800,28,271000,60,0.42,0,Ev sahibi,Konut,Pzt,Odedi
42,43100,8,387000,24,0.48,0,Kira,Konut,Sal,Odedi
46,52500,20,564000,36,0.15,0,Aile yani,Tasit,Pzt,Odedi
35,49500,3,428000,24,0.09,1,Aile yani,Ihtiyac,Paz,Odedi
39,36900,7,321000,12,0.44,0,Kira,Ihtiyac,Car,Temerrut
31,50400,1,340000,48,0.37,1,Kira,Konut,Cmt,Odedi
48,114800,19,940000,36,0.33,3,Kira,Tasit,Sal,Temerrut
26,37200,1,171000,60,0.06,2,Kira,Ihtiyac,Per,Temerrut
46,50700,8,123000,36,0.21,0,Ev sahibi,Ihtiyac,Car,Odedi
36,74000,11,754000,24,0.15,1,Ev sahibi,Konut,Cum,Odedi
50,70200,15,800000,36,0.17,0,Ev sahibi,Ihtiyac,Paz,Odedi
46,42200,3,443000,24,0.15,2,Kira,Tasit,Cum,Temerrut
56,17000,4,85000,48,0.34,0,Aile yani,Tasit,Cum,Odedi
45,53000,12,132000,36,0.06,1,Ev sahibi,Ihtiyac,Sal,Odedi
22,17000,0,76000,24,0.36,0,Aile yani,Tasit,Pzt,Temerrut
37,81400,4,842000,36,0.16,1,Ev sahibi,Tasit,Pzt,Odedi
26,45300,3,380000,36,0.21,3,Ev sahibi,Tasit,Car,Odedi
33,65900,3,768000,48,0.52,0,Kira,Egitim,Per,Temerrut
53,28000,18,143000,12,0.19,1,Aile yani,Tasit,Pzt,Temerrut
44,20900,9,152000,12,0.21,1,Kira,Ihtiyac,Sal,Odedi
31,47200,2,462000,12,0.2,1,Kira,Ihtiyac,Cum,Odedi
28,41400,1,164000,24,0.59,0,Kira,Tasit,Paz,Temerrut
38,33700,5,392000,36,0.16,0,Kira,Ihtiyac,Paz,Odedi
26,43600,1,337000,12,0.32,0,Kira,Konut,Sal,Temerrut
31,145900,3,231000,36,0.15,0,Kira,Ihtiyac,Pzt,Odedi
41,61100,16,108000,36,0.14,0,Ev sahibi,Ihtiyac,Cum,Odedi
50,67400,22,725000,12,0.07,3,Ev sahibi,Ihtiyac,Paz,Odedi
44,61400,9,508000,60,0.17,0,Aile yani,Konut,Car,Odedi
21,81700,0,777000,36,0.07,0,Aile yani,Tasit,Paz,Odedi
41,38600,11,376000,24,0.18,1,Kira,Tasit,Cmt,Odedi
39,17000,14,101000,36,0.05,1,Ev sahibi,Ihtiyac,Paz,Odedi
42,38600,6,382000,24,0.31,2,Ev sahibi,Egitim,Paz,Temerrut
54,60500,11,686000,48,0.42,2,Kira,Egitim,Pzt,Temerrut
21,27100,0,90000,36,0.28,3,Aile yani,Ihtiyac,Car,Temerrut
32,38800,1,370000,36,0.07,0,Aile yani,Konut,Pzt,Odedi
44,30800,8,146000,60,0.25,1,Kira,Egitim,Pzt,Odedi
22,82600,1,403000,48,0.07,0,Aile yani,Ihtiyac,Per,Odedi
53,58800,27,343000,48,0.11,0,Kira,Ihtiyac,Cum,Odedi
42,56300,4,595000,24,0.41,0,Aile yani,Tasit,Paz,Odedi
46,55600,12,96000,24,0.16,1,Ev sahibi,Ihtiyac,Pzt,Odedi
32,41300,4,250000,36,0.23,0,Kira,Konut,Pzt,Odedi
46,45900,12,397000,36,0.58,1,Ev sahibi,Tasit,Pzt,Odedi
49,24600,15,65000,36,0.04,0,Ev sahibi,Ihtiyac,Paz,Odedi
40,17000,2,167000,48,0.49,0,Kira,Ihtiyac,Cum,Temerrut
40,44900,15,511000,24,0.41,1,Ev sahibi,Tasit,Per,Odedi
41,48600,18,119000,24,0.53,1,Ev sahibi,Ihtiyac,Pzt,Odedi
29,72400,5,225000,36,0.24,1,Ev sahibi,Ihtiyac,Car,Odedi
37,85200,10,999000,24,0.58,1,Ev sahibi,Ihtiyac,Pzt,Odedi
36,85100,8,304000,36,0.11,0,Kira,Konut,Pzt,Odedi
42,26800,8,62000,48,0.41,2,Kira,Ihtiyac,Per,Temerrut
48,35800,6,412000,36,0.32,1,Ev sahibi,Ihtiyac,Per,Temerrut
27,52100,3,566000,48,0.01,0,Kira,Konut,Per,Odedi
37,131200,2,1100000,36,0.15,1,Kira,Ihtiyac,Paz,Odedi
53,81800,24,596000,48,0.34,3,Aile yani,Tasit,Paz,Odedi
31,69500,4,775000,24,0.45,1,Aile yani,Ihtiyac,Pzt,Temerrut
30,35300,4,296000,48,0.75,0,Ev sahibi,Konut,Sal,Odedi
40,28200,7,237000,48,0.46,1,Ev sahibi,Ihtiyac,Per,Odedi
46,59900,22,620000,24,0.27,1,Aile yani,Ihtiyac,Car,Temerrut
38,25600,4,214000,36,0.08,0,Aile yani,Ihtiyac,Per,Odedi
51,37700,7,256000,48,0.05,0,Kira,Egitim,Cum,Odedi
47,39900,6,223000,24,0.33,1,Kira,Konut,Sal,Odedi
46,86000,16,583000,48,0.27,0,Kira,Ihtiyac,Cmt,Odedi
44,35800,21,250000,60,0.25,3,Kira,Ihtiyac,Sal,Odedi
61,17000,12,90000,48,0.44,0,Kira,Ihtiyac,Car,Temerrut
36,52700,12,327000,36,0.44,1,Ev sahibi,Ihtiyac,Sal,Odedi
21,30700,0,305000,36,0.04,0,Ev sahibi,Ihtiyac,Cum,Odedi
54,42800,20,251000,60,0.32,1,Aile yani,Egitim,Cum,Odedi
33,40400,2,71000,36,0.41,1,Kira,Ihtiyac,Cum,Odedi
39,37100,9,166000,12,0.1,0,Kira,Egitim,Per,Odedi
51,59900,19,236000,12,0.03,0,Kira,Ihtiyac,Car,Temerrut
22,21100,1,207000,48,0.45,2,Kira,Konut,Cum,Temerrut
25,33300,1,207000,36,0.47,0,Kira,Ihtiyac,Pzt,Temerrut
22,57100,1,254000,24,0.2,2,Aile yani,Ihtiyac,Car,Temerrut
30,31900,8,319000,24,0.15,2,Kira,Konut,Cum,Temerrut
42,20400,10,35000,48,0.35,0,Ev sahibi,Ihtiyac,Cum,Odedi
43,56700,13,189000,36,0.22,1,Kira,Konut,Sal,Odedi
41,69600,15,709000,48,0.27,1,Ev sahibi,Konut,Car,Odedi
24,41200,1,300000,48,0.05,0,Aile yani,Egitim,Car,Odedi
21,17400,0,167000,60,0.1,0,Aile yani,Konut,Paz,Odedi
39,57700,6,594000,60,0.31,1,Kira,Ihtiyac,Cum,Odedi
33,19900,9,227000,24,0.25,2,Aile yani,Ihtiyac,Pzt,Temerrut
43,48300,4,105000,36,0.48,1,Kira,Tasit,Sal,Odedi
45,28200,8,279000,12,0.2,1,Ev sahibi,Ihtiyac,Pzt,Odedi
39,24900,9,223000,60,0.08,1,Kira,Tasit,Sal,Odedi
46,34400,13,126000,24,0.24,2,Ev sahibi,Ihtiyac,Sal,Odedi
40,38700,15,437000,36,0.35,0,Ev sahibi,Tasit,Per,Odedi
43,31400,20,180000,48,0.25,1,Aile yani,Ihtiyac,Cmt,Odedi
31,54700,2,592000,24,0.66,0,Aile yani,Ihtiyac,Paz,Odedi
36,34400,5,270000,48,0.67,0,Kira,Egitim,Per,Odedi
40,65300,7,459000,12,0.54,1,Aile yani,Konut,Cmt,Odedi
46,47700,12,151000,36,0.53,0,Kira,Ihtiyac,Cum,Odedi
34,30700,6,341000,36,0.52,2,Kira,Ihtiyac,Car,Temerrut
43,28400,17,209000,24,0.49,1,Kira,Konut,Cum,Odedi
35,20000,10,31000,36,0.16,0,Kira,Ihtiyac,Car,Odedi
37,47900,2,81000,60,0.21,0,Kira,Tasit,Car,Odedi
46,35800,12,346000,24,0.33,0,Ev sahibi,Konut,Paz,Odedi
21,17000,0,54000,36,0.38,0,Kira,Ihtiyac,Paz,Temerrut
25,33000,2,257000,48,0.49,1,Ev sahibi,Ihtiyac,Cum,Odedi
23,28000,0,242000,48,0.35,0,Kira,Ihtiyac,Cum,Temerrut
21,85300,0,378000,12,0.24,1,Ev sahibi,Ihtiyac,Cum,Temerrut
31,19500,4,146000,60,0.16,1,Kira,Tasit,Cmt,Odedi
45,22000,6,88000,12,0.31,1,Kira,Ihtiyac,Pzt,Odedi
35,69200,10,791000,36,0.2,0,Ev sahibi,Egitim,Car,Odedi
40,77300,7,814000,36,0.18,1,Aile yani,Konut,Pzt,Odedi
49,30000,16,136000,48,0.22,0,Aile yani,Ihtiyac,Per,Odedi
51,31600,15,223000,12,0.14,0,Kira,Tasit,Car,Odedi
37,55400,13,374000,24,0.22,1,Aile yani,Ihtiyac,Car,Odedi
52,17000,6,197000,48,0.32,1,Ev sahibi,Ihtiyac,Cmt,Odedi
39,18200,3,103000,12,0.19,1,Aile yani,Tasit,Sal,Temerrut
30,37000,3,274000,36,0.59,0,Kira,Ihtiyac,Paz,Odedi
32,84400,5,950000,48,0.39,1,Kira,Ihtiyac,Car,Temerrut
23,34500,1,111000,36,0.41,0,Kira,Ihtiyac,Sal,Temerrut
29,44000,6,320000,24,0.32,1,Ev sahibi,Ihtiyac,Sal,Odedi
34,70000,4,183000,24,0.11,0,Kira,Tasit,Cum,Odedi
46,108400,4,865000,60,0.3,2,Kira,Egitim,Paz,Odedi
55,32400,15,173000,36,0.5,1,Ev sahibi,Tasit,Paz,Odedi
24,41700,2,486000,12,0.15,2,Aile yani,Egitim,Sal,Temerrut
42,95400,16,559000,24,0.1,1,Ev sahibi,Tasit,Paz,Odedi
28,21200,5,62000,24,0.24,1,Ev sahibi,Ihtiyac,Sal,Odedi
43,66700,12,684000,60,0.17,1,Kira,Konut,Per,Odedi
37,26600,11,269000,24,0.36,0,Aile yani,Ihtiyac,Pzt,Odedi
21,44000,0,387000,12,0.25,1,Kira,Ihtiyac,Sal,Odedi
47,37700,7,353000,36,0.47,0,Kira,Egitim,Car,Odedi
32,27300,6,117000,12,0.05,0,Kira,Tasit,Paz,Odedi
33,27000,9,223000,24,0.55,1,Kira,Egitim,Sal,Temerrut
27,47600,2,90000,60,0.23,1,Ev sahibi,Ihtiyac,Sal,Odedi
31,65700,6,234000,48,0.28,1,Ev sahibi,Konut,Sal,Odedi
42,39600,10,447000,12,0.33,0,Kira,Ihtiyac,Sal,Odedi
36,43300,8,401000,36,0.11,0,Kira,Ihtiyac,Per,Odedi
41,54300,3,213000,24,0.34,0,Kira,Egitim,Sal,Odedi
42,27100,13,72000,12,0.27,2,Kira,Ihtiyac,Car,Temerrut
51,58600,24,672000,36,0.34,3,Aile yani,Tasit,Per,Temerrut
35,60700,3,163000,36,0.18,0,Ev sahibi,Egitim,Cmt,Odedi
23,135500,1,569000,48,0.16,0,Kira,Konut,Pzt,Odedi
49,35500,4,121000,60,0.07,1,Kira,Ihtiyac,Car,Odedi
35,34200,2,54000,24,0.24,1,Ev sahibi,Ihtiyac,Per,Odedi
49,59400,25,285000,60,0.06,1,Ev sahibi,Egitim,Paz,Odedi
42,60700,10,712000,36,0.88,0,Aile yani,Tasit,Paz,Temerrut
37,33000,6,168000,24,0.51,1,Kira,Tasit,Paz,Odedi
41,35000,6,238000,48,0.19,0,Ev sahibi,Ihtiyac,Per,Odedi
58,53600,33,500000,12,0.18,0,Kira,Ihtiyac,Pzt,Odedi
59,28900,11,211000,36,0.32,1,Ev sahibi,Egitim,Paz,Odedi
39,34900,12,325000,48,0.15,0,Kira,Tasit,Cum,Odedi
40,43700,6,369000,24,0.62,1,Ev sahibi,Konut,Paz,Odedi
49,65700,4,518000,48,0.27,0,Kira,Ihtiyac,Paz,Odedi
30,32000,6,266000,24,0.28,1,Ev sahibi,Ihtiyac,Cmt,Odedi
41,18300,2,181000,48,0.25,0,Kira,Tasit,Car,Odedi
38,17700,11,159000,12,0.23,0,Aile yani,Konut,Cum,Odedi
41,23800,6,234000,24,0.27,0,Kira,Ihtiyac,Cum,Temerrut
30,23300,6,71000,24,0.18,0,Ev sahibi,Ihtiyac,Paz,Odedi
22,39200,1,338000,48,0.31,1,Kira,Tasit,Sal,Odedi
21,24600,0,227000,12,0.65,1,Ev sahibi,Ihtiyac,Per,Temerrut
27,30600,1,142000,48,0.31,1,Ev sahibi,Ihtiyac,Cum,Odedi
33,29600,8,316000,24,0.45,2,Kira,Tasit,Sal,Temerrut
35,34400,12,162000,36,0.11,0,Kira,Ihtiyac,Car,Odedi
57,76200,11,309000,24,0.39,3,Kira,Tasit,Paz,Temerrut
49,56600,9,600000,12,0.35,0,Kira,Ihtiyac,Pzt,Odedi
28,42300,5,173000,60,0.53,0,Ev sahibi,Konut,Per,Odedi
41,34100,5,200000,36,0.32,1,Kira,Konut,Cum,Odedi
34,34600,8,186000,36,0.17,0,Kira,Konut,Paz,Odedi
35,48700,10,532000,36,0.26,1,Kira,Tasit,Sal,Odedi
40,54600,2,343000,36,0.42,1,Kira,Tasit,Car,Temerrut
44,27900,12,245000,36,0.37,1,Kira,Ihtiyac,Pzt,Odedi
35,42700,8,420000,60,0.54,1,Ev sahibi,Ihtiyac,Car,Odedi
49,17000,10,138000,36,0.13,0,Kira,Ihtiyac,Paz,Odedi
27,46200,5,527000,36,0.16,0,Aile yani,Konut,Cmt,Odedi
38,59200,4,588000,36,0.08,1,Ev sahibi,Ihtiyac,Car,Odedi
64,37000,17,211000,36,0.26,0,Kira,Ihtiyac,Cum,Temerrut
40,95100,15,1092000,36,0.08,1,Aile yani,Tasit,Paz,Odedi
52,28300,8,198000,36,0.19,0,Ev sahibi,Tasit,Per,Odedi
39,46300,14,80000,36,0.31,0,Ev sahibi,Ihtiyac,Car,Odedi
44,41300,4,175000,48,0.17,0,Kira,Ihtiyac,Paz,Temerrut
37,40100,8,322000,60,0.07,0,Ev sahibi,Tasit,Cmt,Odedi
36,39900,2,126000,60,0.21,0,Kira,Egitim,Per,Odedi
30,44100,6,337000,48,0.33,0,Ev sahibi,Tasit,Pzt,Odedi
42,61500,15,326000,36,0.16,0,Kira,Ihtiyac,Pzt,Odedi
29,78100,6,555000,48,0.24,1,Kira,Konut,Pzt,Odedi
45,42000,21,64000,24,0.16,0,Ev sahibi,Ihtiyac,Cum,Odedi
49,60600,18,631000,36,0.47,0,Kira,Ihtiyac,Sal,Odedi
42,30600,15,162000,24,0.33,1,Kira,Ihtiyac,Pzt,Odedi
35,59300,7,176000,12,0.67,1,Ev sahibi,Ihtiyac,Cum,Odedi
43,29800,18,182000,60,0.46,0,Kira,Tasit,Per,Temerrut
35,68600,9,453000,48,0.16,0,Kira,Tasit,Per,Odedi
47,113600,21,931000,36,0.15,1,Kira,Konut,Sal,Odedi
21,39800,0,279000,24,0.71,0,Aile yani,Tasit,Sal,Temerrut
35,17000,7,33000,36,0.28,0,Ev sahibi,Ihtiyac,Sal,Odedi
21,32800,0,349000,36,0.34,1,Ev sahibi,Tasit,Cum,Temerrut
23,73100,1,460000,48,0.51,1,Aile yani,Konut,Paz,Temerrut
52,53900,8,124000,60,0.57,0,Ev sahibi,Tasit,Paz,Odedi
47,47000,23,452000,24,0.23,0,Ev sahibi,Ihtiyac,Pzt,Odedi
31,66100,4,557000,24,0.21,1,Ev sahibi,Tasit,Cum,Odedi
23,52200,0,434000,24,0.42,0,Aile yani,Tasit,Cmt,Temerrut
21,72600,0,434000,12,0.07,1,Ev sahibi,Ihtiyac,Pzt,Odedi
33,63500,5,369000,24,0.28,0,Kira,Konut,Cum,Odedi
62,83300,25,594000,12,0.28,0,Kira,Ihtiyac,Per,Temerrut
42,49400,18,100000,12,0.43,1,Kira,Ihtiyac,Sal,Odedi
32,63100,10,293000,24,0.26,2,Ev sahibi,Konut,Cmt,Odedi
43,36600,14,435000,24,0.33,0,Aile yani,Konut,Paz,Odedi
22,32000,1,270000,48,0.31,3,Ev sahibi,Tasit,Cum,Odedi
35,90500,5,534000,12,0.16,1,Ev sahibi,Tasit,Sal,Odedi
39,46300,14,178000,48,0.2,1,Ev sahibi,Egitim,Per,Odedi
37,60300,4,562000,24,0.34,2,Aile yani,Ihtiyac,Per,Temerrut
46,44400,5,188000,12,0.62,2,Ev sahibi,Ihtiyac,Paz,Temerrut
41,32300,18,104000,12,0.26,0,Kira,Tasit,Cmt,Odedi
45,42200,19,132000,48,0.22,0,Ev sahibi,Ihtiyac,Cum,Odedi
31,80100,3,733000,24,0.37,1,Kira,Tasit,Cmt,Temerrut
47,53900,17,445000,36,0.17,3,Kira,Egitim,Cum,Odedi
54,19400,16,43000,12,0.34,1,Kira,Ihtiyac,Car,Odedi
28,38100,3,103000,60,0.31,1,Kira,Ihtiyac,Pzt,Odedi
29,93700,3,764000,12,0.46,1,Kira,Ihtiyac,Cmt,Temerrut
51,38100,6,286000,36,0.18,0,Kira,Tasit,Per,Odedi
36,18700,8,163000,48,0.25,1,Aile yani,Konut,Paz,Odedi
52,98400,14,332000,24,0.55,1,Kira,Egitim,Cum,Odedi
34,57100,7,521000,24,0.59,1,Aile yani,Tasit,Per,Odedi
53,40700,9,461000,48,0.15,2,Kira,Egitim,Cum,Temerrut
39,35500,15,277000,24,0.35,0,Aile yani,Ihtiyac,Cum,Odedi
41,68400,12,243000,12,0.72,1,Ev sahibi,Ihtiyac,Paz,Odedi
54,32900,27,284000,36,0.58,1,Aile yani,Ihtiyac,Car,Odedi
34,70400,2,359000,12,0.38,1,Ev sahibi,Konut,Car,Odedi
29,53600,5,108000,60,0.28,1,Ev sahibi,Ihtiyac,Car,Odedi
34,46900,10,219000,36,0.31,0,Kira,Ihtiyac,Pzt,Odedi
43,44800,8,493000,36,0.05,0,Kira,Ihtiyac,Per,Temerrut
22,38800,0,226000,24,0.14,3,Ev sahibi,Ihtiyac,Per,Temerrut
44,67200,7,711000,36,0.47,1,Kira,Tasit,Sal,Odedi
33,28500,4,195000,36,0.2,1,Kira,Egitim,Cmt,Temerrut
49,20200,13,140000,12,0.23,0,Aile yani,Ihtiyac,Cum,Odedi
21,55400,0,86000,60,0.18,2,Kira,Tasit,Sal,Temerrut
30,55800,3,457000,36,0.11,0,Ev sahibi,Ihtiyac,Sal,Odedi
21,52100,0,137000,48,0.13,1,Kira,Ihtiyac,Cum,Odedi
30,50500,1,330000,24,0.31,0,Kira,Ihtiyac,Pzt,Temerrut
40,36400,7,154000,12,0.35,1,Kira,Tasit,Sal,Odedi
36,59900,10,337000,48,0.11,0,Ev sahibi,Tasit,Per,Odedi
35,41100,3,293000,48,0.2,1,Aile yani,Tasit,Paz,Odedi
36,33700,4,56000,24,0.19,1,Aile yani,Konut,Pzt,Odedi
40,36500,5,164000,12,0.16,1,Kira,Ihtiyac,Per,Odedi
28,104300,1,1240000,48,0.25,2,Kira,Konut,Per,Odedi
45,19200,11,40000,24,0.44,1,Aile yani,Tasit,Sal,Odedi
45,52600,3,255000,24,0.33,1,Kira,Ihtiyac,Per,Odedi
42,19700,7,96000,36,0.24,3,Kira,Ihtiyac,Cum,Temerrut
44,40000,21,219000,12,0.3,0,Kira,Ihtiyac,Pzt,Temerrut
41,34600,17,301000,12,0.49,0,Ev sahibi,Ihtiyac,Paz,Odedi
58,17000,10,70000,12,0.31,0,Kira,Ihtiyac,Sal,Odedi
37,50000,6,317000,60,0.37,1,Kira,Ihtiyac,Car,Odedi
35,35400,7,293000,24,0.19,1,Aile yani,Egitim,Pzt,Odedi
30,17000,7,83000,36,0.1,0,Aile yani,Egitim,Cum,Odedi
28,61300,5,703000,60,0.03,1,Ev sahibi,Tasit,Cum,Odedi
26,80100,1,944000,36,0.19,2,Ev sahibi,Konut,Pzt,Odedi
29,82100,2,226000,36,0.31,2,Aile yani,Egitim,Car,Odedi
37,49400,7,252000,36,0.29,1,Ev sahibi,Ihtiyac,Cmt,Odedi
41,42900,16,158000,24,0.08,0,Ev sahibi,Tasit,Cum,Odedi
39,76400,15,264000,36,0.13,1,Kira,Tasit,Car,Odedi
30,89500,2,596000,60,0.38,2,Kira,Egitim,Cum,Odedi
47,69900,15,519000,48,0.26,1,Aile yani,Konut,Cmt,Odedi
45,27500,5,164000,36,0.37,0,Ev sahibi,Ihtiyac,Car,Odedi
36,46000,10,201000,24,0.71,1,Kira,Konut,Sal,Odedi
31,51200,8,227000,60,0.29,0,Ev sahibi,Ihtiyac,Pzt,Odedi
43,18600,10,222000,12,0.21,0,Ev sahibi,Ihtiyac,Paz,Temerrut
40,51900,3,581000,48,0.27,0,Kira,Tasit,Car,Odedi
24,116800,2,268000,24,0.28,1,Ev sahibi,Tasit,Cmt,Odedi
37,56000,7,470000,48,0.35,0,Kira,Ihtiyac,Car,Odedi
41,81500,15,513000,48,0.28,0,Ev sahibi,Ihtiyac,Cum,Odedi
29,45600,3,398000,36,0.64,0,Aile yani,Konut,Car,Odedi
40,40600,15,315000,24,0.24,1,Aile yani,Ihtiyac,Cum,Odedi
23,49900,1,541000,48,0.74,0,Aile yani,Konut,Paz,Temerrut
51,29100,7,64000,24,0.3,1,Ev sahibi,Tasit,Cmt,Odedi
50,27200,10,141000,24,0.14,1,Kira,Tasit,Sal,Odedi
35,74300,2,880000,36,0.14,0,Ev sahibi,Ihtiyac,Per,Odedi
42,77900,7,266000,36,0.36,2,Kira,Egitim,Sal,Odedi
21,26900,0,76000,36,0.18,1,Ev sahibi,Egitim,Sal,Odedi
26,64900,1,594000,12,0.48,0,Ev sahibi,Ihtiyac,Cmt,Temerrut
35,40400,3,390000,36,0.14,0,Ev sahibi,Tasit,Paz,Odedi
27,48900,1,419000,60,0.09,1,Kira,Konut,Paz,Odedi
45,51700,4,499000,12,0.11,0,Kira,Ihtiyac,Cmt,Temerrut
58,65700,30,577000,36,0.5,0,Kira,Tasit,Per,Temerrut
26,43600,4,128000,36,0.1,0,Kira,Konut,Per,Odedi
30,79200,1,625000,60,0.43,0,Kira,Tasit,Per,Odedi
40,48300,13,466000,36,0.39,1,Kira,Egitim,Cmt,Odedi
54,55600,23,589000,48,0.52,0,Aile yani,Ihtiyac,Pzt,Odedi
26,28900,4,118000,24,0.5,0,Kira,Egitim,Cmt,Odedi
40,110900,7,315000,24,0.2,1,Aile yani,Egitim,Cmt,Odedi
56,51900,11,504000,60,0.35,0,Kira,Ihtiyac,Paz,Odedi
21,57900,0,243000,60,0.4,2,Aile yani,Ihtiyac,Cum,Odedi
25,20400,3,37000,36,0.52,0,Ev sahibi,Tasit,Per,Odedi
34,29000,9,295000,36,0.06,0,Aile yani,Egitim,Per,Odedi
33,73300,6,499000,36,0.12,0,Aile yani,Ihtiyac,Cum,Odedi
46,47800,7,236000,12,0.19,2,Ev sahibi,Ihtiyac,Car,Odedi
40,17800,13,29000,60,0.26,0,Kira,Konut,Cmt,Odedi
21,67000,0,125000,48,0.59,0,Ev sahibi,Ihtiyac,Per,Temerrut
43,32900,9,323000,36,0.37,0,Kira,Tasit,Sal,Odedi
32,79300,7,527000,24,0.25,1,Aile yani,Tasit,Cmt,Odedi
51,40400,13,124000,24,0.35,4,Aile yani,Egitim,Car,Odedi
32,46100,5,243000,12,0.38,1,Kira,Ihtiyac,Pzt,Temerrut
32,71400,6,231000,48,0.31,0,Ev sahibi,Egitim,Per,Odedi
43,28000,16,75000,36,0.44,0,Kira,Tasit,Per,Odedi
46,26900,22,118000,24,0.2,1,Ev sahibi,Egitim,Car,Odedi
42,38400,10,279000,36,0.45,0,Ev sahibi,Ihtiyac,Pzt,Odedi
21,60900,0,226000,60,0.08,2,Ev sahibi,Tasit,Per,Temerrut
43,23100,9,118000,12,0.2,0,Aile yani,Konut,Cmt,Temerrut
28,19800,1,129000,36,0.67,0,Kira,Konut,Cmt,Odedi
40,60800,6,359000,36,0.46,1,Ev sahibi,Ihtiyac,Sal,Odedi
24,32000,1,91000,24,0.5,1,Ev sahibi,Tasit,Per,Temerrut
42,35200,9,67000,36,0.38,0,Kira,Ihtiyac,Paz,Odedi
30,18200,2,34000,36,0.43,0,Kira,Ihtiyac,Car,Temerrut
25,30900,2,160000,24,0.51,1,Kira,Konut,Per,Temerrut
45,41900,18,379000,24,0.27,1,Ev sahibi,Egitim,Cum,Temerrut
40,63800,6,184000,48,0.19,1,Aile yani,Tasit,Per,Odedi
32,29700,6,290000,24,0.17,0,Kira,Ihtiyac,Cmt,Temerrut
53,88500,26,798000,36,0.42,2,Kira,Ihtiyac,Car,Temerrut
34,30900,7,48000,36,0.09,1,Kira,Ihtiyac,Per,Odedi
38,30900,4,55000,48,0.39,1,Kira,Ihtiyac,Per,Odedi
41,83900,8,298000,48,0.54,3,Kira,Konut,Cmt,Temerrut
32,46200,6,97000,48,0.17,1,Ev sahibi,Ihtiyac,Car,Odedi
43,32800,11,232000,36,0.19,0,Kira,Ihtiyac,Sal,Odedi
33,39200,3,75000,36,0.37,2,Aile yani,Konut,Car,Odedi
34,77200,6,766000,24,0.12,1,Kira,Ihtiyac,Sal,Odedi
52,81200,17,542000,24,0.31,2,Ev sahibi,Ihtiyac,Sal,Temerrut
28,29100,2,266000,36,0.38,0,Kira,Tasit,Cmt,Odedi
21,41200,0,387000,12,0.26,1,Kira,Ihtiyac,Car,Temerrut
54,43700,5,298000,36,0.41,1,Kira,Tasit,Sal,Odedi
63,26900,16,302000,24,0.51,0,Ev sahibi,Tasit,Cmt,Temerrut
34,41000,10,488000,12,0.14,0,Aile yani,Tasit,Cmt,Odedi
21,42100,0,222000,24,0.42,1,Kira,Ihtiyac,Sal,Temerrut
35,70200,8,198000,48,0.24,3,Ev sahibi,Ihtiyac,Car,Odedi
35,72300,6,384000,36,0.34,0,Ev sahibi,Tasit,Cmt,Odedi
36,36200,5,139000,48,0.14,1,Kira,Ihtiyac,Sal,Odedi
27,38100,5,270000,36,0.34,2,Aile yani,Ihtiyac,Paz,Odedi
44,56600,9,310000,48,0.22,2,Kira,Ihtiyac,Cum,Odedi
43,32300,6,211000,48,0.33,1,Aile yani,Ihtiyac,Cum,Odedi
23,54700,2,520000,12,0.25,0,Ev sahibi,Ihtiyac,Per,Temerrut
45,40400,17,177000,60,0.33,0,Kira,Egitim,Pzt,Odedi
59,27200,25,194000,12,0.49,2,Ev sahibi,Tasit,Cmt,Temerrut
40,27300,3,137000,36,0.48,0,Kira,Tasit,Per,Temerrut
35,80500,3,784000,48,0.43,1,Ev sahibi,Ihtiyac,Sal,Temerrut
37,39100,10,321000,24,0.28,1,Ev sahibi,Ihtiyac,Cmt,Odedi
44,87900,6,140000,36,0.27,2,Ev sahibi,Konut,Car,Odedi
21,33300,0,281000,24,0.06,0,Kira,Konut,Car,Temerrut
40,47900,14,157000,12,0.23,0,Kira,Egitim,Cum,Odedi
34,123300,4,1123000,12,0.45,0,Ev sahibi,Ihtiyac,Sal,Odedi
56,26100,6,195000,12,0.55,0,Ev sahibi,Ihtiyac,Pzt,Temerrut
36,17900,2,102000,12,0.46,0,Ev sahibi,Konut,Car,Odedi
55,74900,15,658000,36,0.08,0,Kira,Ihtiyac,Cum,Odedi
27,29000,4,304000,36,0.12,0,Ev sahibi,Ihtiyac,Car,Odedi
44,41600,18,403000,36,0.22,1,Ev sahibi,Ihtiyac,Cum,Odedi
41,32300,4,233000,36,0.65,0,Ev sahibi,Ihtiyac,Pzt,Odedi
29,47400,2,431000,12,0.08,1,Kira,Konut,Sal,Odedi
40,27400,10,160000,24,0.38,2,Kira,Konut,Sal,Temerrut
50,38700,11,379000,48,0.27,1,Kira,Tasit,Pzt,Odedi
35,51400,7,525000,60,0.32,2,Ev sahibi,Ihtiyac,Cum,Odedi
21,26700,0,79000,36,0.36,2,Ev sahibi,Konut,Sal,Temerrut
38,30600,9,122000,12,0.12,0,Aile yani,Tasit,Per,Odedi
29,35900,3,156000,48,0.17,0,Kira,Konut,Paz,Odedi
35,22100,12,72000,60,0.35,1,Ev sahibi,Tasit,Sal,Odedi
37,34700,2,195000,36,0.28,1,Aile yani,Egitim,Sal,Odedi
21,44300,0,156000,24,0.43,0,Kira,Ihtiyac,Paz,Temerrut
22,35100,1,272000,12,0.24,0,Kira,Tasit,Car,Temerrut
43,37200,11,95000,36,0.64,5,Kira,Konut,Car,Temerrut
33,41600,10,180000,60,0.28,0,Ev sahibi,Egitim,Cmt,Odedi
21,31300,0,266000,36,0.45,2,Kira,Egitim,Pzt,Temerrut
46,57300,11,326000,24,0.15,1,Kira,Ihtiyac,Car,Odedi
41,80100,6,475000,36,0.19,2,Ev sahibi,Tasit,Sal,Odedi
31,34100,6,337000,48,0.41,2,Ev sahibi,Ihtiyac,Paz,Temerrut
25,52200,2,618000,36,0.26,1,Aile yani,Tasit,Car,Temerrut
46,37700,7,280000,48,0.32,0,Ev sahibi,Ihtiyac,Per,Odedi
41,49500,13,115000,24,0.81,0,Aile yani,Ihtiyac,Per,Odedi
62,85000,25,219000,24,0.36,0,Ev sahibi,Egitim,Per,Odedi
42,52800,9,616000,36,0.26,0,Aile yani,Konut,Pzt,Odedi
42,18900,2,163000,36,0.45,1,Kira,Tasit,Sal,Temerrut
36,51500,7,484000,60,0.37,1,Aile yani,Ihtiyac,Cmt,Odedi
46,73100,3,628000,36,0.41,0,Aile yani,Ihtiyac,Per,Temerrut
44,38000,4,129000,24,0.24,3,Ev sahibi,Ihtiyac,Paz,Odedi
51,65700,13,408000,24,0.21,1,Kira,Ihtiyac,Per,Temerrut
33,30800,2,304000,36,0.11,2,Kira,Egitim,Car,Odedi
34,21500,4,228000,24,0.18,2,Kira,Tasit,Car,Temerrut
33,44800,7,179000,48,0.32,0,Kira,Ihtiyac,Cmt,Odedi
46,19100,9,148000,24,0.44,1,Kira,Konut,Sal,Odedi
53,37700,29,119000,24,0.55,0,Kira,Ihtiyac,Cum,Odedi
33,74900,10,866000,36,0.03,0,Kira,Ihtiyac,Paz,Odedi
34,17800,7,74000,12,0.06,1,Aile yani,Ihtiyac,Cmt,Odedi
41,23600,17,215000,36,0.07,2,Ev sahibi,Ihtiyac,Car,Odedi
36,26400,12,104000,36,0.48,0,Aile yani,Tasit,Sal,Temerrut
48,40800,10,325000,36,0.39,1,Kira,Konut,Cum,Odedi
21,35600,0,300000,48,0.28,0,Kira,Tasit,Cum,Temerrut
30,78800,2,390000,48,0.21,0,Kira,Konut,Cmt,Odedi
30,64500,6,651000,48,0.34,2,Aile yani,Egitim,Pzt,Odedi
21,52500,0,567000,24,0.2,0,Kira,Konut,Per,Odedi
28,44800,1,469000,24,0.09,0,Ev sahibi,Egitim,Pzt,Odedi
29,50100,3,249000,48,0.63,1,Kira,Egitim,Paz,Odedi
36,28500,13,265000,36,0.29,2,Kira,Konut,Paz,Temerrut
49,61800,10,456000,36,0.15,2,Kira,Ihtiyac,Cmt,Odedi
36,25500,4,197000,36,0.23,0,Kira,Ihtiyac,Car,Odedi
28,61200,2,399000,48,0.44,1,Kira,Konut,Cmt,Odedi
37,71600,8,559000,24,0.4,1,Aile yani,Konut,Per,Odedi
48,46200,21,135000,36,0.17,0,Kira,Konut,Cum,Odedi
28,38800,5,225000,24,0.19,1,Kira,Tasit,Sal,Temerrut
29,50300,4,169000,36,0.55,0,Kira,Konut,Per,Odedi
44,17000,6,75000,36,0.34,1,Aile yani,Konut,Paz,Odedi
36,48100,2,137000,36,0.38,2,Ev sahibi,Tasit,Sal,Odedi
44,39900,11,149000,24,0.18,3,Ev sahibi,Ihtiyac,Car,Odedi
38,41100,13,399000,60,0.08,1,Ev sahibi,Tasit,Car,Odedi
45,57700,16,420000,48,0.24,0,Aile yani,Ihtiyac,Sal,Odedi
28,40600,3,71000,36,0.31,1,Kira,Ihtiyac,Car,Odedi
38,25100,10,245000,60,0.4,0,Ev sahibi,Tasit,Cum,Odedi
36,39400,7,435000,36,0.27,0,Ev sahibi,Ihtiyac,Pzt,Odedi
26,43300,3,465000,48,0.04,1,Kira,Egitim,Sal,Odedi
22,44200,1,448000,24,0.36,0,Kira,Tasit,Cmt,Temerrut
45,45200,15,539000,24,0.33,0,Ev sahibi,Tasit,Sal,Odedi
34,67000,7,513000,24,0.13,0,Kira,Ihtiyac,Car,Odedi
28,25800,6,299000,12,0.34,1,Kira,Konut,Cum,Temerrut
37,45500,7,522000,36,0.68,0,Kira,Tasit,Cmt,Odedi
49,75000,3,359000,24,0.53,1,Kira,Tasit,Paz,Odedi
21,19200,0,203000,36,0.57,0,Ev sahibi,Tasit,Sal,Temerrut
23,45500,1,447000,24,0.17,2,Ev sahibi,Tasit,Cmt,Temerrut
29,32300,4,312000,12,0.39,1,Ev sahibi,Tasit,Cmt,Odedi
53,35500,17,387000,60,0.05,1,Kira,Konut,Pzt,Odedi
41,28000,13,155000,36,0.25,1,Kira,Konut,Paz,Odedi
46,38900,8,222000,60,0.29,3,Ev sahibi,Ihtiyac,Car,Temerrut
27,96200,4,791000,36,0.35,0,Aile yani,Egitim,Car,Odedi
27,23800,4,220000,12,0.41,0,Kira,Ihtiyac,Cmt,Temerrut
42,24800,9,266000,36,0.36,1,Ev sahibi,Ihtiyac,Per,Odedi
39,23400,8,250000,36,0.18,2,Aile yani,Ihtiyac,Sal,Odedi
43,91400,5,829000,12,0.23,0,Ev sahibi,Ihtiyac,Car,Odedi
36,34100,6,394000,48,0.26,2,Kira,Ihtiyac,Cmt,Temerrut
41,41500,15,140000,36,0.3,1,Kira,Konut,Sal,Odedi
40,35000,16,402000,48,0.8,1,Ev sahibi,Tasit,Per,Odedi
46,27500,14,60000,36,0.48,1,Ev sahibi,Egitim,Cmt,Odedi
46,37800,8,277000,36,0.19,0,Ev sahibi,Ihtiyac,Paz,Odedi
22,127000,1,311000,24,0.4,0,Ev sahibi,Tasit,Cmt,Odedi
21,78600,0,587000,60,0.05,0,Kira,Ihtiyac,Car,Odedi
48,28600,10,160000,36,0.26,2,Ev sahibi,Tasit,Sal,Temerrut
50,56200,22,132000,24,0.15,0,Ev sahibi,Ihtiyac,Paz,Odedi
28,28900,1,240000,12,0.29,1,Aile yani,Tasit,Cum,Temerrut
21,18900,0,173000,36,0.32,0,Ev sahibi,Konut,Car,Temerrut
39,66400,4,221000,60,0.37,0,Kira,Ihtiyac,Paz,Odedi
47,70800,6,622000,60,0.38,2,Ev sahibi,Ihtiyac,Cmt,Odedi
56,67200,28,227000,48,0.03,5,Ev sahibi,Ihtiyac,Per,Temerrut
43,34000,10,100000,60,0.08,1,Kira,Ihtiyac,Sal,Odedi
34,39000,4,119000,48,0.23,1,Ev sahibi,Tasit,Pzt,Odedi
29,58900,4,459000,24,0.32,0,Kira,Tasit,Per,Odedi
38,50100,7,485000,36,0.23,0,Kira,Konut,Pzt,Odedi
35,35200,5,273000,12,0.28,0,Ev sahibi,Egitim,Car,Odedi
28,20300,1,203000,24,0.23,0,Kira,Ihtiyac,Cum,Temerrut
58,44200,23,341000,36,0.28,0,Ev sahibi,Egitim,Pzt,Odedi
56,68300,7,674000,24,0.26,0,Ev sahibi,Konut,Paz,Odedi
49,24500,20,288000,60,0.02,0,Ev sahibi,Ihtiyac,Per,Odedi
29,56000,2,314000,60,0.56,1,Ev sahibi,Konut,Paz,Temerrut
47,48800,18,150000,24,0.17,0,Ev sahibi,Tasit,Sal,Odedi
44,58900,17,172000,48,0.19,0,Kira,Konut,Per,Odedi
42,62200,4,484000,36,0.56,0,Aile yani,Konut,Paz,Odedi
50,30700,5,222000,12,0.13,0,Kira,Egitim,Cum,Odedi
44,20300,20,70000,24,0.12,1,Ev sahibi,Konut,Cmt,Odedi
45,33000,11,355000,24,0.37,0,Ev sahibi,Konut,Cum,Odedi
44,62700,14,724000,24,0.18,1,Kira,Ihtiyac,Cmt,Odedi
41,32900,2,137000,24,0.29,0,Ev sahibi,Egitim,Car,Odedi
21,30700,0,113000,12,0.26,0,Kira,Tasit,Per,Temerrut
39,18500,9,69000,24,0.46,1,Kira,Konut,Pzt,Temerrut
32,92400,9,514000,60,0.11,0,Kira,Konut,Sal,Odedi
25,60900,1,637000,12,0.42,3,Kira,Ihtiyac,Pzt,Temerrut
55,59400,24,461000,24,0.33,3,Aile yani,Ihtiyac,Car,Temerrut
55,64900,21,143000,36,0.18,0,Ev sahibi,Konut,Cmt,Odedi
52,54400,6,352000,24,0.02,0,Kira,Egitim,Sal,Odedi
41,37600,7,92000,36,0.11,1,Ev sahibi,Konut,Per,Odedi
52,39000,9,225000,12,0.04,0,Ev sahibi,Tasit,Per,Odedi
38,34600,8,198000,36,0.41,0,Ev sahibi,Ihtiyac,Sal,Temerrut
40,137500,12,1142000,36,0.34,0,Ev sahibi,Tasit,Cmt,Odedi
27,53900,3,392000,36,0.65,1,Kira,Ihtiyac,Cmt,Temerrut
42,34100,6,364000,36,0.29,0,Kira,Egitim,Sal,Temerrut
39,51800,12,87000,36,0.11,1,Ev sahibi,Tasit,Pzt,Odedi
25,26600,2,256000,24,0.33,2,Ev sahibi,Ihtiyac,Pzt,Odedi
37,82700,8,144000,24,0.31,0,Ev sahibi,Tasit,Car,Odedi
37,31200,9,146000,36,0.37,0,Kira,Egitim,Pzt,Odedi
56,52600,10,565000,12,0.27,2,Ev sahibi,Tasit,Pzt,Temerrut
47,67900,17,594000,24,0.45,3,Kira,Ihtiyac,Per,Temerrut
38,49900,7,165000,36,0.2,0,Ev sahibi,Tasit,Per,Odedi
40,43800,7,291000,12,0.33,2,Kira,Tasit,Pzt,Temerrut
38,42200,4,383000,12,0.21,1,Ev sahibi,Ihtiyac,Cum,Temerrut
36,40900,9,464000,36,0.25,1,Aile yani,Konut,Car,Temerrut
27,32400,3,264000,24,0.21,0,Kira,Ihtiyac,Sal,Temerrut
36,34300,6,60000,48,0.32,0,Ev sahibi,Tasit,Pzt,Odedi
31,81700,8,551000,60,0.35,0,Ev sahibi,Ihtiyac,Cmt,Odedi
25,40000,3,124000,60,0.37,0,Kira,Tasit,Pzt,Odedi
43,29500,4,59000,36,0.19,2,Kira,Tasit,Sal,Temerrut
42,33300,14,259000,24,0.28,0,Ev sahibi,Tasit,Cum,Odedi
21,68900,0,665000,36,0.23,0,Kira,Ihtiyac,Cum,Temerrut
37,56900,14,107000,36,0.13,0,Kira,Ihtiyac,Paz,Odedi
48,54000,8,525000,36,0.18,0,Aile yani,Konut,Pzt,Odedi
49,37400,9,333000,24,0.35,2,Ev sahibi,Egitim,Sal,Temerrut
48,54400,12,511000,12,0.55,1,Ev sahibi,Ihtiyac,Cum,Odedi
38,31400,5,128000,24,0.14,0,Ev sahibi,Ihtiyac,Sal,Odedi
30,37400,6,211000,24,0.24,0,Ev sahibi,Egitim,Car,Odedi
27,65000,3,179000,12,0.52,0,Ev sahibi,Ihtiyac,Car,Odedi
41,62200,6,249000,60,0.13,0,Kira,Egitim,Cmt,Odedi
42,27000,11,126000,12,0.19,1,Kira,Konut,Cmt,Odedi
51,28600,24,139000,36,0.34,0,Ev sahibi,Ihtiyac,Cmt,Odedi
49,44100,21,147000,60,0.34,0,Aile yani,Ihtiyac,Per,Odedi
37,91300,8,318000,24,0.69,0,Kira,Egitim,Per,Odedi
26,17700,2,194000,36,0.27,1,Aile yani,Ihtiyac,Per,Odedi
35,47600,3,463000,36,0.3,1,Ev sahibi,Tasit,Pzt,Odedi
40,22600,15,116000,24,0.28,0,Ev sahibi,Ihtiyac,Per,Odedi
36,31600,10,362000,36,0.31,0,Kira,Tasit,Sal,Odedi
32,35600,6,143000,48,0.05,1,Kira,Konut,Paz,Odedi
41,34800,16,201000,48,0.33,1,Ev sahibi,Tasit,Sal,Odedi
33,33000,2,331000,48,0.27,1,Kira,Ihtiyac,Pzt,Odedi
32,42100,7,259000,60,0.54,1,Kira,Tasit,Paz,Odedi
41,33000,5,131000,24,0.19,0,Kira,Tasit,Sal,Odedi
34,21700,3,117000,48,0.21,2,Aile yani,Ihtiyac,Per,Temerrut
40,59700,9,403000,36,0.41,0,Kira,Konut,Car,Odedi
41,58900,8,472000,36,0.43,0,Ev sahibi,Tasit,Sal,Odedi
27,61400,5,354000,48,0.54,0,Kira,Ihtiyac,Per,Temerrut
33,21000,4,127000,48,0.74,0,Kira,Egitim,Cmt,Temerrut
52,48000,23,205000,60,0.39,0,Kira,Ihtiyac,Pzt,Odedi
26,56900,3,405000,24,0.14,0,Ev sahibi,Ihtiyac,Cum,Odedi
21,26400,0,100000,36,0.29,2,Ev sahibi,Ihtiyac,Paz,Temerrut
21,42200,0,448000,24,0.09,1,Kira,Ihtiyac,Car,Odedi
38,39900,7,373000,36,0.09,0,Aile yani,Ihtiyac,Cum,Odedi
38,96200,7,559000,48,0.55,1,Kira,Ihtiyac,Paz,Odedi
37,99900,4,934000,48,0.17,0,Aile yani,Konut,Paz,Odedi
50,19900,9,31000,36,0.33,1,Kira,Tasit,Cum,Odedi
21,129000,0,660000,36,0.3,1,Aile yani,Ihtiyac,Paz,Odedi
42,27800,10,170000,24,0.38,0,Aile yani,Konut,Cmt,Temerrut
54,65300,12,420000,24,0.25,0,Ev sahibi,Konut,Per,Odedi
27,65000,2,609000,24,0.26,1,Kira,Tasit,Pzt,Temerrut
34,26800,6,311000,60,0.53,1,Ev sahibi,Egitim,Cmt,Odedi
30,52400,6,288000,24,0.55,1,Aile yani,Ihtiyac,Car,Temerrut
29,40000,3,207000,60,0.32,0,Ev sahibi,Ihtiyac,Cmt,Odedi
35,53900,10,426000,24,0.19,1,Kira,Ihtiyac,Cum,Odedi
52,46600,19,208000,48,0.34,0,Kira,Ihtiyac,Car,Odedi
56,72000,26,215000,36,0.12,0,Kira,Tasit,Cmt,Odedi
35,43400,4,503000,36,0.36,3,Ev sahibi,Ihtiyac,Cum,Temerrut
57,38900,22,389000,36,0.58,0,Kira,Tasit,Cmt,Odedi
38,68800,4,796000,48,0.24,1,Ev sahibi,Egitim,Paz,Odedi
56,54500,14,206000,60,0.68,0,Kira,Konut,Sal,Odedi
37,58400,11,99000,36,0.31,0,Kira,Tasit,Cmt,Odedi
39,31100,11,189000,12,0.4,1,Kira,Tasit,Pzt,Odedi
42,26200,5,296000,24,0.45,0,Aile yani,Konut,Cum,Temerrut
68,32500,37,96000,48,0.28,0,Ev sahibi,Tasit,Sal,Odedi
47,31800,4,87000,36,0.11,1,Ev sahibi,Ihtiyac,Sal,Odedi
31,59800,6,133000,36,0.24,0,Ev sahibi,Ihtiyac,Sal,Odedi
48,65200,24,622000,36,0.34,0,Ev sahibi,Ihtiyac,Cmt,Odedi
34,39200,7,382000,24,0.55,2,Kira,Tasit,Car,Temerrut
33,80000,9,704000,48,0.22,2,Ev sahibi,Tasit,Car,Odedi
47,77700,15,160000,48,0.33,0,Kira,Ihtiyac,Car,Odedi
38,46900,12,427000,48,0.5,0,Ev sahibi,Ihtiyac,Cum,Odedi
41,29000,12,180000,48,0.27,1,Kira,Konut,Paz,Odedi
38,85300,11,269000,60,0.62,0,Aile yani,Ihtiyac,Cum,Odedi
41,40900,6,188000,36,0.22,0,Ev sahibi,Ihtiyac,Pzt,Odedi
42,44500,15,301000,60,0.09,1,Kira,Ihtiyac,Per,Temerrut
21,36000,0,179000,12,0.31,0,Ev sahibi,Ihtiyac,Pzt,Temerrut
45,28100,21,328000,36,0.17,0,Kira,Konut,Sal,Odedi
28,21700,2,141000,48,0.14,1,Kira,Ihtiyac,Sal,Odedi
24,55800,1,302000,36,0.32,1,Aile yani,Ihtiyac,Cum,Temerrut
37,29500,13,253000,24,0.26,1,Ev sahibi,Egitim,Paz,Odedi
39,166400,5,1386000,36,0.62,1,Ev sahibi,Tasit,Sal,Odedi
31,25800,4,39000,24,0.12,0,Kira,Tasit,Paz,Temerrut
46,23900,17,191000,60,0.14,1,Kira,Tasit,Sal,Odedi
25,52800,1,214000,24,0.47,1,Kira,Ihtiyac,Car,Temerrut
34,83600,3,455000,24,0.11,1,Ev sahibi,Ihtiyac,Pzt,Odedi
32,43200,5,385000,36,0.35,0,Ev sahibi,Ihtiyac,Pzt,Odedi
38,54300,5,399000,24,0.12,1,Kira,Ihtiyac,Cum,Odedi
41,18300,6,98000,12,0.47,0,Kira,Ihtiyac,Car,Odedi
28,31000,1,101000,36,0.22,1,Kira,Tasit,Pzt,Odedi
45,25900,10,176000,36,0.21,0,Kira,Ihtiyac,Per,Odedi
39,17900,6,87000,24,0.23,0,Kira,Ihtiyac,Car,Odedi
21,44300,0,491000,36,0.27,1,Kira,Tasit,Car,Temerrut
21,17000,0,121000,36,0.1,0,Kira,Ihtiyac,Paz,Temerrut
38,23200,10,246000,48,0.19,0,Kira,Tasit,Car,Odedi
36,33000,2,185000,24,0.07,0,Kira,Ihtiyac,Per,Odedi
37,28900,6,294000,24,0.12,0,Ev sahibi,Konut,Cum,Odedi
38,50200,14,105000,60,0.24,0,Ev sahibi,Konut,Paz,Odedi
40,48200,11,223000,36,0.23,0,Kira,Tasit,Cmt,Odedi
47,62800,11,146000,12,0.58,2,Kira,Konut,Per,Odedi
27,58900,3,108000,48,0.11,0,Ev sahibi,Ihtiyac,Car,Odedi
26,70200,1,783000,24,0.59,0,Kira,Ihtiyac,Sal,Temerrut
27,42000,4,379000,48,0.3,0,Kira,Ihtiyac,Pzt,Odedi
41,48100,17,388000,48,0.48,0,Kira,Ihtiyac,Cmt,Odedi
50,52900,24,375000,60,0.28,2,Kira,Konut,Cmt,Odedi
34,44800,4,335000,60,0.53,0,Ev sahibi,Ihtiyac,Car,Odedi
21,35100,0,288000,24,0.44,2,Aile yani,Ihtiyac,Paz,Temerrut
21,36200,0,368000,48,0.23,1,Kira,Egitim,Paz,Odedi
30,29100,3,226000,24,0.1,1,Kira,Ihtiyac,Cum,Odedi
32,50800,4,475000,36,0.06,1,Aile yani,Tasit,Sal,Odedi
34,40300,8,179000,36,0.31,1,Ev sahibi,Ihtiyac,Per,Odedi
38,31200,4,367000,12,0.2,1,Aile yani,Egitim,Cmt,Odedi
35,31200,12,57000,12,0.39,0,Ev sahibi,Ihtiyac,Per,Odedi
48,24400,5,136000,12,0.62,1,Kira,Konut,Per,Odedi
31,65200,1,702000,12,0.38,1,Kira,Tasit,Per,Odedi
29,43500,6,148000,24,0.12,0,Kira,Egitim,Cmt,Odedi
43,28500,15,85000,60,0.17,0,Ev sahibi,Egitim,Car,Odedi
23,60400,1,322000,36,0.29,2,Kira,Konut,Sal,Odedi
42,32600,12,195000,48,0.5,1,Ev sahibi,Ihtiyac,Per,Odedi
39,22300,5,252000,48,0.29,0,Ev sahibi,Tasit,Cum,Odedi
37,66500,4,684000,48,0.47,0,Aile yani,Konut,Paz,Odedi
54,33000,16,210000,24,0.12,3,Ev sahibi,Tasit,Pzt,Odedi
32,34900,4,409000,48,0.19,0,Kira,Konut,Paz,Odedi
59,42800,23,353000,48,0.52,1,Kira,Konut,Cmt,Odedi
36,70200,4,749000,48,0.22,2,Ev sahibi,Ihtiyac,Cum,Odedi
25,42400,3,173000,60,0.33,0,Ev sahibi,Ihtiyac,Sal,Odedi
39,24500,13,163000,36,0.51,3,Ev sahibi,Ihtiyac,Sal,Temerrut
27,53600,1,97000,36,0.18,0,Ev sahibi,Tasit,Car,Odedi
30,33800,1,54000,60,0.23,3,Ev sahibi,Tasit,Sal,Odedi
42,98200,9,875000,36,0.14,1,Kira,Ihtiyac,Cum,Odedi
44,42000,17,115000,48,0.29,0,Kira,Konut,Cmt,Odedi
32,17000,7,123000,12,0.2,3,Aile yani,Ihtiyac,Per,Temerrut
48,49300,18,434000,12,0.44,0,Ev sahibi,Ihtiyac,Cum,Odedi
50,100800,12,185000,36,0.33,2,Ev sahibi,Tasit,Cmt,Odedi
52,85400,9,530000,12,0.3,1,Kira,Tasit,Paz,Odedi
43,95700,12,831000,60,0.24,1,Ev sahibi,Ihtiyac,Cum,Odedi
52,26500,8,287000,12,0.1,1,Kira,Konut,Sal,Temerrut
21,63300,0,294000,48,0.43,0,Kira,Konut,Pzt,Odedi
35,30300,4,355000,24,0.33,2,Kira,Tasit,Paz,Temerrut
29,46500,3,482000,60,0.23,0,Ev sahibi,Egitim,Cmt,Odedi
39,23700,9,197000,24,0.34,0,Kira,Ihtiyac,Cmt,Temerrut
32,31400,5,176000,12,0.16,1,Kira,Ihtiyac,Car,Temerrut
36,31000,9,278000,12,0.35,2,Kira,Ihtiyac,Sal,Temerrut
57,62900,16,633000,36,0.52,1,Kira,Konut,Cum,Odedi
36,60200,13,282000,60,0.29,2,Ev sahibi,Ihtiyac,Cum,Odedi
42,47600,16,568000,60,0.24,1,Ev sahibi,Egitim,Sal,Odedi
36,22900,12,253000,24,0.24,0,Ev sahibi,Tasit,Per,Odedi
39,36500,11,241000,36,0.55,0,Kira,Konut,Car,Odedi
38,30000,10,273000,12,0.18,2,Ev sahibi,Ihtiyac,Sal,Temerrut
42,62100,12,435000,36,0.24,0,Kira,Konut,Cmt,Odedi
50,71400,13,678000,36,0.29,1,Ev sahibi,Ihtiyac,Per,Odedi
54,67600,12,688000,24,0.07,0,Aile yani,Tasit,Paz,Odedi
41,29900,11,52000,36,0.25,0,Kira,Konut,Pzt,Odedi
44,17000,3,40000,60,0.52,0,Aile yani,Ihtiyac,Paz,Temerrut
26,19000,1,96000,12,0.08,0,Kira,Egitim,Cum,Odedi
37,79600,13,886000,24,0.17,0,Ev sahibi,Konut,Cum,Odedi
47,35100,4,199000,24,0.19,0,Ev sahibi,Konut,Car,Odedi
47,30000,14,325000,12,0.15,1,Ev sahibi,Ihtiyac,Pzt,Odedi
40,88000,11,559000,24,0.14,0,Ev sahibi,Ihtiyac,Sal,Odedi
47,74200,7,336000,36,0.2,1,Kira,Ihtiyac,Per,Odedi
43,42500,18,466000,12,0.53,1,Ev sahibi,Tasit,Car,Odedi
50,36800,7,272000,48,0.14,2,Ev sahibi,Ihtiyac,Sal,Odedi
41,39600,16,209000,60,0.14,1,Ev sahibi,Egitim,Pzt,Odedi
34,46500,9,91000,60,0.18,0,Kira,Egitim,Cum,Odedi
41,86300,6,230000,36,0.64,0,Kira,Ihtiyac,Cum,Odedi
21,50800,0,151000,24,0.36,0,Aile yani,Konut,Sal,Odedi
42,58200,7,310000,12,0.33,1,Kira,Ihtiyac,Cmt,Temerrut
21,71100,0,560000,24,0.51,2,Kira,Ihtiyac,Paz,Temerrut
21,24800,0,117000,60,0.2,0,Kira,Ihtiyac,Paz,Temerrut
43,59000,20,129000,60,0.25,1,Ev sahibi,Konut,Sal,Odedi
43,36800,6,158000,24,0.05,0,Ev sahibi,Egitim,Car,Odedi
26,17000,4,98000,24,0.3,0,Aile yani,Ihtiyac,Pzt,Odedi
31,17000,2,203000,36,0.26,0,Ev sahibi,Ihtiyac,Pzt,Odedi
52,26600,27,150000,24,0.44,1,Kira,Ihtiyac,Cmt,Temerrut
33,53300,3,130000,60,0.13,1,Kira,Tasit,Paz,Odedi
60,44200,17,336000,24,0.61,1,Kira,Ihtiyac,Sal,Temerrut
38,45600,9,509000,24,0.64,1,Ev sahibi,Konut,Per,Odedi
42,101000,4,986000,36,0.21,2,Aile yani,Egitim,Pzt,Odedi
54,23700,25,244000,12,0.08,0,Kira,Ihtiyac,Cmt,Odedi
39,41500,6,467000,24,0.24,1,Kira,Konut,Per,Temerrut
28,48200,4,394000,48,0.49,1,Ev sahibi,Tasit,Car,Temerrut
37,30200,9,361000,12,0.55,3,Ev sahibi,Tasit,Paz,Temerrut
38,42500,10,79000,36,0.51,0,Ev sahibi,Konut,Pzt,Odedi
24,20400,0,209000,36,0.54,2,Kira,Tasit,Sal,Temerrut
35,79200,3,831000,24,0.12,0,Kira,Tasit,Cmt,Odedi
31,30900,2,344000,12,0.1,0,Ev sahibi,Ihtiyac,Car,Odedi
47,104800,9,683000,24,0.15,0,Kira,Konut,Cum,Odedi
38,41400,4,405000,12,0.45,2,Ev sahibi,Ihtiyac,Sal,Temerrut
35,66700,12,237000,24,0.47,0,Kira,Ihtiyac,Cum,Odedi
37,41000,8,321000,48,0.44,0,Ev sahibi,Tasit,Per,Temerrut
40,41400,11,218000,48,0.29,1,Aile yani,Ihtiyac,Pzt,Odedi
44,32300,9,251000,60,0.08,0,Ev sahibi,Ihtiyac,Car,Odedi
28,44300,2,381000,36,0.18,0,Kira,Ihtiyac,Car,Odedi
28,48500,4,249000,48,0.42,2,Aile yani,Konut,Cum,Odedi
49,29500,9,111000,36,0.16,0,Kira,Tasit,Per,Odedi
34,39700,5,194000,24,0.22,3,Ev sahibi,Ihtiyac,Per,Odedi
24,31900,1,270000,24,0.4,0,Kira,Konut,Sal,Temerrut
42,118200,11,1017000,36,0.36,0,Aile yani,Konut,Paz,Odedi
43,40300,20,374000,48,0.35,2,Kira,Ihtiyac,Cmt,Odedi
23,84200,1,238000,36,0.35,2,Kira,Tasit,Cum,Temerrut
40,38500,9,389000,24,0.34,1,Aile yani,Ihtiyac,Sal,Temerrut
45,47200,5,412000,60,0.44,0,Ev sahibi,Tasit,Cum,Odedi
42,23200,8,42000,12,0.17,1,Kira,Konut,Sal,Odedi
44,34300,15,172000,60,0.27,4,Kira,Ihtiyac,Per,Odedi
24,46200,1,296000,48,0.15,0,Kira,Tasit,Sal,Odedi
41,85700,11,453000,48,0.06,1,Kira,Ihtiyac,Car,Odedi
35,46400,6,127000,48,0.28,1,Ev sahibi,Tasit,Cum,Odedi
33,78300,2,288000,24,0.88,0,Ev sahibi,Ihtiyac,Car,Odedi
47,56000,22,98000,36,0.29,1,Aile yani,Konut,Cmt,Odedi
53,87400,14,217000,48,0.2,1,Ev sahibi,Tasit,Per,Odedi
56,40900,25,176000,48,0.18,0,Aile yani,Ihtiyac,Paz,Odedi
51,123100,13,1245000,24,0.6,2,Ev sahibi,Konut,Sal,Odedi
37,33800,14,238000,24,0.23,0,Kira,Ihtiyac,Paz,Odedi
42,29700,7,177000,24,0.49,1,Ev sahibi,Tasit,Pzt,Odedi
46,24400,11,206000,36,0.24,1,Kira,Tasit,Per,Odedi
39,119900,13,862000,36,0.09,2,Kira,Ihtiyac,Car,Temerrut
39,60700,7,175000,48,0.43,2,Aile yani,Ihtiyac,Cmt,Temerrut
46,36100,10,139000,48,0.15,2,Ev sahibi,Ihtiyac,Pzt,Odedi
37,73700,14,283000,36,0.07,0,Kira,Konut,Sal,Odedi
31,57200,5,446000,24,0.47,1,Kira,Konut,Sal,Odedi
34,101700,8,645000,36,0.11,1,Kira,Ihtiyac,Paz,Odedi
44,20900,14,116000,24,0.3,1,Ev sahibi,Ihtiyac,Per,Odedi
38,37300,13,274000,24,0.34,0,Kira,Egitim,Sal,Odedi
41,34100,16,398000,12,0.26,1,Aile yani,Ihtiyac,Cmt,Temerrut
45,17300,13,83000,24,0.38,1,Ev sahibi,Ihtiyac,Sal,Odedi
34,67700,4,471000,24,0.29,0,Kira,Tasit,Sal,Temerrut
46,37200,3,243000,36,0.19,0,Ev sahibi,Ihtiyac,Per,Odedi
42,58600,12,529000,12,0.25,0,Aile yani,Egitim,Cmt,Odedi
26,121500,4,1114000,24,0.22,1,Ev sahibi,Ihtiyac,Cmt,Odedi
52,35800,14,328000,12,0.26,2,Ev sahibi,Konut,Pzt,Odedi
33,34700,3,125000,36,0.19,0,Kira,Ihtiyac,Paz,Odedi
21,44300,0,275000,36,0.48,1,Ev sahibi,Ihtiyac,Paz,Temerrut
28,65500,4,656000,24,0.1,0,Ev sahibi,Ihtiyac,Car,Odedi
28,32500,5,179000,12,0.57,0,Aile yani,Egitim,Per,Odedi
39,31600,4,374000,60,0.15,1,Kira,Tasit,Car,Odedi
35,67600,8,360000,36,0.36,0,Ev sahibi,Ihtiyac,Per,Odedi
35,49800,10,335000,36,0.23,1,Kira,Egitim,Cum,Odedi
44,17000,20,110000,36,0.51,0,Kira,Ihtiyac,Cum,Temerrut
41,24200,4,146000,48,0.35,1,Kira,Ihtiyac,Per,Odedi
41,82500,17,856000,60,0.35,0,Kira,Ihtiyac,Per,Odedi
42,50300,12,157000,24,0.27,0,Ev sahibi,Konut,Per,Odedi
44,29800,16,222000,36,0.2,0,Kira,Ihtiyac,Car,Odedi
21,38900,0,311000,24,0.46,0,Ev sahibi,Ihtiyac,Pzt,Odedi
34,42300,7,442000,36,0.54,1,Ev sahibi,Egitim,Car,Odedi
21,58500,0,462000,24,0.44,1,Kira,Tasit,Cmt,Temerrut
38,22800,6,264000,12,0.23,0,Ev sahibi,Ihtiyac,Paz,Temerrut
38,28800,8,307000,60,0.65,2,Kira,Tasit,Cmt,Temerrut
48,47500,15,245000,48,0.38,0,Kira,Ihtiyac,Paz,Odedi
50,40200,16,423000,24,0.22,1,Aile yani,Tasit,Cmt,Odedi
40,54300,3,628000,60,0.42,2,Kira,Ihtiyac,Per,Temerrut
33,24200,5,102000,24,0.54,1,Kira,Tasit,Cum,Temerrut
43,49300,6,390000,36,0.56,4,Ev sahibi,Konut,Cmt,Temerrut
33,68600,10,306000,48,0.03,0,Kira,Ihtiyac,Sal,Odedi
38,52300,15,435000,24,0.04,0,Kira,Ihtiyac,Sal,Odedi
48,44700,9,111000,36,0.18,0,Ev sahibi,Ihtiyac,Sal,Odedi
32,40200,3,370000,36,0.17,0,Ev sahibi,Konut,Per,Odedi
46,28800,7,170000,12,0.6,1,Ev sahibi,Konut,Cmt,Odedi
45,40700,12,312000,36,0.33,1,Aile yani,Konut,Per,Odedi
28,74000,6,131000,24,0.21,0,Kira,Egitim,Paz,Odedi
48,39800,14,350000,36,0.29,0,Kira,Konut,Car,Odedi
45,28100,3,188000,12,0.45,1,Kira,Egitim,Per,Temerrut
39,33700,2,272000,24,0.26,0,Kira,Tasit,Paz,Temerrut
30,46000,3,221000,48,0.44,0,Aile yani,Ihtiyac,Sal,Odedi
29,35500,6,108000,24,0.24,1,Ev sahibi,Tasit,Cmt,Odedi
33,52300,7,318000,36,0.34,1,Kira,Ihtiyac,Sal,Odedi
43,53100,12,606000,48,0.38,0,Kira,Ihtiyac,Paz,Odedi
28,62700,2,244000,48,0.34,1,Kira,Ihtiyac,Car,Odedi
42,79700,18,685000,12,0.06,1,Ev sahibi,Ihtiyac,Cum,Odedi
26,65700,2,133000,48,0.33,3,Kira,Konut,Cum,Temerrut
36,27600,12,250000,48,0.15,0,Aile yani,Ihtiyac,Car,Odedi
39,28000,15,112000,24,0.16,0,Kira,Ihtiyac,Per,Odedi
62,40600,20,253000,48,0.21,2,Kira,Egitim,Cmt,Odedi
24,34300,2,184000,48,0.24,0,Aile yani,Tasit,Paz,Odedi
53,25200,10,68000,36,0.39,0,Aile yani,Ihtiyac,Pzt,Odedi
39,34400,11,176000,36,0.1,0,Kira,Ihtiyac,Per,Odedi
42,33900,4,175000,48,0.52,1,Ev sahibi,Ihtiyac,Cmt,Odedi
39,31000,9,216000,60,0.3,0,Aile yani,Egitim,Per,Odedi
42,36400,6,426000,36,0.39,0,Ev sahibi,Ihtiyac,Pzt,Odedi
36,71400,2,459000,48,0.09,0,Ev sahibi,Egitim,Pzt,Odedi
53,45900,3,510000,48,0.1,1,Ev sahibi,Ihtiyac,Cmt,Odedi
33,127700,4,810000,48,0.28,2,Aile yani,Konut,Car,Odedi
49,45300,16,119000,60,0.81,0,Ev sahibi,Ihtiyac,Cum,Odedi
32,36900,5,145000,24,0.5,1,Kira,Tasit,Paz,Odedi
37,42100,5,243000,24,0.67,0,Kira,Ihtiyac,Pzt,Odedi
27,47100,5,232000,36,0.32,1,Ev sahibi,Ihtiyac,Per,Odedi
43,51100,19,541000,36,0.06,0,Ev sahibi,Egitim,Sal,Odedi
52,106900,6,922000,36,0.17,0,Kira,Konut,Cmt,Odedi
37,28700,7,217000,48,0.17,1,Ev sahibi,Ihtiyac,Per,Odedi
36,61800,9,411000,60,0.24,0,Kira,Konut,Paz,Odedi
27,46100,4,261000,36,0.39,0,Aile yani,Ihtiyac,Car,Odedi
36,20700,6,164000,48,0.19,0,Kira,Egitim,Sal,Odedi
22,59400,1,167000,24,0.23,0,Ev sahibi,Ihtiyac,Paz,Odedi
29,74300,2,238000,36,0.51,1,Ev sahibi,Ihtiyac,Cum,Odedi
40,28600,7,134000,12,0.47,3,Kira,Ihtiyac,Sal,Temerrut
51,41800,20,138000,36,0.36,0,Kira,Ihtiyac,Cum,Odedi
66,19300,27,166000,36,0.45,1,Kira,Egitim,Car,Odedi
32,23800,8,42000,48,0.34,0,Ev sahibi,Ihtiyac,Pzt,Odedi
52,67300,4,214000,36,0.58,0,Ev sahibi,Ihtiyac,Sal,Odedi
40,34000,5,373000,24,0.21,2,Kira,Konut,Cmt,Odedi
36,25500,2,305000,12,0.37,1,Ev sahibi,Ihtiyac,Pzt,Odedi
42,46600,5,308000,12,0.34,0,Aile yani,Ihtiyac,Car,Temerrut
39,33200,2,222000,60,0.31,0,Kira,Tasit,Sal,Odedi
39,34000,9,327000,60,0.3,1,Aile yani,Ihtiyac,Cmt,Odedi
34,58600,7,110000,24,0.5,0,Kira,Konut,Paz,Odedi
24,24900,2,149000,24,0.21,0,Kira,Tasit,Cmt,Temerrut
23,27900,1,71000,36,0.21,1,Ev sahibi,Ihtiyac,Cmt,Temerrut
45,45000,2,257000,36,0.47,0,Kira,Tasit,Pzt,Odedi
35,65000,9,769000,24,0.37,1,Aile yani,Ihtiyac,Paz,Odedi
32,73300,2,690000,12,0.44,0,Ev sahibi,Tasit,Sal,Odedi
38,31100,13,368000,36,0.14,0,Ev sahibi,Tasit,Car,Odedi
46,64000,3,597000,24,0.12,1,Ev sahibi,Konut,Cmt,Odedi
40,29500,10,233000,24,0.39,0,Ev sahibi,Tasit,Sal,Odedi
31,95500,8,900000,24,0.16,3,Ev sahibi,Konut,Sal,Odedi
50,25200,16,212000,36,0.29,0,Ev sahibi,Ihtiyac,Pzt,Odedi
54,76400,19,487000,36,0.48,1,Aile yani,Egitim,Car,Odedi
43,31300,14,143000,24,0.3,1,Ev sahibi,Ihtiyac,Per,Odedi
48,103900,5,723000,36,0.19,0,Kira,Konut,Per,Odedi
50,54800,19,231000,36,0.3,0,Kira,Tasit,Pzt,Odedi
49,26600,23,176000,48,0.55,1,Kira,Ihtiyac,Sal,Odedi
44,33200,20,101000,60,0.31,1,Kira,Ihtiyac,Pzt,Odedi
44,59700,10,444000,12,0.04,0,Kira,Egitim,Sal,Temerrut
43,67400,8,275000,60,0.24,1,Kira,Konut,Cum,Odedi
27,40700,4,187000,48,0.29,2,Kira,Konut,Pzt,Odedi
45,42900,13,289000,36,0.44,0,Aile yani,Ihtiyac,Sal,Odedi
24,59100,1,190000,24,0.36,1,Ev sahibi,Tasit,Per,Odedi
30,44600,2,518000,24,0.37,2,Kira,Ihtiyac,Per,Temerrut
51,23500,7,146000,12,0.34,1,Aile yani,Tasit,Paz,Odedi
46,29100,12,151000,60,0.14,3,Aile yani,Ihtiyac,Cum,Odedi
53,46700,8,84000,36,0.14,1,Aile yani,Konut,Paz,Odedi
35,72600,2,752000,36,0.26,0,Kira,Konut,Cmt,Odedi
26,86900,1,701000,36,0.07,1,Kira,Ihtiyac,Per,Odedi
36,59600,13,350000,12,0.34,0,Kira,Tasit,Car,Odedi
39,47800,3,195000,24,0.19,1,Ev sahibi,Ihtiyac,Pzt,Odedi
39,58800,3,548000,36,0.1,1,Ev sahibi,Ihtiyac,Cum,Odedi
49,31100,13,355000,36,0.42,1,Ev sahibi,Ihtiyac,Paz,Odedi
34,39200,4,216000,48,0.13,0,Ev sahibi,Ihtiyac,Car,Odedi
42,29000,18,85000,36,0.38,1,Aile yani,Ihtiyac,Car,Odedi
28,23900,6,63000,36,0.57,0,Ev sahibi,Tasit,Pzt,Odedi
43,48800,9,76000,48,0.16,0,Aile yani,Konut,Cum,Odedi
38,45700,8,426000,12,0.19,2,Ev sahibi,Tasit,Car,Temerrut
31,57200,4,675000,36,0.14,2,Kira,Egitim,Pzt,Odedi
36,53700,2,640000,48,0.45,0,Ev sahibi,Egitim,Pzt,Odedi
36,46800,5,456000,24,0.31,2,Kira,Ihtiyac,Car,Temerrut
35,54000,3,173000,24,0.19,0,Kira,Tasit,Per,Odedi
56,41200,6,485000,24,0.47,2,Aile yani,Egitim,Per,Temerrut
37,50600,9,250000,24,0.25,4,Kira,Ihtiyac,Cmt,Temerrut
36,30300,3,152000,36,0.14,1,Kira,Ihtiyac,Per,Odedi
21,49600,0,432000,12,0.24,3,Aile yani,Egitim,Cmt,Temerrut
29,56700,4,114000,36,0.23,1,Kira,Konut,Car,Odedi
35,31100,6,316000,12,0.08,0,Kira,Konut,Sal,Odedi
31,43000,2,515000,12,0.06,0,Kira,Konut,Per,Odedi
52,31700,3,306000,24,0.08,2,Ev sahibi,Ihtiyac,Pzt,Odedi
36,33100,4,321000,24,0.11,0,Kira,Tasit,Cmt,Odedi
51,25300,9,142000,60,0.34,1,Kira,Konut,Sal,Odedi
39,74200,13,163000,24,0.18,2,Ev sahibi,Ihtiyac,Paz,Odedi
38,67800,14,666000,24,0.17,1,Kira,Ihtiyac,Paz,Odedi
37,53500,7,416000,24,0.13,0,Ev sahibi,Ihtiyac,Per,Odedi
38,102000,7,1127000,24,0.32,1,Kira,Konut,Car,Odedi
55,38600,23,105000,36,0.36,0,Ev sahibi,Tasit,Car,Odedi
21,164300,0,773000,48,0.4,0,Ev sahibi,Egitim,Per,Odedi
21,37900,0,200000,24,0.45,1,Kira,Ihtiyac,Per,Temerrut
33,47100,2,409000,36,0.52,0,Kira,Tasit,Pzt,Odedi
38,35100,8,343000,36,0.12,0,Kira,Ihtiyac,Sal,Odedi
45,49700,13,576000,48,0.56,1,Kira,Egitim,Cmt,Temerrut
43,61200,5,282000,36,0.16,0,Kira,Tasit,Pzt,Odedi
34,39900,4,267000,24,0.35,0,Ev sahibi,Konut,Per,Odedi
48,93400,9,169000,48,0.27,0,Kira,Ihtiyac,Paz,Odedi
48,46800,8,195000,48,0.05,1,Kira,Ihtiyac,Pzt,Odedi
40,47400,9,257000,36,0.57,0,Kira,Ihtiyac,Paz,Odedi
48,27900,17,216000,60,0.57,2,Ev sahibi,Konut,Per,Temerrut
41,50700,10,327000,48,0.25,0,Kira,Ihtiyac,Car,Odedi
32,39500,3,210000,24,0.67,3,Ev sahibi,Konut,Cum,Temerrut
45,31900,4,257000,48,0.28,1,Ev sahibi,Ihtiyac,Cmt,Odedi
39,29600,14,302000,36,0.38,0,Kira,Tasit,Per,Temerrut
38,139800,8,564000,36,0.34,2,Kira,Ihtiyac,Pzt,Temerrut
53,37300,5,190000,36,0.46,0,Kira,Ihtiyac,Paz,Odedi
21,21800,0,194000,48,0.46,1,Ev sahibi,Tasit,Pzt,Odedi
24,30700,2,297000,36,0.53,0,Kira,Ihtiyac,Paz,Odedi
26,41000,4,417000,36,0.23,0,Kira,Ihtiyac,Per,Odedi
34,53700,10,199000,12,0.23,0,Aile yani,Tasit,Per,Temerrut
35,53900,8,386000,36,0.78,1,Ev sahibi,Ihtiyac,Cmt,Odedi
23,56900,1,623000,60,0.55,1,Kira,Tasit,Paz,Temerrut
28,31400,3,176000,48,0.75,0,Aile yani,Tasit,Sal,Odedi
29,49000,2,295000,12,0.05,1,Kira,Ihtiyac,Cmt,Temerrut
63,28300,26,335000,60,0.27,3,Kira,Ihtiyac,Cum,Temerrut
56,31800,20,85000,48,0.23,2,Kira,Ihtiyac,Car,Odedi
34,27800,3,248000,36,0.56,0,Aile yani,Ihtiyac,Car,Temerrut
34,24600,11,257000,12,0.37,0,Kira,Ihtiyac,Cmt,Temerrut
27,67800,2,209000,36,0.35,0,Ev sahibi,Tasit,Pzt,Odedi
21,57300,0,516000,12,0.3,0,Ev sahibi,Ihtiyac,Per,Odedi
37,65200,6,419000,24,0.3,2,Ev sahibi,Konut,Cmt,Odedi
28,42700,6,446000,36,0.15,2,Kira,Konut,Per,Odedi
37,59600,13,657000,60,0.18,2,Kira,Ihtiyac,Per,Temerrut
22,19000,0,203000,24,0.31,0,Ev sahibi,Tasit,Per,Temerrut
30,61900,8,135000,48,0.39,0,Kira,Ihtiyac,Per,Odedi
39,45500,14,430000,60,0.22,1,Ev sahibi,Ihtiyac,Cmt,Odedi
42,55700,16,623000,12,0.66,0,Kira,Egitim,Cmt,Odedi
42,49800,17,400000,24,0.31,0,Ev sahibi,Tasit,Paz,Odedi
25,26900,2,210000,48,0.07,0,Ev sahibi,Ihtiyac,Pzt,Odedi
47,21400,18,42000,48,0.49,0,Ev sahibi,Konut,Car,Odedi
30,30500,5,320000,24,0.44,1,Ev sahibi,Egitim,Paz,Odedi
44,54200,16,108000,36,0.41,2,Kira,Tasit,Cum,Odedi
38,57300,4,275000,36,0.3,0,Kira,Konut,Car,Odedi
24,22700,2,255000,48,0.29,0,Kira,Konut,Cum,Odedi
35,27000,12,310000,48,0.23,2,Ev sahibi,Konut,Per,Odedi
42,30300,7,361000,12,0.55,2,Kira,Tasit,Paz,Temerrut
44,35800,20,233000,24,0.19,1,Kira,Konut,Per,Odedi
37,22800,6,77000,12,0.34,1,Kira,Tasit,Per,Temerrut
53,22100,8,146000,60,0.36,0,Kira,Ihtiyac,Cum,Odedi
48,29000,5,75000,60,0.29,0,Ev sahibi,Ihtiyac,Sal,Odedi
35,43700,10,466000,48,0.36,0,Ev sahibi,Ihtiyac,Cmt,Odedi
46,24700,14,182000,12,0.56,0,Kira,Ihtiyac,Sal,Temerrut
57,39900,12,229000,36,0.15,1,Kira,Ihtiyac,Pzt,Odedi
58,67600,22,158000,24,0.19,0,Ev sahibi,Tasit,Pzt,Odedi
26,23400,2,135000,24,0.25,1,Ev sahibi,Egitim,Pzt,Odedi
29,38300,4,406000,24,0.07,0,Aile yani,Ihtiyac,Pzt,Odedi
53,66600,25,592000,48,0.32,2,Ev sahibi,Ihtiyac,Pzt,Odedi
27,34800,4,82000,12,0.3,2,Aile yani,Konut,Car,Odedi
25,32400,3,103000,36,0.46,1,Aile yani,Ihtiyac,Paz,Temerrut
33,70900,7,398000,60,0.5,0,Aile yani,Konut,Pzt,Odedi
42,36600,19,94000,36,0.2,1,Ev sahibi,Tasit,Cum,Odedi
37,69000,5,780000,12,0.23,0,Ev sahibi,Tasit,Paz,Temerrut
31,50900,3,425000,60,0.29,0,Ev sahibi,Ihtiyac,Cmt,Odedi
31,36000,2,90000,36,0.51,0,Kira,Ihtiyac,Car,Odedi
31,52100,5,509000,36,0.15,0,Kira,Tasit,Pzt,Odedi
29,48500,5,260000,36,0.32,0,Aile yani,Ihtiyac,Car,Odedi
61,66500,27,271000,48,0.08,1,Ev sahibi,Ihtiyac,Cum,Odedi
41,32800,7,246000,36,0.07,1,Kira,Ihtiyac,Cmt,Odedi
47,42800,3,70000,36,0.1,0,Kira,Tasit,Pzt,Temerrut
33,40900,7,261000,36,0.32,1,Kira,Tasit,Car,Odedi
36,57700,13,598000,12,0.16,0,Kira,Konut,Cum,Odedi
31,26500,3,298000,48,0.14,1,Ev sahibi,Konut,Cmt,Odedi
21,66400,0,338000,12,0.17,0,Ev sahibi,Ihtiyac,Car,Odedi
24,51800,1,427000,24,0.35,1,Ev sahibi,Egitim,Cmt,Odedi
21,23200,0,90000,24,0.48,1,Kira,Konut,Cmt,Temerrut
21,72300,0,534000,24,0.35,0,Kira,Ihtiyac,Car,Temerrut
26,114800,2,478000,36,0.15,0,Kira,Tasit,Per,Odedi
51,65900,18,494000,36,0.07,1,Kira,Ihtiyac,Per,Odedi
38,79800,6,264000,24,0.02,2,Ev sahibi,Egitim,Cum,Odedi
51,43600,13,496000,24,0.39,0,Kira,Ihtiyac,Car,Odedi
42,19900,3,215000,48,0.14,1,Aile yani,Ihtiyac,Car,Odedi
46,18300,21,92000,60,0.46,0,Ev sahibi,Egitim,Car,Odedi
29,47100,3,455000,36,0.62,1,Kira,Tasit,Sal,Temerrut
43,32200,8,81000,24,0.56,2,Kira,Ihtiyac,Cum,Temerrut
45,27800,4,258000,12,0.22,0,Kira,Tasit,Paz,Temerrut
32,40800,7,182000,12,0.49,1,Kira,Konut,Car,Odedi
44,55400,18,162000,24,0.09,1,Aile yani,Ihtiyac,Paz,Odedi
44,21800,3,188000,60,0.34,3,Ev sahibi,Tasit,Per,Odedi
33,34300,3,221000,48,0.28,1,Ev sahibi,Tasit,Sal,Odedi
27,82900,1,586000,24,0.07,1,Ev sahibi,Tasit,Per,Odedi
26,25900,3,180000,60,0.2,1,Aile yani,Egitim,Per,Odedi
39,62100,15,132000,36,0.42,0,Aile yani,Tasit,Pzt,Odedi
41,33800,9,69000,24,0.14,0,Kira,Tasit,Per,Odedi
30,53700,3,420000,36,0.35,2,Kira,Konut,Sal,Odedi
38,68800,12,554000,24,0.28,1,Kira,Ihtiyac,Cmt,Temerrut
44,58600,16,117000,60,0.13,0,Kira,Ihtiyac,Per,Temerrut
44,63200,7,346000,24,0.1,0,Ev sahibi,Egitim,Car,Odedi
54,25000,8,198000,36,0.36,0,Kira,Konut,Pzt,Odedi
51,69300,12,582000,24,0.19,1,Ev sahibi,Ihtiyac,Per,Odedi
28,28600,5,292000,60,0.26,3,Kira,Ihtiyac,Cum,Odedi
55,47200,22,279000,36,0.37,2,Ev sahibi,Ihtiyac,Car,Odedi
33,47200,8,343000,36,0.37,1,Kira,Ihtiyac,Paz,Odedi
48,52200,21,395000,12,0.14,2,Kira,Ihtiyac,Sal,Temerrut
39,48900,6,234000,60,0.13,2,Aile yani,Tasit,Cmt,Odedi
34,28700,5,59000,36,0.34,0,Kira,Ihtiyac,Per,Odedi
21,22900,0,35000,24,0.57,2,Ev sahibi,Tasit,Car,Odedi
36,62200,12,639000,48,0.34,0,Aile yani,Egitim,Car,Odedi
22,45700,1,165000,12,0.4,1,Kira,Egitim,Per,Temerrut
48,70400,9,571000,24,0.54,1,Kira,Konut,Pzt,Odedi
53,41200,5,311000,36,0.16,0,Kira,Ihtiyac,Cum,Odedi
30,22300,6,127000,24,0.6,2,Kira,Tasit,Car,Temerrut
41,64900,14,665000,36,0.25,1,Aile yani,Tasit,Cum,Odedi
31,35600,6,314000,24,0.33,0,Ev sahibi,Ihtiyac,Per,Odedi
32,49000,3,85000,12,0.23,0,Kira,Konut,Paz,Odedi
46,31400,21,303000,12,0.31,0,Ev sahibi,Tasit,Pzt,Odedi
38,88000,12,600000,24,0.35,1,Aile yani,Tasit,Per,Temerrut
55,28300,21,146000,60,0.48,1,Kira,Ihtiyac,Per,Temerrut
33,36100,7,330000,36,0.12,0,Kira,Ihtiyac,Sal,Temerrut
48,44100,22,384000,36,0.42,0,Aile yani,Konut,Cum,Odedi
39,25700,15,122000,24,0.4,0,Ev sahibi,Ihtiyac,Car,Temerrut
46,48700,14,576000,48,0.65,2,Kira,Ihtiyac,Cmt,Temerrut
34,86700,6,721000,12,0.28,3,Ev sahibi,Tasit,Paz,Odedi
38,33700,7,265000,24,0.68,1,Kira,Konut,Cmt,Odedi
37,50200,12,112000,36,0.08,0,Ev sahibi,Ihtiyac,Cum,Odedi
30,17000,6,75000,36,0.1,2,Ev sahibi,Ihtiyac,Cmt,Odedi
45,41300,4,256000,48,0.57,1,Kira,Konut,Paz,Odedi
45,36500,5,296000,60,0.17,2,Ev sahibi,Egitim,Paz,Temerrut
44,29100,19,200000,48,0.39,4,Kira,Tasit,Cmt,Temerrut
53,68300,26,650000,24,0.36,0,Ev sahibi,Konut,Paz,Odedi
52,36300,27,155000,12,0.49,1,Ev sahibi,Ihtiyac,Paz,Odedi
34,38800,6,344000,24,0.51,0,Kira,Konut,Sal,Odedi
42,35400,15,357000,48,0.64,0,Kira,Tasit,Per,Temerrut
32,17700,8,169000,60,0.2,0,Kira,Konut,Car,Odedi
38,25200,6,242000,60,0.31,3,Ev sahibi,Konut,Paz,Odedi
32,64700,2,701000,24,0.16,1,Ev sahibi,Ihtiyac,Cmt,Odedi
54,17000,30,41000,48,0.2,0,Kira,Ihtiyac,Paz,Odedi
42,29700,3,262000,36,0.29,1,Aile yani,Konut,Car,Odedi
36,35100,9,410000,48,0.22,1,Ev sahibi,Ihtiyac,Cmt,Odedi
50,92000,18,692000,36,0.16,3,Kira,Tasit,Pzt,Odedi
21,59400,0,225000,12,0.37,0,Kira,Tasit,Paz,Temerrut
21,32700,0,392000,12,0.16,1,Ev sahibi,Ihtiyac,Sal,Temerrut
46,75500,17,252000,60,0.41,0,Kira,Tasit,Per,Odedi
39,30100,5,151000,36,0.4,3,Aile yani,Tasit,Cmt,Odedi
41,66100,15,219000,24,0.32,0,Ev sahibi,Konut,Cmt,Odedi
25,22800,1,145000,24,0.24,1,Kira,Ihtiyac,Sal,Temerrut
38,68100,11,402000,24,0.1,0,Kira,Ihtiyac,Per,Odedi
58,35000,27,233000,60,0.28,0,Kira,Ihtiyac,Per,Odedi
46,26400,6,297000,12,0.36,1,Ev sahibi,Ihtiyac,Cmt,Temerrut
40,38100,6,249000,12,0.16,1,Kira,Tasit,Car,Odedi
34,47600,9,329000,48,0.38,0,Aile yani,Ihtiyac,Cmt,Odedi
34,33600,2,363000,36,0.52,4,Ev sahibi,Ihtiyac,Cum,Temerrut
21,53900,0,544000,12,0.45,0,Aile yani,Egitim,Cmt,Temerrut
41,32300,9,130000,12,0.74,0,Kira,Ihtiyac,Paz,Temerrut
46,55500,21,91000,24,0.25,0,Kira,Ihtiyac,Car,Odedi
22,51200,1,415000,24,0.33,2,Ev sahibi,Konut,Per,Temerrut
31,40900,4,424000,12,0.26,0,Kira,Tasit,Cmt,Temerrut
26,34400,4,251000,24,0.13,2,Kira,Ihtiyac,Cmt,Odedi
28,45000,3,167000,48,0.22,0,Aile yani,Egitim,Paz,Odedi
39,53800,8,499000,48,0.05,0,Ev sahibi,Tasit,Per,Odedi
21,106200,0,906000,60,0.47,0,Aile yani,Ihtiyac,Cum,Temerrut
44,64100,8,476000,24,0.2,0,Kira,Ihtiyac,Pzt,Odedi
46,65200,9,689000,24,0.33,1,Ev sahibi,Egitim,Per,Odedi
35,168600,9,1641000,60,0.15,1,Kira,Ihtiyac,Sal,Odedi
21,53000,0,451000,48,0.32,0,Kira,Konut,Cmt,Odedi
28,52200,5,443000,36,0.29,0,Kira,Ihtiyac,Pzt,Odedi
50,57700,8,488000,24,0.36,2,Aile yani,Ihtiyac,Cmt,Temerrut
21,26700,0,187000,24,0.14,0,Kira,Konut,Cmt,Odedi
35,34400,3,219000,36,0.1,1,Ev sahibi,Egitim,Per,Odedi
26,33400,3,299000,36,0.43,2,Aile yani,Ihtiyac,Cum,Temerrut
46,56200,17,445000,12,0.13,1,Ev sahibi,Ihtiyac,Cum,Odedi
31,38800,4,258000,60,0.33,1,Kira,Konut,Cum,Odedi
42,44700,5,126000,36,0.47,1,Ev sahibi,Tasit,Cum,Odedi
44,68500,6,608000,36,0.51,1,Ev sahibi,Ihtiyac,Sal,Odedi
56,61900,26,513000,24,0.32,0,Kira,Ihtiyac,Cum,Temerrut
36,39100,5,199000,48,0.18,2,Kira,Egitim,Paz,Temerrut
42,31100,15,163000,48,0.5,2,Ev sahibi,Ihtiyac,Car,Temerrut
23,70000,1,286000,12,0.23,1,Ev sahibi,Ihtiyac,Car,Temerrut
50,59500,7,690000,36,0.02,2,Aile yani,Ihtiyac,Car,Temerrut
30,20400,6,215000,36,0.35,0,Kira,Ihtiyac,Paz,Temerrut
32,36500,5,270000,48,0.37,0,Kira,Tasit,Paz,Odedi
38,45200,2,258000,24,0.54,1,Kira,Ihtiyac,Car,Temerrut
22,59600,1,551000,48,0.14,0,Aile yani,Tasit,Paz,Temerrut
40,63300,4,446000,36,0.28,0,Aile yani,Ihtiyac,Cmt,Odedi
48,47700,10,560000,12,0.6,1,Aile yani,Ihtiyac,Car,Temerrut
41,54700,8,114000,12,0.1,0,Ev sahibi,Konut,Cmt,Odedi
22,43200,0,80000,24,0.22,0,Kira,Tasit,Paz,Odedi
37,31000,12,232000,24,0.38,0,Ev sahibi,Ihtiyac,Paz,Odedi
45,37300,3,136000,36,0.48,0,Kira,Ihtiyac,Per,Temerrut
21,42400,0,333000,48,0.3,0,Kira,Tasit,Sal,Odedi
27,41300,4,401000,24,0.32,1,Kira,Konut,Sal,Temerrut
47,18000,22,53000,60,0.31,0,Kira,Tasit,Cmt,Temerrut
41,35100,15,215000,24,0.6,1,Kira,Konut,Cmt,Temerrut
42,43100,18,376000,36,0.32,0,Aile yani,Ihtiyac,Cum,Temerrut
57,37000,21,379000,60,0.5,0,Ev sahibi,Egitim,Pzt,Odedi
43,37600,8,252000,48,0.29,0,Ev sahibi,Ihtiyac,Paz,Odedi
45,52300,11,192000,36,0.34,2,Kira,Ihtiyac,Pzt,Odedi
65,25800,28,197000,48,0.11,2,Ev sahibi,Tasit,Cum,Odedi
36,20200,7,127000,12,0.31,1,Kira,Ihtiyac,Paz,Odedi
30,35900,6,345000,12,0.51,2,Kira,Ihtiyac,Sal,Temerrut
42,59200,4,434000,36,0.2,1,Kira,Ihtiyac,Per,Odedi
42,89800,16,398000,12,0.6,1,Kira,Konut,Cmt,Odedi
33,59700,3,562000,24,0.36,0,Aile yani,Konut,Sal,Odedi
28,21700,6,151000,24,0.22,0,Aile yani,Tasit,Pzt,Odedi
61,37800,9,127000,60,0.39,3,Kira,Ihtiyac,Per,Temerrut
41,47100,4,349000,60,0.33,0,Ev sahibi,Ihtiyac,Cmt,Odedi
31,45500,7,521000,48,0.09,0,Kira,Konut,Cum,Odedi
47,53500,20,477000,48,0.11,0,Kira,Tasit,Per,Odedi
37,27800,11,129000,24,0.18,1,Ev sahibi,Tasit,Cum,Odedi
35,43200,12,387000,12,0.08,1,Ev sahibi,Ihtiyac,Pzt,Odedi
44,50700,7,226000,36,0.27,0,Ev sahibi,Ihtiyac,Car,Odedi
25,60900,3,438000,36,0.24,1,Kira,Ihtiyac,Paz,Odedi
42,29200,8,205000,24,0.19,1,Ev sahibi,Tasit,Car,Odedi
57,36000,19,148000,36,0.29,0,Kira,Konut,Paz,Odedi
43,17000,10,88000,36,0.49,0,Kira,Egitim,Per,Odedi
34,31800,1,362000,24,0.41,3,Kira,Ihtiyac,Paz,Temerrut
33,33200,7,137000,24,0.36,1,Kira,Tasit,Cum,Odedi
34,26500,9,263000,36,0.64,1,Kira,Konut,Car,Temerrut
35,45200,3,385000,36,0.48,1,Kira,Ihtiyac,Paz,Temerrut
34,41000,11,291000,60,0.45,0,Ev sahibi,Tasit,Sal,Odedi
47,17000,14,50000,36,0.28,0,Kira,Tasit,Car,Odedi
21,46300,0,169000,48,0.69,1,Kira,Ihtiyac,Cmt,Temerrut
47,27700,16,94000,48,0.27,2,Aile yani,Ihtiyac,Paz,Odedi
34,52300,3,401000,12,0.3,1,Aile yani,Ihtiyac,Sal,Odedi
42,23600,3,277000,36,0.04,2,Kira,Tasit,Paz,Odedi
27,42600,4,456000,36,0.36,0,Kira,Ihtiyac,Per,Temerrut
51,37000,6,65000,36,0.16,0,Kira,Ihtiyac,Car,Odedi
50,48100,5,210000,12,0.58,0,Aile yani,Ihtiyac,Pzt,Odedi
48,44400,19,140000,60,0.28,2,Kira,Konut,Pzt,Odedi
23,37400,0,439000,60,0.12,0,Kira,Egitim,Per,Odedi
46,21000,19,83000,12,0.24,1,Ev sahibi,Egitim,Cum,Odedi
42,21600,15,78000,24,0.61,0,Ev sahibi,Konut,Pzt,Odedi
22,32300,0,259000,24,0.41,1,Kira,Ihtiyac,Paz,Odedi
38,41800,9,307000,48,0.79,0,Kira,Ihtiyac,Per,Odedi
42,31900,4,123000,36,0.01,0,Kira,Tasit,Pzt,Odedi
44,55600,14,475000,24,0.15,0,Kira,Tasit,Cmt,Odedi
40,37000,3,93000,48,0.26,4,Kira,Konut,Sal,Temerrut
41,27200,17,46000,24,0.39,0,Ev sahibi,Ihtiyac,Cum,Odedi
53,37100,9,88000,36,0.1,1,Ev sahibi,Egitim,Cum,Odedi
50,46500,19,248000,24,0.03,1,Ev sahibi,Ihtiyac,Cmt,Odedi
21,48600,0,570000,36,0.35,1,Ev sahibi,Tasit,Cmt,Odedi
35,97800,4,709000,36,0.22,2,Ev sahibi,Konut,Paz,Odedi
36,31100,7,293000,24,0.12,0,Kira,Tasit,Pzt,Odedi
21,40600,0,198000,36,0.18,1,Ev sahibi,Konut,Car,Odedi
39,50900,16,461000,60,0.18,1,Kira,Konut,Car,Odedi
50,41600,4,484000,36,0.31,0,Kira,Konut,Car,Odedi
27,33500,1,176000,60,0.33,0,Kira,Konut,Sal,Odedi
41,20900,8,251000,36,0.29,1,Ev sahibi,Ihtiyac,Sal,Temerrut
29,33400,3,274000,48,0.44,1,Ev sahibi,Ihtiyac,Paz,Odedi
31,25900,8,242000,24,0.51,1,Kira,Konut,Paz,Temerrut
53,19300,27,80000,48,0.26,0,Kira,Tasit,Cum,Odedi
33,29400,10,243000,24,0.16,2,Aile yani,Tasit,Per,Odedi
43,26200,5,180000,12,0.15,0,Kira,Ihtiyac,Per,Temerrut
21,54600,0,630000,24,0.12,0,Kira,Ihtiyac,Cum,Temerrut
57,55000,25,605000,12,0.09,4,Ev sahibi,Tasit,Paz,Odedi
44,28000,8,159000,60,0.13,1,Ev sahibi,Egitim,Car,Odedi
36,37400,9,428000,60,0.1,2,Kira,Ihtiyac,Per,Odedi
44,18200,7,196000,48,0.47,3,Kira,Ihtiyac,Paz,Temerrut
24,33600,1,259000,12,0.27,0,Aile yani,Ihtiyac,Paz,Temerrut
50,50300,23,119000,60,0.28,2,Kira,Tasit,Sal,Odedi
35,60900,4,194000,48,0.15,0,Aile yani,Ihtiyac,Sal,Odedi
36,30500,13,70000,24,0.11,2,Ev sahibi,Tasit,Sal,Odedi
33,67400,4,178000,36,0.06,0,Aile yani,Ihtiyac,Pzt,Odedi
32,21200,1,249000,36,0.21,0,Kira,Ihtiyac,Cum,Temerrut
45,24000,7,89000,12,0.34,0,Kira,Ihtiyac,Per,Odedi
41,57800,5,506000,36,0.45,0,Kira,Ihtiyac,Pzt,Odedi
45,89100,12,729000,48,0.13,1,Kira,Konut,Sal,Odedi
38,52400,3,426000,24,0.22,0,Kira,Egitim,Per,Temerrut
43,41200,13,151000,36,0.24,0,Kira,Konut,Cmt,Odedi
34,17000,10,129000,36,0.41,1,Kira,Konut,Cum,Odedi
60,17000,15,137000,48,0.42,1,Ev sahibi,Ihtiyac,Per,Odedi
22,44500,0,333000,60,0.67,2,Kira,Egitim,Sal,Temerrut
51,35700,13,123000,48,0.24,1,Kira,Tasit,Car,Odedi
52,25500,23,232000,36,0.11,0,Kira,Konut,Cmt,Odedi
29,43300,5,98000,36,0.28,1,Ev sahibi,Tasit,Cmt,Odedi
60,44200,7,341000,36,0.34,0,Kira,Ihtiyac,Paz,Odedi
48,64200,14,390000,36,0.65,1,Ev sahibi,Ihtiyac,Per,Odedi
48,44700,13,185000,12,0.21,0,Kira,Ihtiyac,Sal,Odedi
38,73000,6,728000,36,0.67,0,Ev sahibi,Ihtiyac,Per,Odedi
36,42200,3,141000,48,0.21,1,Ev sahibi,Tasit,Paz,Odedi
36,39900,13,451000,36,0.34,0,Ev sahibi,Egitim,Sal,Odedi
42,67800,5,731000,48,0.42,2,Ev sahibi,Ihtiyac,Cmt,Temerrut
52,27000,8,143000,36,0.23,1,Aile yani,Tasit,Paz,Odedi
40,149000,4,701000,24,0.05,1,Kira,Tasit,Cmt,Odedi
29,49700,4,146000,12,0.11,0,Kira,Ihtiyac,Cum,Odedi
46,49900,11,555000,12,0.06,2,Aile yani,Ihtiyac,Car,Temerrut
47,53200,8,430000,24,0.1,0,Aile yani,Ihtiyac,Cmt,Odedi
45,97700,11,179000,36,0.09,0,Ev sahibi,Tasit,Sal,Odedi
45,60000,15,412000,24,0.35,1,Kira,Ihtiyac,Cmt,Odedi
35,20400,5,49000,24,0.49,1,Kira,Ihtiyac,Car,Temerrut
29,79000,7,594000,24,0.1,2,Aile yani,Ihtiyac,Per,Odedi
29,36000,3,246000,48,0.42,0,Ev sahibi,Konut,Per,Odedi
22,44100,0,105000,48,0.14,1,Kira,Konut,Pzt,Temerrut
40,23600,16,238000,24,0.12,0,Kira,Ihtiyac,Paz,Temerrut
37,53200,12,226000,24,0.39,4,Ev sahibi,Tasit,Cum,Temerrut
34,31300,5,225000,12,0.58,1,Ev sahibi,Egitim,Cum,Odedi
21,43900,0,360000,12,0.14,2,Aile yani,Ihtiyac,Pzt,Temerrut
26,37000,3,429000,24,0.28,1,Kira,Ihtiyac,Cmt,Temerrut
49,99900,11,668000,12,0.08,1,Kira,Ihtiyac,Paz,Odedi
31,102500,8,1141000,24,0.4,0,Kira,Ihtiyac,Cmt,Odedi
42,42900,15,224000,60,0.13,0,Ev sahibi,Konut,Sal,Odedi
24,43200,1,454000,36,0.33,1,Kira,Konut,Sal,Odedi
52,35500,18,141000,48,0.34,1,Kira,Tasit,Car,Odedi
37,69100,6,617000,12,0.09,2,Kira,Ihtiyac,Pzt,Temerrut
41,36200,2,88000,24,0.33,0,Kira,Konut,Per,Odedi
61,34700,35,411000,60,0.52,1,Ev sahibi,Ihtiyac,Per,Temerrut
53,65200,17,751000,24,0.14,1,Kira,Ihtiyac,Per,Odedi
35,33000,8,203000,36,0.22,0,Kira,Ihtiyac,Paz,Temerrut
32,41300,6,289000,60,0.06,3,Ev sahibi,Konut,Cum,Temerrut
35,20600,8,160000,36,0.22,3,Kira,Konut,Car,Odedi
43,57700,7,253000,24,0.35,0,Ev sahibi,Tasit,Cmt,Odedi
37,100600,14,863000,36,0.22,2,Aile yani,Konut,Car,Odedi
34,58100,8,513000,12,0.34,0,Ev sahibi,Ihtiyac,Cmt,Odedi
53,81100,20,569000,12,0.33,2,Ev sahibi,Ihtiyac,Paz,Odedi
37,28700,7,88000,12,0.22,3,Aile yani,Konut,Paz,Temerrut
61,46700,13,521000,60,0.36,0,Aile yani,Egitim,Per,Odedi
39,27500,3,74000,36,0.27,1,Aile yani,Tasit,Per,Odedi
56,37900,13,307000,24,0.35,0,Kira,Ihtiyac,Car,Odedi
42,59500,5,154000,24,0.19,0,Ev sahibi,Egitim,Per,Odedi
48,44000,17,133000,36,0.41,2,Ev sahibi,Ihtiyac,Paz,Odedi
31,22200,8,38000,60,0.5,1,Kira,Ihtiyac,Paz,Odedi
29,23200,3,123000,24,0.19,0,Kira,Ihtiyac,Cum,Odedi
43,22600,8,186000,24,0.06,0,Aile yani,Ihtiyac,Sal,Odedi
48,52400,17,366000,48,0.18,0,Kira,Tasit,Car,Odedi
38,106300,4,912000,60,0.23,0,Aile yani,Tasit,Sal,Odedi
25,77500,3,666000,60,0.32,2,Aile yani,Ihtiyac,Sal,Odedi
24,17900,1,53000,24,0.19,2,Kira,Ihtiyac,Pzt,Temerrut
24,79600,1,167000,12,0.55,0,Kira,Tasit,Cmt,Odedi
21,64000,0,516000,36,0.54,0,Aile yani,Ihtiyac,Cmt,Temerrut
39,21000,15,176000,24,0.37,1,Kira,Ihtiyac,Sal,Odedi
49,36600,8,269000,60,0.47,1,Ev sahibi,Ihtiyac,Cum,Odedi
38,68800,11,281000,12,0.39,1,Kira,Konut,Sal,Odedi
21,53800,0,539000,36,0.2,0,Kira,Egitim,Sal,Odedi
36,23300,4,53000,60,0.18,0,Kira,Ihtiyac,Sal,Temerrut
36,55300,12,450000,60,0.29,2,Kira,Tasit,Pzt,Odedi
59,17000,8,47000,36,0.16,1,Aile yani,Konut,Cmt,Odedi
23,38000,0,318000,60,0.32,0,Kira,Ihtiyac,Pzt,Temerrut
34,70100,7,413000,12,0.29,0,Kira,Egitim,Car,Odedi
55,42300,27,382000,24,0.17,0,Ev sahibi,Tasit,Per,Odedi
42,33600,8,69000,12,0.1,0,Aile yani,Tasit,Cum,Odedi
44,62700,5,459000,60,0.27,0,Kira,Tasit,Sal,Odedi
39,65100,16,197000,60,0.17,1,Ev sahibi,Ihtiyac,Per,Odedi
41,75700,13,656000,12,0.15,0,Kira,Konut,Cmt,Temerrut
46,62200,20,172000,12,0.32,0,Aile yani,Konut,Car,Odedi
30,68300,6,155000,24,0.21,0,Ev sahibi,Ihtiyac,Paz,Odedi
47,58400,17,525000,24,0.38,0,Aile yani,Tasit,Per,Odedi
24,47300,1,103000,48,0.1,0,Ev sahibi,Egitim,Cmt,Odedi
41,43700,7,169000,24,0.31,0,Aile yani,Konut,Pzt,Odedi
40,37700,13,383000,48,0.18,1,Kira,Tasit,Cmt,Odedi
32,24300,7,243000,36,0.13,0,Ev sahibi,Ihtiyac,Per,Odedi
38,27300,15,286000,24,0.18,0,Ev sahibi,Ihtiyac,Paz,Odedi
32,37000,6,182000,12,0.15,0,Kira,Ihtiyac,Cum,Temerrut
27,46800,2,330000,60,0.18,1,Aile yani,Konut,Cmt,Odedi
34,80300,6,772000,36,0.61,3,Ev sahibi,Konut,Sal,Temerrut
27,41200,4,121000,36,0.12,0,Aile yani,Egitim,Per,Odedi
41,66000,9,601000,24,0.29,0,Kira,Ihtiyac,Cmt,Temerrut
26,68300,4,172000,60,0.42,1,Aile yani,Egitim,Cmt,Odedi
45,37800,14,419000,48,0.38,1,Kira,Egitim,Car,Odedi
26,54900,1,450000,48,0.08,0,Aile yani,Tasit,Per,Odedi
32,37600,6,251000,36,0.25,0,Kira,Egitim,Sal,Odedi
32,76100,7,501000,60,0.09,0,Ev sahibi,Ihtiyac,Per,Odedi
51,55900,25,190000,24,0.73,1,Kira,Ihtiyac,Per,Odedi
41,24600,9,126000,48,0.41,0,Ev sahibi,Ihtiyac,Pzt,Odedi
36,45200,8,413000,36,0.21,0,Kira,Ihtiyac,Paz,Odedi
43,88200,11,633000,36,0.28,1,Aile yani,Ihtiyac,Cum,Odedi
21,38700,0,273000,60,0.08,1,Aile yani,Tasit,Sal,Temerrut
38,51400,3,182000,60,0.54,1,Kira,Ihtiyac,Paz,Odedi
58,53700,30,470000,36,0.21,0,Ev sahibi,Ihtiyac,Cum,Odedi
39,26300,15,148000,36,0.23,1,Ev sahibi,Ihtiyac,Cum,Odedi
39,52900,10,181000,60,0.11,0,Kira,Tasit,Paz,Odedi
43,22400,12,256000,60,0.6,1,Kira,Egitim,Car,Odedi
47,31700,4,216000,48,0.4,0,Kira,Ihtiyac,Car,Odedi
21,68200,0,480000,12,0.41,2,Kira,Konut,Cum,Temerrut
21,49300,0,582000,24,0.22,1,Ev sahibi,Egitim,Paz,Temerrut
40,36600,13,196000,60,0.26,1,Ev sahibi,Konut,Cmt,Odedi
31,51300,1,585000,48,0.38,1,Kira,Konut,Cmt,Odedi
51,40900,20,360000,48,0.44,0,Aile yani,Tasit,Cmt,Odedi
35,42200,5,344000,36,0.18,1,Kira,Egitim,Pzt,Odedi
21,56400,0,223000,36,0.4,0,Aile yani,Ihtiyac,Per,Temerrut
25,30300,2,62000,36,0.33,0,Ev sahibi,Konut,Car,Odedi
21,42800,0,261000,48,0.33,1,Ev sahibi,Ihtiyac,Car,Odedi
36,36500,7,59000,24,0.63,1,Ev sahibi,Ihtiyac,Cmt,Odedi
36,20600,12,46000,36,0.1,2,Kira,Konut,Car,Temerrut
34,27800,8,215000,48,0.15,1,Aile yani,Konut,Cmt,Odedi
49,85100,4,775000,48,0.3,0,Ev sahibi,Konut,Paz,Odedi
50,49900,13,163000,24,0.24,4,Aile yani,Egitim,Per,Odedi
36,23200,5,213000,48,0.58,1,Kira,Konut,Sal,Odedi
21,21000,0,241000,12,0.46,2,Ev sahibi,Tasit,Cum,Temerrut
44,39900,14,371000,12,0.27,1,Kira,Egitim,Paz,Odedi
44,84800,2,826000,36,0.32,3,Ev sahibi,Ihtiyac,Car,Odedi
41,38600,12,342000,12,0.24,1,Ev sahibi,Ihtiyac,Sal,Odedi
48,75600,19,292000,60,0.15,0,Kira,Ihtiyac,Per,Odedi
26,49200,4,260000,60,0.22,0,Kira,Tasit,Paz,Odedi
58,51900,5,595000,12,0.33,3,Kira,Tasit,Per,Temerrut
28,23000,2,194000,48,0.24,0,Kira,Konut,Per,Odedi
45,64000,10,626000,36,0.28,1,Kira,Ihtiyac,Per,Odedi
21,36100,0,421000,48,0.58,0,Kira,Konut,Cmt,Temerrut
29,61900,3,243000,60,0.06,0,Kira,Tasit,Car,Odedi
53,29100,5,142000,36,0.02,1,Ev sahibi,Egitim,Cmt,Odedi
35,45500,3,376000,12,0.38,0,Ev sahibi,Ihtiyac,Paz,Odedi
46,49200,16,86000,12,0.46,1,Kira,Tasit,Cmt,Temerrut
40,39200,6,294000,36,0.13,1,Kira,Konut,Paz,Odedi
37,50400,11,504000,60,0.24,1,Ev sahibi,Tasit,Cmt,Odedi
52,37300,4,295000,36,0.26,0,Kira,Ihtiyac,Cmt,Odedi
36,31400,8,144000,24,0.22,0,Kira,Ihtiyac,Pzt,Odedi
21,86500,0,787000,12,0.14,1,Kira,Ihtiyac,Car,Temerrut
30,67300,7,204000,60,0.23,0,Aile yani,Tasit,Sal,Odedi
44,29800,17,325000,24,0.21,0,Kira,Tasit,Paz,Odedi
42,54200,8,139000,48,0.57,2,Aile yani,Tasit,Sal,Odedi
22,30100,1,318000,36,0.32,1,Kira,Konut,Paz,Odedi
31,24600,3,165000,24,0.3,4,Kira,Ihtiyac,Cum,Temerrut
32,66900,6,401000,12,0.29,0,Kira,Ihtiyac,Pzt,Temerrut
34,19500,2,132000,24,0.12,1,Ev sahibi,Konut,Cum,Odedi
24,63700,1,229000,24,0.26,0,Ev sahibi,Konut,Car,Odedi
32,37500,3,236000,48,0.17,1,Ev sahibi,Konut,Car,Odedi
31,38200,8,398000,48,0.4,0,Aile yani,Konut,Paz,Odedi
46,50500,11,500000,24,0.32,1,Ev sahibi,Egitim,Cmt,Odedi
46,54600,14,175000,36,0.11,1,Kira,Egitim,Cmt,Odedi
37,29000,6,249000,12,0.48,2,Ev sahibi,Tasit,Car,Odedi
34,58000,4,609000,24,0.16,1,Kira,Ihtiyac,Cum,Temerrut
39,44200,5,447000,48,0.22,0,Ev sahibi,Ihtiyac,Car,Odedi
30,23900,7,143000,48,0.46,2,Aile yani,Tasit,Cum,Temerrut
27,38900,4,78000,48,0.55,1,Kira,Ihtiyac,Car,Temerrut
29,78200,2,882000,12,0.41,0,Kira,Ihtiyac,Cum,Temerrut
32,89300,8,505000,36,0.56,2,Ev sahibi,Ihtiyac,Cmt,Temerrut
26,58000,2,307000,36,0.53,2,Kira,Egitim,Car,Temerrut
40,24600,2,233000,60,0.42,0,Kira,Ihtiyac,Pzt,Temerrut
45,52400,13,224000,36,0.36,1,Ev sahibi,Konut,Pzt,Odedi
22,61600,0,632000,60,0.38,0,Kira,Egitim,Paz,Temerrut
38,58200,5,134000,12,0.78,1,Kira,Tasit,Paz,Odedi
36,59800,10,555000,36,0.3,0,Ev sahibi,Ihtiyac,Cum,Odedi
41,49500,6,576000,48,0.13,2,Kira,Konut,Pzt,Odedi
38,40700,14,487000,24,0.13,1,Kira,Tasit,Cum,Odedi
23,31900,1,357000,36,0.36,0,Aile yani,Ihtiyac,Per,Temerrut
25,17900,3,191000,36,0.43,1,Kira,Tasit,Sal,Temerrut
38,48900,10,217000,60,0.06,3,Kira,Ihtiyac,Car,Temerrut
48,45700,21,532000,24,0.36,0,Aile yani,Konut,Cmt,Odedi
21,54000,0,607000,60,0.27,2,Kira,Egitim,Paz,Temerrut
41,23000,11,164000,36,0.5,1,Aile yani,Tasit,Paz,Temerrut
50,56100,15,321000,36,0.47,0,Ev sahibi,Egitim,Sal,Odedi
36,105900,12,280000,36,0.23,0,Ev sahibi,Ihtiyac,Per,Odedi
44,43500,5,335000,24,0.15,1,Kira,Konut,Per,Odedi
31,40900,6,362000,60,0.25,1,Kira,Konut,Car,Odedi
37,48300,11,277000,60,0.29,2,Aile yani,Ihtiyac,Per,Odedi
22,104800,0,604000,60,0.38,1,Kira,Egitim,Car,Temerrut
21,26500,0,199000,60,0.26,0,Ev sahibi,Egitim,Pzt,Odedi
47,46000,10,82000,36,0.09,1,Aile yani,Ihtiyac,Car,Odedi
28,29300,2,339000,36,0.36,2,Ev sahibi,Konut,Car,Temerrut
33,32800,7,149000,48,0.36,0,Kira,Ihtiyac,Car,Odedi
24,41100,1,122000,12,0.5,1,Ev sahibi,Ihtiyac,Cum,Temerrut
24,77000,0,120000,48,0.28,1,Ev sahibi,Ihtiyac,Cum,Temerrut
36,94500,2,992000,36,0.46,1,Kira,Tasit,Pzt,Odedi
31,51400,3,543000,36,0.36,0,Aile yani,Ihtiyac,Car,Temerrut
42,35500,15,89000,24,0.16,1,Kira,Ihtiyac,Pzt,Odedi
43,128900,18,399000,24,0.1,1,Aile yani,Egitim,Cmt,Odedi
41,34600,11,215000,12,0.2,0,Kira,Tasit,Paz,Temerrut
40,32500,4,112000,36,0.1,0,Kira,Konut,Per,Odedi
54,18900,17,174000,36,0.28,2,Ev sahibi,Ihtiyac,Paz,Temerrut
27,78700,5,166000,24,0.32,2,Kira,Ihtiyac,Cum,Temerrut
37,64900,11,472000,24,0.22,0,Kira,Konut,Paz,Odedi
49,124700,9,688000,36,0.66,0,Kira,Ihtiyac,Paz,Odedi
51,22500,6,144000,24,0.11,0,Aile yani,Tasit,Cum,Odedi
24,81000,2,483000,48,0.29,1,Kira,Egitim,Per,Odedi
35,43300,11,135000,12,0.37,0,Ev sahibi,Ihtiyac,Cmt,Odedi
52,60400,4,230000,36,0.11,1,Ev sahibi,Tasit,Sal,Odedi
43,20000,17,44000,24,0.55,2,Ev sahibi,Tasit,Car,Temerrut
40,81300,3,220000,36,0.7,1,Kira,Ihtiyac,Per,Temerrut
36,59800,2,704000,36,0.42,1,Kira,Konut,Sal,Odedi
34,41300,9,183000,36,0.08,2,Aile yani,Tasit,Per,Odedi
41,56100,11,265000,36,0.4,1,Ev sahibi,Ihtiyac,Cmt,Odedi
35,29800,6,84000,36,0.27,0,Aile yani,Ihtiyac,Cmt,Odedi
38,32400,14,306000,24,0.31,1,Ev sahibi,Tasit,Paz,Odedi
39,34100,14,382000,36,0.73,2,Aile yani,Tasit,Paz,Odedi
31,18200,1,178000,24,0.25,0,Aile yani,Egitim,Car,Odedi
43,61900,13,491000,36,0.46,0,Kira,Konut,Cum,Odedi
67,71800,33,721000,36,0.09,0,Aile yani,Ihtiyac,Car,Odedi
21,30600,0,176000,48,0.4,1,Kira,Egitim,Paz,Odedi
41,49100,18,517000,36,0.07,1,Kira,Konut,Sal,Odedi
30,37300,6,369000,24,0.23,0,Ev sahibi,Ihtiyac,Sal,Temerrut
44,48700,4,74000,24,0.46,0,Kira,Ihtiyac,Paz,Odedi
38,31700,4,210000,12,0.46,0,Kira,Ihtiyac,Sal,Temerrut
46,28200,19,121000,36,0.17,1,Ev sahibi,Ihtiyac,Cum,Odedi
50,67400,26,162000,48,0.32,1,Ev sahibi,Tasit,Car,Odedi
40,40800,3,424000,48,0.39,0,Aile yani,Ihtiyac,Sal,Odedi
49,104300,5,165000,36,0.46,0,Kira,Egitim,Cum,Odedi
21,42900,0,393000,24,0.32,0,Kira,Tasit,Cmt,Temerrut
54,27700,5,329000,48,0.46,0,Ev sahibi,Ihtiyac,Sal,Odedi
42,73000,3,479000,12,0.53,1,Ev sahibi,Egitim,Paz,Odedi
49,55800,23,301000,24,0.26,0,Aile yani,Tasit,Pzt,Odedi
26,58300,4,458000,48,0.24,1,Kira,Ihtiyac,Pzt,Odedi
30,71800,7,714000,24,0.2,3,Kira,Ihtiyac,Paz,Temerrut
39,31300,11,126000,12,0.24,0,Aile yani,Tasit,Pzt,Odedi
38,39700,6,164000,24,0.31,0,Kira,Tasit,Car,Odedi
41,38900,17,306000,36,0.21,1,Ev sahibi,Tasit,Pzt,Odedi
49,23500,9,267000,24,0.49,0,Kira,Konut,Sal,Temerrut
21,37300,0,173000,36,0.55,1,Kira,Tasit,Pzt,Temerrut
48,76600,22,418000,36,0.36,1,Aile yani,Konut,Car,Odedi
38,46700,11,557000,24,0.41,1,Kira,Konut,Car,Odedi
36,22900,12,77000,24,0.05,1,Kira,Tasit,Sal,Odedi
23,20900,0,48000,48,0.33,2,Ev sahibi,Ihtiyac,Cmt,Temerrut
43,88800,19,683000,24,0.18,1,Kira,Tasit,Pzt,Odedi
21,40300,0,71000,48,0.22,0,Kira,Ihtiyac,Per,Odedi
44,31400,15,107000,36,0.43,0,Ev sahibi,Tasit,Car,Odedi
23,37100,2,298000,12,0.42,1,Kira,Ihtiyac,Cum,Temerrut
39,21600,7,182000,36,0.3,2,Ev sahibi,Tasit,Car,Odedi
37,79700,11,547000,36,0.42,0,Kira,Ihtiyac,Per,Temerrut
50,35200,18,195000,36,0.14,1,Kira,Tasit,Cmt,Odedi
36,77700,11,587000,48,0.54,0,Kira,Ihtiyac,Sal,Temerrut
31,43000,8,355000,60,0.5,2,Aile yani,Egitim,Per,Temerrut
33,79900,8,794000,48,0.23,0,Kira,Ihtiyac,Per,Odedi
51,47100,5,463000,36,0.22,0,Aile yani,Konut,Cmt,Odedi
43,61700,5,523000,36,0.39,0,Kira,Tasit,Per,Odedi
34,58000,11,632000,36,0.28,0,Kira,Ihtiyac,Cmt,Temerrut
36,55600,13,573000,24,0.14,0,Ev sahibi,Konut,Cmt,Odedi
22,49100,1,142000,48,0.35,0,Kira,Egitim,Cmt,Odedi
42,37800,3,436000,48,0.14,0,Ev sahibi,Konut,Cum,Odedi
21,99400,0,1080000,24,0.29,2,Aile yani,Egitim,Paz,Temerrut
46,27900,18,136000,60,0.09,0,Aile yani,Ihtiyac,Pzt,Odedi
39,42100,13,72000,48,0.44,1,Ev sahibi,Egitim,Per,Odedi
62,42300,7,332000,36,0.28,1,Ev sahibi,Konut,Cmt,Odedi
27,50300,4,307000,60,0.35,1,Kira,Konut,Pzt,Odedi
37,34600,3,324000,12,0.55,1,Ev sahibi,Konut,Cmt,Odedi
56,48400,17,339000,12,0.51,1,Kira,Konut,Pzt,Odedi
50,38900,8,90000,24,0.43,0,Kira,Tasit,Cmt,Odedi
31,20600,1,84000,36,0.06,1,Ev sahibi,Tasit,Sal,Odedi
40,42200,3,454000,24,0.41,1,Kira,Ihtiyac,Cum,Temerrut
38,25600,14,49000,60,0.59,2,Ev sahibi,Tasit,Cmt,Temerrut
41,19200,14,177000,24,0.16,2,Kira,Ihtiyac,Cmt,Odedi
31,44700,8,204000,24,0.16,0,Kira,Konut,Cum,Odedi
37,52300,8,327000,36,0.29,0,Ev sahibi,Tasit,Paz,Odedi
22,53200,0,376000,12,0.21,0,Ev sahibi,Ihtiyac,Pzt,Temerrut
39,54200,7,224000,48,0.52,0,Aile yani,Ihtiyac,Sal,Temerrut
43,17600,13,147000,24,0.13,0,Kira,Ihtiyac,Pzt,Odedi
36,22800,6,200000,60,0.17,1,Kira,Tasit,Cmt,Odedi
22,102100,1,244000,36,0.06,1,Kira,Ihtiyac,Paz,Odedi
48,26200,20,142000,12,0.24,0,Kira,Ihtiyac,Paz,Odedi
42,55300,17,515000,12,0.14,1,Kira,Ihtiyac,Per,Odedi
31,30800,3,280000,12,0.2,2,Ev sahibi,Ihtiyac,Pzt,Temerrut
35,43500,7,314000,60,0.29,1,Kira,Ihtiyac,Sal,Odedi
23,31600,1,305000,36,0.65,0,Aile yani,Ihtiyac,Cum,Temerrut
28,54100,1,142000,36,0.35,1,Ev sahibi,Konut,Paz,Odedi
33,44700,8,123000,24,0.29,0,Ev sahibi,Konut,Paz,Odedi
50,34300,16,288000,48,0.31,0,Kira,Egitim,Cmt,Odedi
32,26200,7,230000,24,0.52,1,Kira,Ihtiyac,Paz,Temerrut
44,47400,4,476000,48,0.46,0,Kira,Ihtiyac,Per,Temerrut
33,24300,11,83000,48,0.56,2,Ev sahibi,Ihtiyac,Sal,Temerrut
40,50900,17,353000,24,0.2,0,Ev sahibi,Tasit,Per,Odedi
37,136900,8,1155000,36,0.23,0,Kira,Ihtiyac,Pzt,Odedi
47,77100,21,297000,24,0.16,0,Kira,Ihtiyac,Cum,Odedi
33,58000,4,402000,24,0.24,2,Aile yani,Tasit,Car,Odedi
22,40400,1,331000,60,0.22,1,Kira,Ihtiyac,Car,Odedi
24,17600,2,66000,36,0.41,0,Kira,Tasit,Pzt,Odedi
33,23200,9,126000,48,0.1,0,Kira,Tasit,Paz,Odedi
26,74800,4,282000,36,0.31,0,Kira,Konut,Car,Odedi
42,29400,10,323000,24,0.29,0,Kira,Ihtiyac,Cmt,Temerrut
33,30700,9,122000,48,0.41,0,Ev sahibi,Ihtiyac,Per,Odedi
62,39000,27,108000,36,0.21,0,Ev sahibi,Tasit,Cum,Odedi
21,26000,0,49000,24,0.48,0,Ev sahibi,Ihtiyac,Per,Temerrut
40,24200,4,48000,36,0.25,1,Kira,Ihtiyac,Cum,Temerrut
27,41100,4,144000,36,0.23,1,Kira,Tasit,Sal,Odedi
33,28100,7,222000,48,0.21,1,Ev sahibi,Ihtiyac,Paz,Odedi
39,30100,9,51000,24,0.12,1,Kira,Ihtiyac,Car,Odedi
21,29600,0,134000,48,0.1,0,Kira,Tasit,Pzt,Odedi
40,53100,12,112000,24,0.47,1,Kira,Konut,Paz,Temerrut
57,37800,15,217000,24,0.14,1,Ev sahibi,Ihtiyac,Pzt,Odedi
33,38800,5,78000,24,0.09,0,Kira,Tasit,Per,Odedi
41,54900,12,433000,48,0.33,1,Aile yani,Egitim,Cmt,Odedi
48,39400,19,344000,24,0.38,1,Kira,Ihtiyac,Car,Temerrut
36,37100,8,341000,36,0.16,0,Aile yani,Konut,Sal,Odedi
32,51900,6,200000,24,0.28,1,Kira,Ihtiyac,Sal,Odedi
21,56700,0,602000,36,0.29,0,Ev sahibi,Egitim,Cum,Odedi
44,39300,15,344000,48,0.55,1,Kira,Ihtiyac,Cum,Odedi
37,43600,12,91000,24,0.41,0,Aile yani,Ihtiyac,Per,Odedi
28,29500,1,181000,60,0.59,1,Kira,Egitim,Per,Odedi
39,28500,13,273000,12,0.19,0,Aile yani,Tasit,Car,Odedi
32,59400,6,283000,12,0.49,0,Ev sahibi,Ihtiyac,Paz,Odedi
33,51300,2,282000,36,0.29,0,Ev sahibi,Konut,Sal,Odedi
44,51600,15,419000,48,0.34,0,Kira,Egitim,Cmt,Odedi
25,47700,3,99000,24,0.06,1,Kira,Tasit,Cmt,Odedi
48,42900,14,500000,36,0.35,1,Aile yani,Ihtiyac,Pzt,Odedi
24,57500,2,192000,24,0.14,0,Aile yani,Ihtiyac,Sal,Odedi
31,64000,3,114000,36,0.1,2,Kira,Egitim,Per,Odedi
57,63300,9,98000,36,0.11,0,Kira,Ihtiyac,Sal,Odedi
49,40100,11,228000,60,0.11,1,Kira,Ihtiyac,Cmt,Odedi
39,78400,8,846000,36,0.36,0,Kira,Ihtiyac,Per,Odedi
29,46500,5,470000,36,0.49,1,Kira,Ihtiyac,Cmt,Odedi
33,55800,9,618000,36,0.52,1,Aile yani,Tasit,Pzt,Odedi
39,47700,12,339000,24,0.19,1,Kira,Ihtiyac,Pzt,Odedi
38,46900,4,291000,24,0.2,1,Aile yani,Ihtiyac,Cum,Odedi
37,30200,6,168000,60,0.12,1,Aile yani,Ihtiyac,Cmt,Odedi
38,57600,4,114000,24,0.39,0,Kira,Ihtiyac,Paz,Odedi
36,151100,10,1670000,48,0.28,1,Kira,Ihtiyac,Cmt,Odedi
24,35500,1,238000,12,0.54,0,Ev sahibi,Ihtiyac,Cmt,Odedi
33,43400,6,272000,48,0.33,0,Kira,Konut,Pzt,Odedi
47,34400,19,238000,24,0.14,0,Ev sahibi,Ihtiyac,Cum,Odedi
24,33700,2,332000,60,0.66,1,Ev sahibi,Ihtiyac,Cum,Odedi
36,84200,5,325000,36,0.53,0,Kira,Tasit,Car,Odedi
30,31000,3,278000,12,0.49,0,Aile yani,Konut,Paz,Odedi
39,33900,11,304000,36,0.58,1,Kira,Tasit,Paz,Odedi
34,20600,7,215000,36,0.12,0,Kira,Egitim,Cmt,Odedi
53,29900,6,48000,24,0.45,0,Aile yani,Ihtiyac,Paz,Odedi
43,19500,18,64000,24,0.56,2,Kira,Ihtiyac,Per,Odedi
25,55800,2,360000,48,0.27,0,Kira,Ihtiyac,Cmt,Temerrut
45,148000,11,1544000,48,0.43,1,Kira,Ihtiyac,Pzt,Temerrut
30,35600,2,414000,24,0.18,1,Kira,Egitim,Sal,Temerrut
32,19800,4,153000,48,0.46,3,Kira,Tasit,Cum,Temerrut
41,63000,7,235000,24,0.6,2,Ev sahibi,Konut,Pzt,Temerrut
33,30300,4,104000,12,0.24,0,Kira,Egitim,Cmt,Odedi
47,75400,14,619000,36,0.15,2,Ev sahibi,Konut,Sal,Odedi
30,37000,4,137000,12,0.12,0,Kira,Ihtiyac,Car,Odedi
32,31600,9,231000,24,0.39,1,Kira,Konut,Sal,Temerrut
31,38800,9,398000,36,0.16,0,Aile yani,Ihtiyac,Per,Odedi
32,59100,3,331000,24,0.34,1,Ev sahibi,Ihtiyac,Pzt,Odedi
49,37900,5,207000,24,0.16,1,Ev sahibi,Tasit,Cmt,Odedi
44,33600,17,63000,48,0.43,0,Kira,Egitim,Paz,Odedi
55,38400,30,160000,36,0.3,1,Ev sahibi,Konut,Cmt,Odedi
61,23700,32,209000,48,0.31,4,Aile yani,Ihtiyac,Sal,Temerrut
28,50200,1,265000,36,0.05,1,Aile yani,Konut,Car,Odedi
39,18800,5,59000,36,0.25,0,Ev sahibi,Tasit,Sal,Odedi
26,34400,1,90000,24,0.41,1,Kira,Tasit,Cum,Temerrut
30,59100,7,148000,48,0.23,1,Kira,Ihtiyac,Paz,Odedi
32,48100,6,405000,24,0.26,1,Kira,Ihtiyac,Paz,Odedi
27,54800,3,435000,24,0.11,2,Kira,Ihtiyac,Paz,Temerrut
27,40800,3,283000,48,0.38,0,Kira,Konut,Cum,Odedi
37,71100,5,480000,48,0.27,0,Kira,Egitim,Sal,Odedi
26,63700,3,198000,36,0.08,1,Kira,Ihtiyac,Car,Odedi
46,51300,3,347000,12,0.28,1,Ev sahibi,Ihtiyac,Car,Odedi
29,63800,5,136000,12,0.36,0,Ev sahibi,Ihtiyac,Pzt,Odedi
66,58900,31,661000,36,0.26,2,Ev sahibi,Konut,Cmt,Odedi
33,34500,8,73000,48,0.25,0,Kira,Tasit,Cum,Odedi
39,22900,7,136000,36,0.34,0,Ev sahibi,Tasit,Paz,Odedi
25,50700,3,76000,12,0.2,2,Aile yani,Ihtiyac,Cmt,Temerrut
55,53700,23,524000,24,0.33,2,Kira,Ihtiyac,Cum,Temerrut
49,68600,6,223000,36,0.54,0,Aile yani,Egitim,Pzt,Odedi
41,27600,5,309000,36,0.37,0,Kira,Tasit,Per,Temerrut
25,27900,2,55000,12,0.2,2,Ev sahibi,Ihtiyac,Per,Odedi
40,51700,6,523000,12,0.28,1,Ev sahibi,Ihtiyac,Cum,Odedi
27,40700,1,342000,24,0.26,0,Ev sahibi,Ihtiyac,Per,Temerrut
53,18000,7,74000,12,0.33,2,Aile yani,Ihtiyac,Cmt,Temerrut
46,49700,6,180000,36,0.11,0,Kira,Ihtiyac,Pzt,Odedi
39,18200,9,96000,12,0.16,2,Ev sahibi,Konut,Pzt,Temerrut
21,27400,0,279000,36,0.25,0,Aile yani,Ihtiyac,Paz,Temerrut
28,77200,2,815000,48,0.59,0,Ev sahibi,Ihtiyac,Per,Odedi
45,95500,16,319000,60,0.22,0,Kira,Tasit,Cmt,Odedi
50,24300,9,127000,60,0.59,0,Kira,Ihtiyac,Paz,Temerrut
49,36200,10,145000,24,0.29,2,Aile yani,Tasit,Pzt,Odedi
22,42800,0,119000,12,0.1,0,Ev sahibi,Konut,Cum,Odedi
41,93600,15,776000,24,0.33,0,Aile yani,Ihtiyac,Sal,Odedi
48,33600,23,172000,48,0.38,1,Kira,Konut,Sal,Odedi
21,33900,0,131000,12,0.35,0,Ev sahibi,Ihtiyac,Sal,Temerrut
38,84300,2,893000,24,0.23,0,Ev sahibi,Ihtiyac,Cmt,Odedi
41,35500,6,332000,24,0.21,0,Aile yani,Ihtiyac,Pzt,Odedi
35,58100,3,559000,24,0.29,0,Ev sahibi,Tasit,Cum,Odedi
21,21600,0,41000,48,0.06,0,Kira,Ihtiyac,Car,Odedi
35,38900,2,432000,36,0.15,1,Ev sahibi,Konut,Sal,Odedi
35,19900,12,150000,36,0.52,1,Ev sahibi,Ihtiyac,Sal,Temerrut
37,26100,9,177000,60,0.27,1,Kira,Tasit,Car,Odedi
32,61300,6,99000,12,0.35,0,Kira,Ihtiyac,Car,Odedi
34,41100,10,449000,12,0.26,0,Aile yani,Ihtiyac,Car,Odedi
38,36400,2,262000,24,0.06,1,Kira,Tasit,Per,Odedi
42,30000,15,305000,36,0.19,0,Kira,Ihtiyac,Paz,Odedi
35,38000,3,319000,36,0.5,0,Ev sahibi,Ihtiyac,Per,Temerrut
34,48100,10,475000,12,0.07,3,Aile yani,Tasit,Sal,Temerrut
39,65400,9,574000,60,0.73,2,Ev sahibi,Konut,Cum,Odedi
21,17000,0,190000,24,0.45,1,Kira,Konut,Cmt,Temerrut
43,28900,17,112000,24,0.35,3,Kira,Ihtiyac,Cum,Odedi
38,45100,2,163000,36,0.39,1,Kira,Ihtiyac,Per,Odedi
38,40200,4,361000,60,0.27,1,Kira,Ihtiyac,Cum,Odedi
48,50400,20,341000,36,0.55,2,Ev sahibi,Ihtiyac,Paz,Temerrut
21,47400,0,369000,60,0.43,2,Kira,Ihtiyac,Pzt,Temerrut
21,36600,0,327000,24,0.06,0,Kira,Ihtiyac,Paz,Temerrut
41,33100,12,240000,36,0.23,0,Aile yani,Ihtiyac,Paz,Odedi
38,37600,10,367000,48,0.27,1,Kira,Tasit,Paz,Odedi
40,70400,6,341000,36,0.25,0,Kira,Ihtiyac,Per,Odedi
33,30200,2,318000,24,0.5,0,Kira,Ihtiyac,Cmt,Temerrut
45,40800,21,107000,60,0.16,0,Kira,Ihtiyac,Pzt,Odedi
47,45600,5,372000,12,0.15,0,Kira,Ihtiyac,Car,Temerrut
43,84800,12,920000,36,0.55,1,Aile yani,Konut,Paz,Odedi
35,36700,4,152000,48,0.15,2,Aile yani,Ihtiyac,Sal,Odedi
21,64700,0,319000,60,0.26,0,Ev sahibi,Ihtiyac,Cmt,Odedi
46,73100,14,344000,60,0.12,1,Ev sahibi,Konut,Car,Odedi
50,40800,21,303000,60,0.38,1,Kira,Ihtiyac,Cum,Odedi
44,38200,17,223000,12,0.35,0,Aile yani,Ihtiyac,Cum,Odedi
29,36200,6,95000,60,0.18,1,Kira,Konut,Paz,Odedi
45,37400,8,406000,36,0.22,4,Kira,Tasit,Car,Temerrut
47,61700,12,225000,36,0.23,0,Kira,Egitim,Cmt,Odedi
54,46600,4,331000,24,0.23,0,Ev sahibi,Konut,Per,Odedi
29,46700,6,362000,48,0.41,1,Kira,Tasit,Car,Temerrut
36,25300,5,49000,36,0.13,1,Kira,Ihtiyac,Pzt,Odedi
45,27200,13,68000,48,0.34,0,Kira,Tasit,Pzt,Odedi
39,110200,4,1290000,24,0.03,3,Kira,Ihtiyac,Cmt,Odedi
27,38800,5,329000,24,0.41,0,Kira,Tasit,Pzt,Odedi
42,29600,16,55000,36,0.28,2,Ev sahibi,Egitim,Pzt,Odedi
44,80000,18,787000,12,0.08,1,Kira,Ihtiyac,Sal,Odedi
39,47700,2,326000,36,0.24,1,Ev sahibi,Konut,Car,Odedi
40,54500,17,125000,24,0.22,1,Kira,Tasit,Sal,Odedi
35,39500,4,342000,36,0.31,2,Kira,Ihtiyac,Cum,Temerrut
53,36400,11,245000,12,0.03,0,Ev sahibi,Konut,Cmt,Odedi
29,38900,2,142000,24,0.52,1,Ev sahibi,Tasit,Per,Odedi
32,22500,3,241000,36,0.18,1,Kira,Ihtiyac,Cum,Odedi
38,40400,9,184000,24,0.09,0,Ev sahibi,Tasit,Paz,Odedi
47,48000,8,215000,24,0.21,1,Ev sahibi,Ihtiyac,Paz,Odedi
23,96600,1,422000,24,0.22,2,Kira,Ihtiyac,Cum,Odedi
25,43700,2,418000,24,0.16,0,Ev sahibi,Tasit,Pzt,Odedi
21,17000,0,152000,36,0.16,0,Kira,Egitim,Cmt,Odedi
38,40300,11,443000,24,0.06,1,Aile yani,Tasit,Cmt,Odedi
27,144100,3,563000,24,0.35,1,Kira,Konut,Car,Odedi
34,62000,3,605000,36,0.07,0,Aile yani,Konut,Sal,Odedi
45,29200,18,219000,36,0.21,0,Ev sahibi,Ihtiyac,Pzt,Odedi
32,54800,1,260000,36,0.47,2,Ev sahibi,Konut,Sal,Temerrut
40,30100,6,56000,24,0.16,0,Kira,Konut,Cmt,Odedi
35,22800,2,230000,60,0.33,0,Ev sahibi,Ihtiyac,Paz,Odedi
45,35900,15,145000,36,0.2,1,Kira,Ihtiyac,Sal,Odedi
43,43800,9,356000,24,0.37,2,Kira,Konut,Car,Odedi
31,18100,6,131000,60,0.37,1,Kira,Egitim,Cmt,Odedi
36,25000,6,39000,36,0.39,1,Ev sahibi,Egitim,Pzt,Odedi
48,42200,13,504000,36,0.5,2,Ev sahibi,Tasit,Paz,Odedi
42,35000,10,352000,60,0.14,3,Aile yani,Konut,Pzt,Temerrut
24,50200,0,332000,12,0.24,3,Kira,Tasit,Sal,Temerrut
45,24300,11,210000,48,0.36,2,Aile yani,Konut,Pzt,Odedi
27,57900,4,377000,36,0.08,1,Aile yani,Tasit,Cmt,Odedi
52,24700,17,230000,24,0.23,1,Aile yani,Egitim,Car,Odedi
48,88000,4,256000,24,0.16,0,Ev sahibi,Egitim,Per,Odedi
41,19400,13,120000,12,0.66,0,Kira,Ihtiyac,Per,Odedi
40,25700,7,129000,60,0.71,0,Aile yani,Egitim,Car,Odedi
36,50700,2,321000,12,0.12,0,Ev sahibi,Tasit,Cmt,Odedi
45,88800,5,553000,24,0.42,0,Ev sahibi,Ihtiyac,Per,Temerrut
34,48400,6,145000,36,0.21,0,Kira,Ihtiyac,Cmt,Odedi
40,54100,7,636000,48,0.53,1,Kira,Tasit,Cum,Odedi
47,42300,17,70000,24,0.33,0,Kira,Ihtiyac,Cum,Odedi
32,26500,3,43000,48,0.3,0,Ev sahibi,Ihtiyac,Paz,Odedi
32,33700,8,183000,36,0.25,0,Kira,Tasit,Per,Odedi
26,24300,2,195000,48,0.16,0,Aile yani,Ihtiyac,Car,Odedi
27,23600,4,80000,12,0.31,2,Kira,Ihtiyac,Cmt,Temerrut
21,50300,0,357000,12,0.49,1,Kira,Konut,Cum,Temerrut
45,25300,10,230000,36,0.24,2,Kira,Ihtiyac,Per,Odedi
56,48500,5,121000,24,0.39,0,Kira,Tasit,Car,Odedi
52,23400,16,277000,36,0.55,1,Kira,Ihtiyac,Paz,Temerrut
22,48000,1,242000,12,0.59,0,Ev sahibi,Konut,Sal,Odedi
45,33700,21,278000,48,0.29,1,Aile yani,Ihtiyac,Pzt,Odedi
52,79100,9,211000,60,0.12,0,Kira,Konut,Cum,Odedi
33,48600,8,435000,48,0.6,1,Kira,Konut,Pzt,Temerrut
39,73200,7,756000,60,0.33,0,Ev sahibi,Konut,Cmt,Odedi
21,29900,0,78000,60,0.22,1,Kira,Tasit,Cmt,Temerrut
41,43100,13,122000,36,0.19,1,Ev sahibi,Tasit,Cmt,Odedi
27,27000,3,120000,24,0.06,2,Ev sahibi,Ihtiyac,Sal,Odedi
40,34900,10,57000,60,0.4,0,Aile yani,Tasit,Paz,Odedi
22,37300,1,442000,60,0.18,1,Kira,Tasit,Pzt,Temerrut
43,30300,8,236000,60,0.22,1,Aile yani,Tasit,Pzt,Odedi
48,24300,17,191000,48,0.27,0,Aile yani,Ihtiyac,Car,Odedi
30,22200,4,257000,24,0.6,1,Kira,Tasit,Per,Temerrut
27,17000,1,174000,60,0.41,0,Ev sahibi,Tasit,Cum,Odedi
21,26100,0,262000,60,0.4,0,Kira,Tasit,Car,Temerrut
35,55700,12,282000,36,0.42,2,Kira,Tasit,Paz,Odedi
32,20500,5,103000,48,0.29,0,Aile yani,Ihtiyac,Cmt,Odedi
22,22700,0,104000,36,0.13,0,Kira,Tasit,Sal,Temerrut
43,94000,14,483000,60,0.18,0,Kira,Ihtiyac,Pzt,Odedi
34,31500,11,169000,12,0.48,0,Kira,Konut,Cum,Odedi
27,48500,5,144000,48,0.3,1,Ev sahibi,Konut,Sal,Odedi
32,56100,6,294000,12,0.2,0,Aile yani,Ihtiyac,Sal,Odedi
49,56600,11,350000,24,0.62,0,Ev sahibi,Ihtiyac,Cmt,Temerrut
44,21200,13,101000,12,0.42,0,Ev sahibi,Tasit,Sal,Odedi
37,37900,12,123000,36,0.37,1,Kira,Konut,Car,Odedi
44,20300,18,110000,24,0.32,0,Ev sahibi,Ihtiyac,Paz,Odedi
26,126300,4,827000,60,0.22,1,Kira,Ihtiyac,Cum,Odedi
38,20500,8,186000,36,0.32,2,Kira,Ihtiyac,Cum,Temerrut
39,26200,4,235000,60,0.25,0,Ev sahibi,Konut,Paz,Odedi
33,26300,7,95000,24,0.25,1,Aile yani,Ihtiyac,Cmt,Odedi
42,21400,5,40000,12,0.06,0,Ev sahibi,Konut,Per,Odedi
30,77200,1,362000,48,0.49,1,Ev sahibi,Tasit,Cum,Odedi
43,124900,11,393000,48,0.37,1,Kira,Konut,Per,Odedi
44,33900,14,192000,36,0.33,0,Kira,Egitim,Car,Odedi
21,23200,0,273000,48,0.38,0,Ev sahibi,Tasit,Paz,Temerrut
50,17000,21,58000,48,0.62,0,Ev sahibi,Tasit,Cum,Odedi
21,37600,0,182000,36,0.25,1,Ev sahibi,Konut,Cmt,Odedi
32,36400,8,332000,60,0.13,0,Ev sahibi,Konut,Car,Odedi
48,31300,18,214000,48,0.47,0,Kira,Tasit,Sal,Temerrut
35,46400,2,91000,36,0.29,0,Kira,Ihtiyac,Pzt,Odedi
23,50200,1,161000,24,0.29,0,Kira,Egitim,Cmt,Odedi
27,48600,1,550000,12,0.07,1,Ev sahibi,Ihtiyac,Per,Temerrut
48,36400,4,94000,24,0.41,1,Aile yani,Egitim,Per,Odedi
21,25600,0,209000,48,0.23,0,Ev sahibi,Ihtiyac,Pzt,Odedi
49,56700,21,557000,48,0.48,2,Ev sahibi,Tasit,Cmt,Odedi
37,42200,11,181000,24,0.26,0,Ev sahibi,Egitim,Sal,Odedi
26,62600,4,570000,36,0.33,1,Kira,Tasit,Cum,Odedi
32,59900,10,197000,24,0.12,0,Kira,Tasit,Car,Odedi
28,22200,6,100000,24,0.17,0,Kira,Ihtiyac,Sal,Odedi
47,22000,5,105000,60,0.5,0,Aile yani,Ihtiyac,Sal,Temerrut
45,29900,19,358000,36,0.29,1,Kira,Ihtiyac,Cmt,Odedi
21,26100,0,98000,24,0.41,0,Ev sahibi,Tasit,Pzt,Temerrut
34,59000,10,169000,36,0.07,0,Kira,Ihtiyac,Pzt,Odedi
29,49200,2,552000,24,0.27,0,Ev sahibi,Ihtiyac,Car,Odedi
51,68900,6,220000,48,0.27,2,Kira,Ihtiyac,Paz,Odedi
24,50200,3,539000,60,0.15,1,Aile yani,Egitim,Cum,Odedi
54,46100,8,384000,36,0.2,1,Kira,Konut,Cmt,Odedi
38,72100,7,545000,36,0.13,0,Aile yani,Ihtiyac,Sal,Odedi
26,51900,2,487000,24,0.27,0,Ev sahibi,Egitim,Paz,Odedi
31,43300,2,395000,36,0.27,1,Kira,Tasit,Pzt,Odedi
30,81800,1,218000,24,0.25,0,Ev sahibi,Ihtiyac,Pzt,Odedi
25,44200,4,530000,12,0.31,2,Ev sahibi,Ihtiyac,Per,Temerrut
39,36600,14,417000,48,0.17,0,Kira,Konut,Per,Odedi
26,28800,4,314000,36,0.38,1,Ev sahibi,Ihtiyac,Car,Odedi
21,57600,0,463000,36,0.22,0,Ev sahibi,Ihtiyac,Sal,Odedi
34,73300,4,512000,12,0.18,0,Ev sahibi,Egitim,Car,Odedi
21,41100,0,293000,48,0.33,0,Ev sahibi,Konut,Car,Odedi
30,75700,4,125000,24,0.3,2,Ev sahibi,Konut,Cum,Odedi
29,17300,1,117000,36,0.47,2,Kira,Konut,Car,Temerrut
29,41000,6,330000,48,0.28,0,Kira,Tasit,Sal,Odedi
58,41200,33,347000,36,0.23,0,Kira,Ihtiyac,Cum,Odedi
39,30300,9,151000,60,0.1,1,Ev sahibi,Konut,Cum,Odedi
40,122800,8,792000,24,0.22,0,Kira,Ihtiyac,Per,Odedi
21,40800,0,334000,48,0.51,0,Kira,Ihtiyac,Pzt,Temerrut
31,35000,2,210000,60,0.3,0,Ev sahibi,Egitim,Paz,Odedi
40,42500,6,493000,36,0.31,0,Kira,Ihtiyac,Per,Temerrut
28,17100,4,152000,36,0.36,0,Kira,Ihtiyac,Sal,Temerrut
47,29800,12,45000,24,0.27,0,Aile yani,Ihtiyac,Cmt,Odedi
26,65400,3,114000,48,0.32,0,Ev sahibi,Konut,Car,Odedi
35,31600,11,276000,60,0.08,2,Ev sahibi,Egitim,Sal,Odedi
32,28900,3,169000,48,0.17,0,Kira,Ihtiyac,Cum,Temerrut
40,75700,2,781000,60,0.24,0,Ev sahibi,Ihtiyac,Pzt,Odedi
32,76800,1,255000,36,0.59,0,Aile yani,Konut,Sal,Odedi
35,53000,3,87000,36,0.24,1,Kira,Tasit,Cum,Odedi
36,34200,8,191000,24,0.2,1,Kira,Ihtiyac,Cmt,Odedi
31,37700,7,348000,48,0.27,4,Kira,Ihtiyac,Paz,Temerrut
43,29200,18,342000,60,0.32,0,Aile yani,Tasit,Cum,Odedi
40,26800,12,289000,36,0.39,1,Kira,Ihtiyac,Sal,Temerrut
37,26300,7,173000,24,0.22,1,Ev sahibi,Konut,Cum,Odedi
34,31800,3,319000,36,0.26,1,Ev sahibi,Ihtiyac,Cmt,Odedi
46,26400,11,59000,48,0.1,0,Aile yani,Konut,Cum,Odedi
36,20800,5,156000,60,0.3,1,Kira,Tasit,Cmt,Odedi
35,46400,11,520000,24,0.3,0,Ev sahibi,Tasit,Cmt,Temerrut
39,46700,9,264000,12,0.18,1,Aile yani,Konut,Per,Odedi
55,90300,10,1046000,36,0.24,1,Kira,Ihtiyac,Paz,Temerrut
25,31100,1,119000,12,0.55,0,Ev sahibi,Ihtiyac,Cum,Odedi
46,48000,5,125000,60,0.15,2,Kira,Tasit,Pzt,Odedi
21,48300,0,339000,36,0.39,3,Kira,Konut,Sal,Temerrut
40,37500,3,413000,36,0.32,0,Kira,Konut,Per,Odedi
54,58700,4,280000,24,0.58,1,Kira,Ihtiyac,Per,Odedi
43,59500,5,589000,36,0.31,0,Kira,Konut,Cmt,Temerrut
40,48700,14,160000,60,0.1,0,Ev sahibi,Ihtiyac,Cum,Odedi
32,37400,6,349000,36,0.5,0,Kira,Ihtiyac,Pzt,Odedi
38,35800,10,263000,12,0.36,1,Kira,Ihtiyac,Per,Temerrut
35,22700,5,76000,24,0.47,0,Ev sahibi,Egitim,Per,Temerrut
30,29200,1,264000,60,0.22,0,Aile yani,Tasit,Paz,Odedi
35,31700,11,285000,60,0.17,1,Kira,Tasit,Cum,Odedi
40,25300,5,175000,24,0.66,0,Kira,Konut,Sal,Odedi
30,51200,1,198000,36,0.29,3,Kira,Ihtiyac,Sal,Odedi
30,72000,5,208000,12,0.8,1,Aile yani,Ihtiyac,Car,Odedi
24,27900,0,322000,36,0.23,1,Aile yani,Ihtiyac,Car,Temerrut
42,47700,4,400000,12,0.42,2,Kira,Ihtiyac,Pzt,Temerrut
43,26400,16,264000,48,0.33,0,Kira,Tasit,Cmt,Odedi
40,36600,9,323000,60,0.28,0,Ev sahibi,Ihtiyac,Pzt,Odedi
48,30800,8,314000,24,0.17,1,Ev sahibi,Konut,Pzt,Odedi
39,55100,7,177000,36,0.16,1,Kira,Konut,Pzt,Odedi
42,30900,14,208000,12,0.43,1,Kira,Egitim,Pzt,Odedi
41,66200,3,563000,24,0.53,1,Kira,Ihtiyac,Per,Temerrut
37,37600,3,97000,12,0.3,1,Ev sahibi,Tasit,Cmt,Odedi
33,31400,7,97000,24,0.35,1,Aile yani,Ihtiyac,Paz,Odedi
60,23900,23,195000,60,0.48,0,Kira,Ihtiyac,Cmt,Odedi
